[genus 2] Lutz file: 865 triangulations (pinned)   [0s]
  g2 #1: colorings 0 closed 1060 {'transport': 972, 'cocycle': 88} image {'3': 14, '4': 88, '12': 958} one-floor failures 958 checks {'realized_at_12': 958, 'realized_at_3': 14}   [4s]
  g2 #2: colorings 0 closed 1076 {'transport': 984, 'cocycle': 92} image {'3': 20, '4': 92, '12': 964} one-floor failures 964 checks {'realized_at_12': 964, 'realized_at_3': 20}   [8s]
  g2 #3: colorings 0 closed 1092 {'transport': 996, 'cocycle': 96} image {'3': 20, '4': 96, '12': 976} one-floor failures 976 checks {'realized_at_12': 976, 'realized_at_3': 20}   [12s]
  g2 #4: colorings 0 closed 1036 {'transport': 984, 'cocycle': 52} image {'3': 10, '4': 52, '12': 974} one-floor failures 974 checks {'realized_at_12': 974, 'realized_at_3': 10}   [16s]
  g2 #5: colorings 0 closed 1008 {'transport': 940, 'cocycle': 68} image {'3': 8, '4': 68, '12': 932} one-floor failures 932 checks {'realized_at_12': 932, 'realized_at_3': 8}   [20s]
  g2 #6: colorings 0 closed 872 {'transport': 834, 'cocycle': 38} image {'3': 6, '4': 38, '12': 828} one-floor failures 828 checks {'realized_at_12': 828, 'realized_at_3': 6}   [23s]
  g2 #7: colorings 0 closed 944 {'transport': 906, 'cocycle': 38} image {'3': 14, '4': 38, '12': 892} one-floor failures 892 checks {'realized_at_3': 14, 'realized_at_12': 892}   [27s]
  g2 #8: colorings 0 closed 948 {'transport': 872, 'cocycle': 76} image {'3': 14, '4': 76, '12': 858} one-floor failures 858 checks {'realized_at_12': 858, 'realized_at_3': 14}   [30s]
  g2 #9: colorings 0 closed 912 {'cocycle': 44, 'transport': 868} image {'3': 6, '4': 44, '12': 862} one-floor failures 862 checks {'realized_at_12': 862, 'realized_at_3': 6}   [34s]
  g2 #10: colorings 0 closed 940 {'transport': 890, 'cocycle': 50} image {'3': 4, '4': 50, '12': 886} one-floor failures 886 checks {'realized_at_12': 886, 'realized_at_3': 4}   [38s]
  g2 #11: colorings 0 closed 936 {'transport': 888, 'cocycle': 48} image {'3': 16, '4': 48, '12': 872} one-floor failures 872 checks {'realized_at_12': 872, 'realized_at_3': 16}   [41s]
  g2 #12: colorings 0 closed 968 {'transport': 930, 'cocycle': 38} image {'3': 10, '4': 38, '12': 920} one-floor failures 920 checks {'realized_at_12': 920, 'realized_at_3': 10}   [45s]
  g2 #13: colorings 0 closed 872 {'transport': 832, 'cocycle': 40} image {'3': 6, '4': 40, '12': 826} one-floor failures 826 checks {'realized_at_12': 826, 'realized_at_3': 6}   [48s]
  g2 #14: colorings 0 closed 1052 {'transport': 986, 'cocycle': 66} image {'3': 14, '4': 66, '12': 972} one-floor failures 972 checks {'realized_at_12': 972, 'realized_at_3': 14}   [52s]
  g2 #15: colorings 0 closed 908 {'transport': 858, 'cocycle': 50} image {'3': 8, '4': 50, '12': 850} one-floor failures 850 checks {'realized_at_12': 850, 'realized_at_3': 8}   [56s]
  g2 #16: colorings 0 closed 1016 {'transport': 964, 'cocycle': 52} image {'3': 10, '4': 52, '12': 954} one-floor failures 954 checks {'realized_at_12': 954, 'realized_at_3': 10}   [60s]
  g2 #17: colorings 0 closed 976 {'cocycle': 48, 'transport': 928} image {'3': 4, '4': 48, '12': 924} one-floor failures 924 checks {'realized_at_12': 924, 'realized_at_3': 4}   [63s]
  g2 #18: colorings 0 closed 920 {'transport': 870, 'cocycle': 50} image {'3': 12, '4': 50, '12': 858} one-floor failures 858 checks {'realized_at_12': 858, 'realized_at_3': 12}   [67s]
  g2 #19: colorings 0 closed 948 {'transport': 894, 'cocycle': 54} image {'3': 8, '4': 54, '12': 886} one-floor failures 886 checks {'realized_at_12': 886, 'realized_at_3': 8}   [71s]
  g2 #20: colorings 0 closed 872 {'transport': 830, 'cocycle': 42} image {'3': 8, '4': 42, '12': 822} one-floor failures 822 checks {'realized_at_12': 822, 'realized_at_3': 8}   [74s]
  g2 #21: colorings 0 closed 1008 {'transport': 954, 'cocycle': 54} image {'3': 12, '4': 54, '12': 942} one-floor failures 942 checks {'realized_at_12': 942, 'realized_at_3': 12}   [78s]
  g2 #22: colorings 0 closed 964 {'transport': 916, 'cocycle': 48} image {'3': 10, '4': 48, '12': 906} one-floor failures 906 checks {'realized_at_12': 906, 'realized_at_3': 10}   [82s]
  g2 #23: colorings 0 closed 900 {'transport': 838, 'cocycle': 62} image {'3': 12, '4': 62, '12': 826} one-floor failures 826 checks {'realized_at_12': 826, 'realized_at_3': 12}   [85s]
  g2 #24: colorings 0 closed 932 {'transport': 864, 'cocycle': 68} image {'3': 14, '4': 68, '12': 850} one-floor failures 850 checks {'realized_at_12': 850, 'realized_at_3': 14}   [88s]
  g2 #25: colorings 0 closed 876 {'transport': 836, 'cocycle': 40} image {'3': 6, '4': 40, '12': 830} one-floor failures 830 checks {'realized_at_12': 830, 'realized_at_3': 6}   [92s]
  g2 #26: colorings 0 closed 904 {'cocycle': 26, 'transport': 878} image {'3': 6, '4': 26, '12': 872} one-floor failures 872 checks {'realized_at_12': 872, 'realized_at_3': 6}   [96s]
  g2 #27: colorings 0 closed 984 {'transport': 932, 'cocycle': 52} image {'3': 12, '4': 52, '12': 920} one-floor failures 920 checks {'realized_at_12': 920, 'realized_at_3': 12}   [99s]
  g2 #28: colorings 0 closed 948 {'transport': 872, 'cocycle': 76} image {'3': 14, '4': 76, '12': 858} one-floor failures 858 checks {'realized_at_12': 858, 'realized_at_3': 14}   [103s]
  g2 #29: colorings 0 closed 924 {'transport': 892, 'cocycle': 32} image {'3': 8, '4': 32, '12': 884} one-floor failures 884 checks {'realized_at_12': 884, 'realized_at_3': 8}   [107s]
  g2 #30: colorings 0 closed 932 {'transport': 864, 'cocycle': 68} image {'3': 14, '4': 68, '12': 850} one-floor failures 850 checks {'realized_at_12': 850, 'realized_at_3': 14}   [110s]
  g2 #31: colorings 0 closed 900 {'transport': 848, 'cocycle': 52} image {'3': 10, '4': 52, '12': 838} one-floor failures 838 checks {'realized_at_12': 838, 'realized_at_3': 10}   [114s]
  g2 #32: colorings 0 closed 1032 {'transport': 978, 'cocycle': 54} image {'3': 10, '4': 54, '12': 968} one-floor failures 968 checks {'realized_at_12': 968, 'realized_at_3': 10}   [118s]
  g2 #33: colorings 0 closed 1024 {'transport': 988, 'cocycle': 36} image {'3': 6, '4': 36, '12': 982} one-floor failures 982 checks {'realized_at_12': 982, 'realized_at_3': 6}   [121s]
  g2 #34: colorings 0 closed 884 {'transport': 844, 'cocycle': 40} image {'3': 16, '4': 40, '12': 828} one-floor failures 828 checks {'realized_at_12': 828, 'realized_at_3': 16}   [125s]
  g2 #35: colorings 0 closed 992 {'transport': 938, 'cocycle': 54} image {'3': 12, '4': 54, '12': 926} one-floor failures 926 checks {'realized_at_12': 926, 'realized_at_3': 12}   [129s]
  g2 #36: colorings 0 closed 940 {'transport': 892, 'cocycle': 48} image {'3': 12, '4': 48, '12': 880} one-floor failures 880 checks {'realized_at_12': 880, 'realized_at_3': 12}   [132s]
  g2 #37: colorings 0 closed 960 {'transport': 916, 'cocycle': 44} image {'3': 18, '4': 44, '12': 898} one-floor failures 898 checks {'realized_at_12': 898, 'realized_at_3': 18}   [136s]
  g2 #38: colorings 0 closed 904 {'transport': 862, 'cocycle': 42} image {'3': 8, '4': 42, '12': 854} one-floor failures 854 checks {'realized_at_12': 854, 'realized_at_3': 8}   [139s]
  g2 #39: colorings 0 closed 1016 {'transport': 962, 'cocycle': 54} image {'3': 10, '4': 54, '12': 952} one-floor failures 952 checks {'realized_at_12': 952, 'realized_at_3': 10}   [143s]
  g2 #40: colorings 0 closed 984 {'transport': 920, 'cocycle': 64} image {'3': 12, '4': 64, '12': 908} one-floor failures 908 checks {'realized_at_12': 908, 'realized_at_3': 12}   [147s]
  g2 #41: colorings 0 closed 1024 {'cocycle': 64, 'transport': 960} image {'3': 14, '4': 64, '12': 946} one-floor failures 946 checks {'realized_at_12': 946, 'realized_at_3': 14}   [151s]
  g2 #42: colorings 0 closed 984 {'transport': 940, 'cocycle': 44} image {'3': 4, '4': 44, '12': 936} one-floor failures 936 checks {'realized_at_12': 936, 'realized_at_3': 4}   [155s]
  g2 #43: colorings 0 closed 948 {'cocycle': 46, 'transport': 902} image {'3': 2, '4': 46, '12': 900} one-floor failures 900 checks {'realized_at_12': 900, 'realized_at_3': 2}   [158s]
  g2 #44: colorings 0 closed 908 {'cocycle': 40, 'transport': 868} image {'3': 10, '4': 40, '12': 858} one-floor failures 858 checks {'realized_at_12': 858, 'realized_at_3': 10}   [162s]
  g2 #45: colorings 0 closed 952 {'cocycle': 48, 'transport': 904} image {'3': 2, '4': 48, '12': 902} one-floor failures 902 checks {'realized_at_12': 902, 'realized_at_3': 2}   [165s]
  g2 #46: colorings 0 closed 976 {'transport': 908, 'cocycle': 68} image {'3': 8, '4': 68, '12': 900} one-floor failures 900 checks {'realized_at_12': 900, 'realized_at_3': 8}   [169s]
  g2 #47: colorings 0 closed 908 {'transport': 876, 'cocycle': 32} image {'3': 6, '4': 32, '12': 870} one-floor failures 870 checks {'realized_at_12': 870, 'realized_at_3': 6}   [173s]
  g2 #48: colorings 0 closed 912 {'transport': 874, 'cocycle': 38} image {'3': 12, '4': 38, '12': 862} one-floor failures 862 checks {'realized_at_12': 862, 'realized_at_3': 12}   [176s]
  g2 #49: colorings 0 closed 932 {'cocycle': 54, 'transport': 878} image {'3': 10, '4': 54, '12': 868} one-floor failures 868 checks {'realized_at_12': 868, 'realized_at_3': 10}   [180s]
  g2 #50: colorings 0 closed 948 {'cocycle': 54, 'transport': 894} image {'3': 4, '4': 54, '12': 890} one-floor failures 890 checks {'realized_at_12': 890, 'realized_at_3': 4}   [184s]
  g2 #51: colorings 0 closed 912 {'transport': 862, 'cocycle': 50} image {'3': 10, '4': 50, '12': 852} one-floor failures 852 checks {'realized_at_12': 852, 'realized_at_3': 10}   [187s]
  g2 #52: colorings 0 closed 992 {'transport': 956, 'cocycle': 36} image {'3': 2, '4': 36, '12': 954} one-floor failures 954 checks {'realized_at_12': 954, 'realized_at_3': 2}   [191s]
  g2 #53: colorings 0 closed 824 {'transport': 786, 'cocycle': 38} image {'3': 6, '4': 38, '12': 780} one-floor failures 780 checks {'realized_at_12': 780, 'realized_at_3': 6}   [194s]
  g2 #54: colorings 0 closed 920 {'transport': 884, 'cocycle': 36} image {'3': 6, '4': 36, '12': 878} one-floor failures 878 checks {'realized_at_12': 878, 'realized_at_3': 6}   [198s]
  g2 #55: colorings 0 closed 888 {'transport': 850, 'cocycle': 38} image {'3': 4, '4': 38, '12': 846} one-floor failures 846 checks {'realized_at_12': 846, 'realized_at_3': 4}   [201s]
  g2 #56: colorings 0 closed 960 {'cocycle': 58, 'transport': 902} image {'3': 14, '4': 58, '12': 888} one-floor failures 888 checks {'realized_at_12': 888, 'realized_at_3': 14}   [205s]
  g2 #57: colorings 0 closed 996 {'transport': 956, 'cocycle': 40} image {'3': 14, '4': 40, '12': 942} one-floor failures 942 checks {'realized_at_12': 942, 'realized_at_3': 14}   [226s]
  g2 #58: colorings 0 closed 852 {'transport': 818, 'cocycle': 34} image {'3': 6, '4': 34, '12': 812} one-floor failures 812 checks {'realized_at_12': 812, 'realized_at_3': 6}   [230s]
  g2 #59: colorings 0 closed 964 {'transport': 918, 'cocycle': 46} image {'3': 4, '4': 46, '12': 914} one-floor failures 914 checks {'realized_at_12': 914, 'realized_at_3': 4}   [460s]
  g2 #60: colorings 0 closed 1000 {'transport': 956, 'cocycle': 44} image {'3': 4, '4': 44, '12': 952} one-floor failures 952 checks {'realized_at_12': 952, 'realized_at_3': 4}   [466s]
  g2 #61: colorings 0 closed 956 {'transport': 906, 'cocycle': 50} image {'3': 4, '4': 50, '12': 902} one-floor failures 902 checks {'realized_at_12': 902, 'realized_at_3': 4}   [470s]
  g2 #62: colorings 0 closed 936 {'transport': 898, 'cocycle': 38} image {'3': 2, '4': 38, '12': 896} one-floor failures 896 checks {'realized_at_12': 896, 'realized_at_3': 2}   [474s]
  g2 #63: colorings 0 closed 960 {'transport': 916, 'cocycle': 44} image {'3': 16, '4': 44, '12': 900} one-floor failures 900 checks {'realized_at_12': 900, 'realized_at_3': 16}   [478s]
  g2 #64: colorings 0 closed 1128 {'transport': 1064, 'cocycle': 64} image {'3': 4, '4': 64, '12': 1060} one-floor failures 1060 checks {'realized_at_12': 1060, 'realized_at_3': 4}   [482s]
  g2 #65: colorings 0 closed 924 {'transport': 880, 'cocycle': 44} image {'3': 6, '4': 44, '12': 874} one-floor failures 874 checks {'realized_at_12': 874, 'realized_at_3': 6}   [486s]
  g2 #66: colorings 0 closed 1084 {'transport': 1042, 'cocycle': 42} image {'3': 8, '4': 42, '12': 1034} one-floor failures 1034 checks {'realized_at_12': 1034, 'realized_at_3': 8}   [491s]
  g2 #67: colorings 0 closed 900 {'transport': 864, 'cocycle': 36} image {'3': 6, '4': 36, '12': 858} one-floor failures 858 checks {'realized_at_12': 858, 'realized_at_3': 6}   [495s]
  g2 #68: colorings 0 closed 1008 {'transport': 952, 'cocycle': 56} image {'3': 14, '4': 56, '12': 938} one-floor failures 938 checks {'realized_at_12': 938, 'realized_at_3': 14}   [499s]
  g2 #69: colorings 0 closed 944 {'transport': 892, 'cocycle': 52} image {'3': 2, '4': 52, '12': 890} one-floor failures 890 checks {'realized_at_12': 890, 'realized_at_3': 2}   [718s]
  g2 #70: colorings 0 closed 980 {'transport': 918, 'cocycle': 62} image {'3': 12, '4': 62, '12': 906} one-floor failures 906 checks {'realized_at_12': 906, 'realized_at_3': 12}   [722s]
  g2 #71: colorings 0 closed 944 {'transport': 886, 'cocycle': 58} image {'3': 6, '4': 58, '12': 880} one-floor failures 880 checks {'realized_at_12': 880, 'realized_at_3': 6}   [726s]
  g2 #72: colorings 0 closed 1084 {'transport': 1032, 'cocycle': 52} image {'3': 10, '4': 52, '12': 1022} one-floor failures 1022 checks {'realized_at_12': 1022, 'realized_at_3': 10}   [730s]
  g2 #73: colorings 0 closed 972 {'transport': 922, 'cocycle': 50} image {'3': 22, '4': 50, '12': 900} one-floor failures 900 checks {'realized_at_12': 900, 'realized_at_3': 22}   [734s]
  g2 #74: colorings 0 closed 912 {'transport': 854, 'cocycle': 58} image {'3': 4, '4': 58, '12': 850} one-floor failures 850 checks {'realized_at_12': 850, 'realized_at_3': 4}   [737s]
  g2 #75: colorings 0 closed 952 {'transport': 908, 'cocycle': 44} image {'3': 4, '4': 44, '12': 904} one-floor failures 904 checks {'realized_at_12': 904, 'realized_at_3': 4}   [741s]
  g2 #76: colorings 0 closed 1068 {'transport': 1016, 'cocycle': 52} image {'3': 6, '4': 52, '12': 1010} one-floor failures 1010 checks {'realized_at_12': 1010, 'realized_at_3': 6}   [745s]
  g2 #77: colorings 0 closed 1368 {'transport': 1296, 'cocycle': 72} image {'2': 8, '4': 64, '12': 1296} one-floor failures 1296 checks {'realized_at_12': 1296}   [751s]
  g2 #78: colorings 0 closed 980 {'transport': 944, 'cocycle': 36} image {'2': 4, '3': 8, '4': 32, '12': 936} one-floor failures 936 checks {'realized_at_12': 936, 'realized_at_3': 8}   [754s]
  g2 #79: colorings 0 closed 1028 {'transport': 1008, 'cocycle': 20} image {'3': 4, '4': 20, '12': 1004} one-floor failures 1004 checks {'realized_at_12': 1004, 'realized_at_3': 4}   [759s]
  g2 #80: colorings 0 closed 956 {'transport': 904, 'cocycle': 52} image {'2': 8, '3': 22, '4': 44, '12': 882} one-floor failures 882 checks {'realized_at_12': 882, 'realized_at_3': 22}   [762s]
  g2 #81: colorings 0 closed 952 {'transport': 916, 'cocycle': 36} image {'2': 4, '3': 12, '4': 32, '12': 904} one-floor failures 904 checks {'realized_at_12': 904, 'realized_at_3': 12}   [1010s]
  g2 #82: colorings 0 closed 976 {'transport': 904, 'cocycle': 72} image {'3': 14, '4': 72, '12': 890} one-floor failures 890 checks {'realized_at_12': 890, 'realized_at_3': 14}   [1014s]
  g2 #83: colorings 0 closed 924 {'transport': 880, 'cocycle': 44} image {'3': 2, '4': 44, '12': 878} one-floor failures 878 checks {'realized_at_12': 878, 'realized_at_3': 2}   [1017s]
  g2 #84: colorings 0 closed 916 {'transport': 870, 'cocycle': 46} image {'3': 16, '4': 46, '12': 854} one-floor failures 854 checks {'realized_at_12': 854, 'realized_at_3': 16}   [1021s]
  g2 #85: colorings 0 closed 928 {'transport': 876, 'cocycle': 52} image {'3': 8, '4': 52, '12': 868} one-floor failures 868 checks {'realized_at_12': 868, 'realized_at_3': 8}   [1025s]
  g2 #86: colorings 0 closed 916 {'transport': 880, 'cocycle': 36} image {'3': 6, '4': 36, '12': 874} one-floor failures 874 checks {'realized_at_12': 874, 'realized_at_3': 6}   [1028s]
  g2 #87: colorings 0 closed 1056 {'cocycle': 56, 'transport': 1000} image {'3': 6, '4': 56, '12': 994} one-floor failures 994 checks {'realized_at_12': 994, 'realized_at_3': 6}   [1032s]
  g2 #88: colorings 0 closed 944 {'transport': 914, 'cocycle': 30} image {'3': 12, '4': 30, '12': 902} one-floor failures 902 checks {'realized_at_12': 902, 'realized_at_3': 12}   [1036s]
  g2 #89: colorings 0 closed 952 {'cocycle': 52, 'transport': 900} image {'3': 2, '4': 52, '12': 898} one-floor failures 898 checks {'realized_at_12': 898, 'realized_at_3': 2}   [1040s]
  g2 #90: colorings 0 closed 932 {'transport': 892, 'cocycle': 40} image {'3': 8, '4': 40, '12': 884} one-floor failures 884 checks {'realized_at_12': 884, 'realized_at_3': 8}   [1044s]
  g2 #91: colorings 0 closed 1092 {'transport': 1050, 'cocycle': 42} image {'3': 8, '4': 42, '12': 1042} one-floor failures 1042 checks {'realized_at_12': 1042, 'realized_at_3': 8}   [1048s]
  g2 #92: colorings 0 closed 988 {'transport': 926, 'cocycle': 62} image {'3': 12, '4': 62, '12': 914} one-floor failures 914 checks {'realized_at_12': 914, 'realized_at_3': 12}   [1052s]
  g2 #93: colorings 0 closed 1032 {'transport': 984, 'cocycle': 48} image {'3': 12, '4': 48, '12': 972} one-floor failures 972 checks {'realized_at_12': 972, 'realized_at_3': 12}   [1056s]
  g2 #94: colorings 0 closed 1056 {'transport': 1018, 'cocycle': 38} image {'3': 6, '4': 38, '12': 1012} one-floor failures 1012 checks {'realized_at_12': 1012, 'realized_at_3': 6}   [1255s]
  g2 #95: colorings 0 closed 920 {'transport': 868, 'cocycle': 52} image {'3': 6, '4': 52, '12': 862} one-floor failures 862 checks {'realized_at_12': 862, 'realized_at_3': 6}   [1259s]
  g2 #96: colorings 0 closed 972 {'transport': 922, 'cocycle': 50} image {'3': 16, '4': 50, '12': 906} one-floor failures 906 checks {'realized_at_12': 906, 'realized_at_3': 16}   [1263s]
  g2 #97: colorings 0 closed 952 {'transport': 880, 'cocycle': 72} image {'3': 10, '4': 72, '12': 870} one-floor failures 870 checks {'realized_at_12': 870, 'realized_at_3': 10}   [1267s]
  g2 #98: colorings 0 closed 1056 {'transport': 1018, 'cocycle': 38} image {'3': 4, '4': 38, '12': 1014} one-floor failures 1014 checks {'realized_at_12': 1014, 'realized_at_3': 4}   [1272s]
  g2 #99: colorings 0 closed 972 {'transport': 948, 'cocycle': 24} image {'3': 2, '4': 24, '12': 946} one-floor failures 946 checks {'realized_at_12': 946, 'realized_at_3': 2}   [1276s]
  g2 #100: colorings 0 closed 952 {'transport': 908, 'cocycle': 44} image {'4': 44, '12': 908} one-floor failures 908 checks {'realized_at_12': 908}   [1279s]
  g2 #101: colorings 0 closed 1044 {'transport': 996, 'cocycle': 48} image {'3': 18, '4': 48, '12': 978} one-floor failures 978 checks {'realized_at_12': 978, 'realized_at_3': 18}   [1283s]
  g2 #102: colorings 0 closed 928 {'transport': 884, 'cocycle': 44} image {'3': 20, '4': 44, '12': 864} one-floor failures 864 checks {'realized_at_12': 864, 'realized_at_3': 20}   [1287s]
  g2 #103: colorings 0 closed 996 {'transport': 962, 'cocycle': 34} image {'3': 6, '4': 34, '12': 956} one-floor failures 956 checks {'realized_at_12': 956, 'realized_at_3': 6}   [1291s]
  g2 #104: colorings 0 closed 952 {'transport': 906, 'cocycle': 46} image {'3': 8, '4': 46, '12': 898} one-floor failures 898 checks {'realized_at_12': 898, 'realized_at_3': 8}   [1295s]
  g2 #105: colorings 0 closed 1152 {'cocycle': 60, 'transport': 1092} image {'3': 16, '4': 60, '12': 1076} one-floor failures 1076 checks {'realized_at_12': 1076, 'realized_at_3': 16}   [1316s]
  g2 #106: colorings 0 closed 1012 {'transport': 944, 'cocycle': 68} image {'2': 12, '3': 12, '4': 56, '12': 932} one-floor failures 932 checks {'realized_at_12': 932, 'realized_at_3': 12}   [1320s]
  g2 #107: colorings 0 closed 1000 {'transport': 948, 'cocycle': 52} image {'3': 12, '4': 52, '12': 936} one-floor failures 936 checks {'realized_at_12': 936, 'realized_at_3': 12}   [1324s]
  g2 #108: colorings 0 closed 1036 {'transport': 960, 'cocycle': 76} image {'2': 4, '3': 32, '4': 72, '12': 928} one-floor failures 928 checks {'realized_at_12': 928, 'realized_at_3': 32}   [1328s]
  g2 #109: colorings 0 closed 956 {'transport': 904, 'cocycle': 52} image {'3': 16, '4': 52, '12': 888} one-floor failures 888 checks {'realized_at_12': 888, 'realized_at_3': 16}   [1332s]
  g2 #110: colorings 0 closed 1168 {'transport': 1076, 'cocycle': 92} image {'3': 30, '4': 92, '12': 1046} one-floor failures 1046 checks {'realized_at_12': 1046, 'realized_at_3': 30}   [1336s]
  g2 #111: colorings 0 closed 1016 {'cocycle': 56, 'transport': 960} image {'3': 20, '4': 56, '12': 940} one-floor failures 940 checks {'realized_at_12': 940, 'realized_at_3': 20}   [1341s]
  g2 #112: colorings 0 closed 1216 {'cocycle': 92, 'transport': 1124} image {'3': 34, '4': 92, '12': 1090} one-floor failures 1090 checks {'realized_at_12': 1090, 'realized_at_3': 34}   [1345s]
  g2 #113: colorings 0 closed 984 {'transport': 938, 'cocycle': 46} image {'3': 14, '4': 46, '12': 924} one-floor failures 924 checks {'realized_at_12': 924, 'realized_at_3': 14}   [1349s]
  g2 #114: colorings 0 closed 1012 {'transport': 960, 'cocycle': 52} image {'3': 18, '4': 52, '12': 942} one-floor failures 942 checks {'realized_at_12': 942, 'realized_at_3': 18}   [1353s]
  g2 #115: colorings 0 closed 992 {'transport': 956, 'cocycle': 36} image {'3': 24, '4': 36, '12': 932} one-floor failures 932 checks {'realized_at_12': 932, 'realized_at_3': 24}   [1357s]
  g2 #116: colorings 0 closed 828 {'transport': 772, 'cocycle': 56} image {'3': 4, '4': 56, '12': 768} one-floor failures 768 checks {'realized_at_12': 768, 'realized_at_3': 4}   [1361s]
  g2 #117: colorings 0 closed 724 {'cocycle': 50, 'transport': 674} image {'3': 8, '4': 50, '12': 666} one-floor failures 666 checks {'realized_at_12': 666, 'realized_at_3': 8}   [1364s]
  g2 #118: colorings 0 closed 816 {'transport': 762, 'cocycle': 54} image {'3': 8, '4': 54, '12': 754} one-floor failures 754 checks {'realized_at_12': 754, 'realized_at_3': 8}   [1516s]
  g2 #119: colorings 0 closed 784 {'transport': 736, 'cocycle': 48} image {'3': 4, '4': 48, '12': 732} one-floor failures 732 checks {'realized_at_12': 732, 'realized_at_3': 4}   [1519s]
  g2 #120: colorings 0 closed 820 {'cocycle': 48, 'transport': 772} image {'3': 2, '4': 48, '12': 770} one-floor failures 770 checks {'realized_at_12': 770, 'realized_at_3': 2}   [1523s]
  g2 #121: colorings 0 closed 796 {'transport': 752, 'cocycle': 44} image {'3': 6, '4': 44, '12': 746} one-floor failures 746 checks {'realized_at_12': 746, 'realized_at_3': 6}   [1526s]
  g2 #122: colorings 0 closed 864 {'cocycle': 42, 'transport': 822} image {'3': 4, '4': 42, '12': 818} one-floor failures 818 checks {'realized_at_12': 818, 'realized_at_3': 4}   [1530s]
  g2 #123: colorings 0 closed 732 {'transport': 694, 'cocycle': 38} image {'3': 2, '4': 38, '12': 692} one-floor failures 692 checks {'realized_at_12': 692, 'realized_at_3': 2}   [1533s]
  g2 #124: colorings 0 closed 816 {'transport': 768, 'cocycle': 48} image {'3': 6, '4': 48, '12': 762} one-floor failures 762 checks {'realized_at_12': 762, 'realized_at_3': 6}   [1536s]
  g2 #125: colorings 0 closed 828 {'transport': 776, 'cocycle': 52} image {'3': 2, '4': 52, '12': 774} one-floor failures 774 checks {'realized_at_12': 774, 'realized_at_3': 2}   [1539s]
  g2 #126: colorings 0 closed 792 {'transport': 746, 'cocycle': 46} image {'3': 6, '4': 46, '12': 740} one-floor failures 740 checks {'realized_at_12': 740, 'realized_at_3': 6}   [1543s]
  g2 #127: colorings 0 closed 820 {'transport': 768, 'cocycle': 52} image {'3': 6, '4': 52, '12': 762} one-floor failures 762 checks {'realized_at_12': 762, 'realized_at_3': 6}   [1546s]
  g2 #128: colorings 0 closed 744 {'transport': 706, 'cocycle': 38} image {'3': 4, '4': 38, '12': 702} one-floor failures 702 checks {'realized_at_12': 702, 'realized_at_3': 4}   [1549s]
  g2 #129: colorings 0 closed 832 {'transport': 778, 'cocycle': 54} image {'3': 8, '4': 54, '12': 770} one-floor failures 770 checks {'realized_at_12': 770, 'realized_at_3': 8}   [1552s]
  g2 #130: colorings 0 closed 828 {'transport': 772, 'cocycle': 56} image {'3': 4, '4': 56, '12': 768} one-floor failures 768 checks {'realized_at_12': 768, 'realized_at_3': 4}   [1556s]
  g2 #131: colorings 0 closed 772 {'transport': 718, 'cocycle': 54} image {'3': 6, '4': 54, '12': 712} one-floor failures 712 checks {'realized_at_12': 712, 'realized_at_3': 6}   [1559s]
  g2 #132: colorings 0 closed 836 {'cocycle': 48, 'transport': 788} image {'3': 2, '4': 48, '12': 786} one-floor failures 786 checks {'realized_at_12': 786, 'realized_at_3': 2}   [1597s]
  g2 #133: colorings 0 closed 812 {'transport': 766, 'cocycle': 46} image {'3': 10, '4': 46, '12': 756} one-floor failures 756 checks {'realized_at_12': 756, 'realized_at_3': 10}   [1600s]
  g2 #134: colorings 0 closed 800 {'transport': 744, 'cocycle': 56} image {'3': 10, '4': 56, '12': 734} one-floor failures 734 checks {'realized_at_12': 734, 'realized_at_3': 10}   [1603s]
  g2 #135: colorings 0 closed 868 {'transport': 816, 'cocycle': 52} image {'3': 10, '4': 52, '12': 806} one-floor failures 806 checks {'realized_at_12': 806, 'realized_at_3': 10}   [1607s]
  g2 #136: colorings 0 closed 760 {'transport': 712, 'cocycle': 48} image {'3': 8, '4': 48, '12': 704} one-floor failures 704 checks {'realized_at_12': 704, 'realized_at_3': 8}   [1610s]
  g2 #137: colorings 0 closed 764 {'cocycle': 46, 'transport': 718} image {'3': 8, '4': 46, '12': 710} one-floor failures 710 checks {'realized_at_12': 710, 'realized_at_3': 8}   [1613s]
  g2 #138: colorings 0 closed 728 {'transport': 698, 'cocycle': 30} image {'3': 6, '4': 30, '12': 692} one-floor failures 692 checks {'realized_at_12': 692, 'realized_at_3': 6}   [1616s]
  g2 #139: colorings 0 closed 812 {'transport': 768, 'cocycle': 44} image {'3': 6, '4': 44, '12': 762} one-floor failures 762 checks {'realized_at_12': 762, 'realized_at_3': 6}   [1619s]
  g2 #140: colorings 0 closed 720 {'transport': 692, 'cocycle': 28} image {'3': 10, '4': 28, '12': 682} one-floor failures 682 checks {'realized_at_12': 682, 'realized_at_3': 10}   [1622s]
  g2 #141: colorings 0 closed 748 {'transport': 712, 'cocycle': 36} image {'3': 6, '4': 36, '12': 706} one-floor failures 706 checks {'realized_at_12': 706, 'realized_at_3': 6}   [1626s]
  g2 #142: colorings 0 closed 740 {'transport': 704, 'cocycle': 36} image {'3': 2, '4': 36, '12': 702} one-floor failures 702 checks {'realized_at_12': 702, 'realized_at_3': 2}   [1629s]
  g2 #143: colorings 0 closed 828 {'transport': 790, 'cocycle': 38} image {'3': 6, '4': 38, '12': 784} one-floor failures 784 checks {'realized_at_12': 784, 'realized_at_3': 6}   [1632s]
  g2 #144: colorings 0 closed 812 {'transport': 776, 'cocycle': 36} image {'3': 4, '4': 36, '12': 772} one-floor failures 772 checks {'realized_at_12': 772, 'realized_at_3': 4}   [1635s]
  g2 #145: colorings 0 closed 804 {'transport': 754, 'cocycle': 50} image {'3': 8, '4': 50, '12': 746} one-floor failures 746 checks {'realized_at_12': 746, 'realized_at_3': 8}   [1639s]
  g2 #146: colorings 0 closed 852 {'transport': 794, 'cocycle': 58} image {'3': 12, '4': 58, '12': 782} one-floor failures 782 checks {'realized_at_12': 782, 'realized_at_3': 12}   [1642s]
  g2 #147: colorings 0 closed 780 {'transport': 734, 'cocycle': 46} image {'3': 4, '4': 46, '12': 730} one-floor failures 730 checks {'realized_at_12': 730, 'realized_at_3': 4}   [1887s]
  g2 #148: colorings 0 closed 820 {'transport': 784, 'cocycle': 36} image {'3': 4, '4': 36, '12': 780} one-floor failures 780 checks {'realized_at_12': 780, 'realized_at_3': 4}   [1890s]
  g2 #149: colorings 0 closed 800 {'transport': 740, 'cocycle': 60} image {'3': 32, '4': 60, '12': 708} one-floor failures 708 checks {'realized_at_12': 708, 'realized_at_3': 32}   [1893s]
  g2 #150: colorings 0 closed 748 {'transport': 698, 'cocycle': 50} image {'3': 14, '4': 50, '12': 684} one-floor failures 684 checks {'realized_at_12': 684, 'realized_at_3': 14}   [1897s]
  g2 #151: colorings 0 closed 880 {'transport': 822, 'cocycle': 58} image {'3': 24, '4': 58, '12': 798} one-floor failures 798 checks {'realized_at_12': 798, 'realized_at_3': 24}   [1900s]
  g2 #152: colorings 0 closed 836 {'transport': 776, 'cocycle': 60} image {'3': 24, '4': 60, '12': 752} one-floor failures 752 checks {'realized_at_12': 752, 'realized_at_3': 24}   [1903s]
  g2 #153: colorings 0 closed 916 {'transport': 868, 'cocycle': 48} image {'3': 14, '4': 48, '12': 854} one-floor failures 854 checks {'realized_at_12': 854, 'realized_at_3': 14}   [1907s]
  g2 #154: colorings 0 closed 764 {'transport': 720, 'cocycle': 44} image {'3': 12, '4': 44, '12': 708} one-floor failures 708 checks {'realized_at_12': 708, 'realized_at_3': 12}   [1910s]
  g2 #155: colorings 0 closed 772 {'transport': 720, 'cocycle': 52} image {'3': 10, '4': 52, '12': 710} one-floor failures 710 checks {'realized_at_12': 710, 'realized_at_3': 10}   [1913s]
  g2 #156: colorings 0 closed 720 {'transport': 684, 'cocycle': 36} image {'3': 10, '4': 36, '12': 674} one-floor failures 674 checks {'realized_at_12': 674, 'realized_at_3': 10}   [1917s]
  g2 #157: colorings 0 closed 848 {'transport': 808, 'cocycle': 40} image {'3': 12, '4': 40, '12': 796} one-floor failures 796 checks {'realized_at_12': 796, 'realized_at_3': 12}   [1920s]
  g2 #158: colorings 0 closed 768 {'transport': 724, 'cocycle': 44} image {'3': 8, '4': 44, '12': 716} one-floor failures 716 checks {'realized_at_12': 716, 'realized_at_3': 8}   [1923s]
  g2 #159: colorings 0 closed 740 {'transport': 706, 'cocycle': 34} image {'3': 12, '4': 34, '12': 694} one-floor failures 694 checks {'realized_at_12': 694, 'realized_at_3': 12}   [1927s]
  g2 #160: colorings 0 closed 764 {'transport': 730, 'cocycle': 34} image {'3': 8, '4': 34, '12': 722} one-floor failures 722 checks {'realized_at_12': 722, 'realized_at_3': 8}   [1930s]
  g2 #161: colorings 0 closed 748 {'transport': 714, 'cocycle': 34} image {'3': 8, '4': 34, '12': 706} one-floor failures 706 checks {'realized_at_12': 706, 'realized_at_3': 8}   [2183s]
  g2 #162: colorings 0 closed 876 {'transport': 830, 'cocycle': 46} image {'3': 14, '4': 46, '12': 816} one-floor failures 816 checks {'realized_at_12': 816, 'realized_at_3': 14}   [2186s]
  g2 #163: colorings 0 closed 736 {'transport': 706, 'cocycle': 30} image {'3': 4, '4': 30, '12': 702} one-floor failures 702 checks {'realized_at_12': 702, 'realized_at_3': 4}   [2189s]
  g2 #164: colorings 0 closed 788 {'transport': 756, 'cocycle': 32} image {'3': 8, '4': 32, '12': 748} one-floor failures 748 checks {'realized_at_12': 748, 'realized_at_3': 8}   [2193s]
  g2 #165: colorings 0 closed 740 {'transport': 702, 'cocycle': 38} image {'3': 16, '4': 38, '12': 686} one-floor failures 686 checks {'realized_at_12': 686, 'realized_at_3': 16}   [2196s]
  g2 #166: colorings 0 closed 884 {'transport': 846, 'cocycle': 38} image {'3': 10, '4': 38, '12': 836} one-floor failures 836 checks {'realized_at_12': 836, 'realized_at_3': 10}   [2199s]
  g2 #167: colorings 0 closed 808 {'transport': 770, 'cocycle': 38} image {'3': 8, '4': 38, '12': 762} one-floor failures 762 checks {'realized_at_12': 762, 'realized_at_3': 8}   [2203s]
  g2 #168: colorings 0 closed 892 {'transport': 844, 'cocycle': 48} image {'3': 10, '4': 48, '12': 834} one-floor failures 834 checks {'realized_at_12': 834, 'realized_at_3': 10}   [2206s]
  g2 #169: colorings 0 closed 796 {'transport': 752, 'cocycle': 44} image {'3': 4, '4': 44, '12': 748} one-floor failures 748 checks {'realized_at_12': 748, 'realized_at_3': 4}   [2210s]
  g2 #170: colorings 0 closed 812 {'transport': 764, 'cocycle': 48} image {'3': 8, '4': 48, '12': 756} one-floor failures 756 checks {'realized_at_12': 756, 'realized_at_3': 8}   [2213s]
  g2 #171: colorings 0 closed 780 {'transport': 742, 'cocycle': 38} image {'3': 8, '4': 38, '12': 734} one-floor failures 734 checks {'realized_at_12': 734, 'realized_at_3': 8}   [2216s]
  g2 #172: colorings 0 closed 724 {'transport': 692, 'cocycle': 32} image {'3': 8, '4': 32, '12': 684} one-floor failures 684 checks {'realized_at_12': 684, 'realized_at_3': 8}   [2219s]
  g2 #173: colorings 0 closed 808 {'transport': 768, 'cocycle': 40} image {'3': 16, '4': 40, '12': 752} one-floor failures 752 checks {'realized_at_12': 752, 'realized_at_3': 16}   [2223s]
  g2 #174: colorings 0 closed 764 {'transport': 716, 'cocycle': 48} image {'3': 8, '4': 48, '12': 708} one-floor failures 708 checks {'realized_at_12': 708, 'realized_at_3': 8}   [2226s]
  g2 #175: colorings 0 closed 804 {'transport': 758, 'cocycle': 46} image {'3': 12, '4': 46, '12': 746} one-floor failures 746 checks {'realized_at_12': 746, 'realized_at_3': 12}   [2230s]
  g2 #176: colorings 0 closed 808 {'transport': 774, 'cocycle': 34} image {'3': 8, '4': 34, '12': 766} one-floor failures 766 checks {'realized_at_12': 766, 'realized_at_3': 8}   [2486s]
  g2 #177: colorings 0 closed 720 {'transport': 686, 'cocycle': 34} image {'3': 14, '4': 34, '12': 672} one-floor failures 672 checks {'realized_at_12': 672, 'realized_at_3': 14}   [2489s]
  g2 #178: colorings 0 closed 768 {'transport': 734, 'cocycle': 34} image {'3': 4, '4': 34, '12': 730} one-floor failures 730 checks {'realized_at_12': 730, 'realized_at_3': 4}   [2492s]
  g2 #179: colorings 0 closed 784 {'transport': 746, 'cocycle': 38} image {'3': 6, '4': 38, '12': 740} one-floor failures 740 checks {'realized_at_12': 740, 'realized_at_3': 6}   [2495s]
  g2 #180: colorings 0 closed 728 {'transport': 690, 'cocycle': 38} image {'3': 8, '4': 38, '12': 682} one-floor failures 682 checks {'realized_at_12': 682, 'realized_at_3': 8}   [2498s]
  g2 #181: colorings 0 closed 804 {'transport': 758, 'cocycle': 46} image {'3': 8, '4': 46, '12': 750} one-floor failures 750 checks {'realized_at_12': 750, 'realized_at_3': 8}   [2502s]
  g2 #182: colorings 0 closed 844 {'transport': 800, 'cocycle': 44} image {'3': 16, '4': 44, '12': 784} one-floor failures 784 checks {'realized_at_12': 784, 'realized_at_3': 16}   [2505s]
  g2 #183: colorings 0 closed 820 {'transport': 784, 'cocycle': 36} image {'3': 4, '4': 36, '12': 780} one-floor failures 780 checks {'realized_at_12': 780, 'realized_at_3': 4}   [2508s]
  g2 #184: colorings 0 closed 772 {'cocycle': 50, 'transport': 722} image {'3': 8, '4': 50, '12': 714} one-floor failures 714 checks {'realized_at_12': 714, 'realized_at_3': 8}   [2512s]
  g2 #185: colorings 0 closed 752 {'transport': 706, 'cocycle': 46} image {'3': 8, '4': 46, '12': 698} one-floor failures 698 checks {'realized_at_12': 698, 'realized_at_3': 8}   [2515s]
  g2 #186: colorings 0 closed 784 {'transport': 738, 'cocycle': 46} image {'3': 8, '4': 46, '12': 730} one-floor failures 730 checks {'realized_at_12': 730, 'realized_at_3': 8}   [2518s]
  g2 #187: colorings 0 closed 844 {'transport': 800, 'cocycle': 44} image {'3': 6, '4': 44, '12': 794} one-floor failures 794 checks {'realized_at_12': 794, 'realized_at_3': 6}   [2522s]
  g2 #188: colorings 0 closed 796 {'cocycle': 64, 'transport': 732} image {'3': 10, '4': 64, '12': 722} one-floor failures 722 checks {'realized_at_12': 722, 'realized_at_3': 10}   [2525s]
  g2 #189: colorings 0 closed 884 {'transport': 836, 'cocycle': 48} image {'3': 10, '4': 48, '12': 826} one-floor failures 826 checks {'realized_at_12': 826, 'realized_at_3': 10}   [2529s]
  g2 #190: colorings 0 closed 784 {'transport': 732, 'cocycle': 52} image {'3': 6, '4': 52, '12': 726} one-floor failures 726 checks {'realized_at_12': 726, 'realized_at_3': 6}   [2532s]
  g2 #191: colorings 0 closed 784 {'transport': 742, 'cocycle': 42} image {'3': 8, '4': 42, '12': 734} one-floor failures 734 checks {'realized_at_12': 734, 'realized_at_3': 8}   [2535s]
  g2 #192: colorings 0 closed 800 {'transport': 748, 'cocycle': 52} image {'3': 10, '4': 52, '12': 738} one-floor failures 738 checks {'realized_at_12': 738, 'realized_at_3': 10}   [2539s]
  g2 #193: colorings 0 closed 708 {'transport': 678, 'cocycle': 30} image {'4': 30, '12': 678} one-floor failures 678 checks {'realized_at_12': 678}   [2542s]
  g2 #194: colorings 0 closed 824 {'transport': 794, 'cocycle': 30} image {'3': 6, '4': 30, '12': 788} one-floor failures 788 checks {'realized_at_12': 788, 'realized_at_3': 6}   [2546s]
  g2 #195: colorings 0 closed 748 {'transport': 692, 'cocycle': 56} image {'3': 12, '4': 56, '12': 680} one-floor failures 680 checks {'realized_at_12': 680, 'realized_at_3': 12}   [2549s]
  g2 #196: colorings 0 closed 740 {'transport': 690, 'cocycle': 50} image {'3': 4, '4': 50, '12': 686} one-floor failures 686 checks {'realized_at_12': 686, 'realized_at_3': 4}   [2552s]
  g2 #197: colorings 0 closed 808 {'transport': 760, 'cocycle': 48} image {'3': 10, '4': 48, '12': 750} one-floor failures 750 checks {'realized_at_12': 750, 'realized_at_3': 10}   [2555s]
  g2 #198: colorings 0 closed 832 {'transport': 758, 'cocycle': 74} image {'3': 20, '4': 74, '12': 738} one-floor failures 738 checks {'realized_at_12': 738, 'realized_at_3': 20}   [2558s]
  g2 #199: colorings 0 closed 820 {'transport': 766, 'cocycle': 54} image {'3': 18, '4': 54, '12': 748} one-floor failures 748 checks {'realized_at_12': 748, 'realized_at_3': 18}   [2562s]
  g2 #200: colorings 0 closed 800 {'transport': 748, 'cocycle': 52} image {'3': 14, '4': 52, '12': 734} one-floor failures 734 checks {'realized_at_12': 734, 'realized_at_3': 14}   [2565s]
  g2 #201: colorings 0 closed 760 {'transport': 708, 'cocycle': 52} image {'3': 4, '4': 52, '12': 704} one-floor failures 704 checks {'realized_at_12': 704, 'realized_at_3': 4}   [2568s]
  g2 #202: colorings 0 closed 804 {'transport': 748, 'cocycle': 56} image {'3': 10, '4': 56, '12': 738} one-floor failures 738 checks {'realized_at_12': 738, 'realized_at_3': 10}   [2571s]
  g2 #203: colorings 0 closed 744 {'transport': 708, 'cocycle': 36} image {'3': 4, '4': 36, '12': 704} one-floor failures 704 checks {'realized_at_12': 704, 'realized_at_3': 4}   [2575s]
  g2 #204: colorings 0 closed 756 {'transport': 718, 'cocycle': 38} image {'3': 6, '4': 38, '12': 712} one-floor failures 712 checks {'realized_at_12': 712, 'realized_at_3': 6}   [2578s]
  g2 #205: colorings 0 closed 892 {'transport': 846, 'cocycle': 46} image {'3': 6, '4': 46, '12': 840} one-floor failures 840 checks {'realized_at_12': 840, 'realized_at_3': 6}   [2581s]
  g2 #206: colorings 0 closed 744 {'transport': 710, 'cocycle': 34} image {'3': 8, '4': 34, '12': 702} one-floor failures 702 checks {'realized_at_12': 702, 'realized_at_3': 8}   [2585s]
  g2 #207: colorings 0 closed 888 {'transport': 850, 'cocycle': 38} image {'3': 4, '4': 38, '12': 846} one-floor failures 846 checks {'realized_at_12': 846, 'realized_at_3': 4}   [2588s]
  g2 #208: colorings 0 closed 860 {'transport': 806, 'cocycle': 54} image {'3': 6, '4': 54, '12': 800} one-floor failures 800 checks {'realized_at_12': 800, 'realized_at_3': 6}   [2592s]
  g2 #209: colorings 0 closed 816 {'transport': 764, 'cocycle': 52} image {'3': 8, '4': 52, '12': 756} one-floor failures 756 checks {'realized_at_12': 756, 'realized_at_3': 8}   [2595s]
  g2 #210: colorings 0 closed 876 {'cocycle': 54, 'transport': 822} image {'3': 8, '4': 54, '12': 814} one-floor failures 814 checks {'realized_at_12': 814, 'realized_at_3': 8}   [2599s]
  g2 #211: colorings 0 closed 780 {'transport': 736, 'cocycle': 44} image {'3': 12, '4': 44, '12': 724} one-floor failures 724 checks {'realized_at_12': 724, 'realized_at_3': 12}   [2602s]
  g2 #212: colorings 0 closed 832 {'transport': 786, 'cocycle': 46} image {'3': 8, '4': 46, '12': 778} one-floor failures 778 checks {'realized_at_12': 778, 'realized_at_3': 8}   [2605s]
  g2 #213: colorings 0 closed 732 {'transport': 700, 'cocycle': 32} image {'3': 8, '4': 32, '12': 692} one-floor failures 692 checks {'realized_at_12': 692, 'realized_at_3': 8}   [2608s]
  g2 #214: colorings 0 closed 708 {'transport': 674, 'cocycle': 34} image {'3': 8, '4': 34, '12': 666} one-floor failures 666 checks {'realized_at_12': 666, 'realized_at_3': 8}   [2611s]
  g2 #215: colorings 0 closed 752 {'transport': 716, 'cocycle': 36} image {'3': 10, '4': 36, '12': 706} one-floor failures 706 checks {'realized_at_3': 10, 'realized_at_12': 706}   [2615s]
  g2 #216: colorings 0 closed 764 {'transport': 730, 'cocycle': 34} image {'3': 8, '4': 34, '12': 722} one-floor failures 722 checks {'realized_at_12': 722, 'realized_at_3': 8}   [2618s]
  g2 #217: colorings 0 closed 884 {'transport': 820, 'cocycle': 64} image {'3': 22, '4': 64, '12': 798} one-floor failures 798 checks {'realized_at_12': 798, 'realized_at_3': 22}   [2621s]
  g2 #218: colorings 0 closed 776 {'transport': 728, 'cocycle': 48} image {'3': 10, '4': 48, '12': 718} one-floor failures 718 checks {'realized_at_3': 10, 'realized_at_12': 718}   [2625s]
  g2 #219: colorings 0 closed 720 {'transport': 686, 'cocycle': 34} image {'3': 12, '4': 34, '12': 674} one-floor failures 674 checks {'realized_at_12': 674, 'realized_at_3': 12}   [2628s]
  g2 #220: colorings 0 closed 876 {'cocycle': 68, 'transport': 808} image {'3': 24, '4': 68, '12': 784} one-floor failures 784 checks {'realized_at_12': 784, 'realized_at_3': 24}   [2631s]
  g2 #221: colorings 0 closed 764 {'transport': 720, 'cocycle': 44} image {'3': 6, '4': 44, '12': 714} one-floor failures 714 checks {'realized_at_12': 714, 'realized_at_3': 6}   [2634s]
  g2 #222: colorings 0 closed 720 {'transport': 688, 'cocycle': 32} image {'3': 6, '4': 32, '12': 682} one-floor failures 682 checks {'realized_at_12': 682, 'realized_at_3': 6}   [2637s]
  g2 #223: colorings 0 closed 724 {'transport': 692, 'cocycle': 32} image {'3': 6, '4': 32, '12': 686} one-floor failures 686 checks {'realized_at_12': 686, 'realized_at_3': 6}   [2641s]
  g2 #224: colorings 0 closed 772 {'transport': 730, 'cocycle': 42} image {'3': 8, '4': 42, '12': 722} one-floor failures 722 checks {'realized_at_3': 8, 'realized_at_12': 722}   [2644s]
  g2 #225: colorings 0 closed 824 {'transport': 794, 'cocycle': 30} image {'3': 8, '4': 30, '12': 786} one-floor failures 786 checks {'realized_at_12': 786, 'realized_at_3': 8}   [2647s]
  g2 #226: colorings 0 closed 836 {'transport': 798, 'cocycle': 38} image {'3': 10, '4': 38, '12': 788} one-floor failures 788 checks {'realized_at_12': 788, 'realized_at_3': 10}   [2651s]
  g2 #227: colorings 0 closed 796 {'transport': 760, 'cocycle': 36} image {'3': 14, '4': 36, '12': 746} one-floor failures 746 checks {'realized_at_12': 746, 'realized_at_3': 14}   [2654s]
  g2 #228: colorings 0 closed 756 {'transport': 716, 'cocycle': 40} image {'3': 6, '4': 40, '12': 710} one-floor failures 710 checks {'realized_at_12': 710, 'realized_at_3': 6}   [2657s]
  g2 #229: colorings 0 closed 792 {'transport': 754, 'cocycle': 38} image {'3': 4, '4': 38, '12': 750} one-floor failures 750 checks {'realized_at_12': 750, 'realized_at_3': 4}   [2660s]
  g2 #230: colorings 0 closed 804 {'transport': 760, 'cocycle': 44} image {'3': 12, '4': 44, '12': 748} one-floor failures 748 checks {'realized_at_12': 748, 'realized_at_3': 12}   [2664s]
  g2 #231: colorings 0 closed 760 {'transport': 720, 'cocycle': 40} image {'3': 12, '4': 40, '12': 708} one-floor failures 708 checks {'realized_at_12': 708, 'realized_at_3': 12}   [2667s]
  g2 #232: colorings 0 closed 772 {'transport': 726, 'cocycle': 46} image {'3': 10, '4': 46, '12': 716} one-floor failures 716 checks {'realized_at_12': 716, 'realized_at_3': 10}   [2670s]
  g2 #233: colorings 0 closed 784 {'transport': 750, 'cocycle': 34} image {'3': 10, '4': 34, '12': 740} one-floor failures 740 checks {'realized_at_12': 740, 'realized_at_3': 10}   [2673s]
  g2 #234: colorings 0 closed 832 {'transport': 774, 'cocycle': 58} image {'3': 18, '4': 58, '12': 756} one-floor failures 756 checks {'realized_at_12': 756, 'realized_at_3': 18}   [2677s]
  g2 #235: colorings 0 closed 756 {'transport': 700, 'cocycle': 56} image {'3': 14, '4': 56, '12': 686} one-floor failures 686 checks {'realized_at_12': 686, 'realized_at_3': 14}   [2680s]
  g2 #236: colorings 0 closed 844 {'transport': 800, 'cocycle': 44} image {'3': 30, '4': 44, '12': 770} one-floor failures 770 checks {'realized_at_3': 30, 'realized_at_12': 770}   [2683s]
  g2 #237: colorings 0 closed 848 {'transport': 790, 'cocycle': 58} image {'3': 12, '4': 58, '12': 778} one-floor failures 778 checks {'realized_at_12': 778, 'realized_at_3': 12}   [2687s]
  g2 #238: colorings 0 closed 820 {'transport': 782, 'cocycle': 38} image {'3': 14, '4': 38, '12': 768} one-floor failures 768 checks {'realized_at_12': 768, 'realized_at_3': 14}   [2690s]
  g2 #239: colorings 0 closed 780 {'transport': 730, 'cocycle': 50} image {'3': 12, '4': 50, '12': 718} one-floor failures 718 checks {'realized_at_12': 718, 'realized_at_3': 12}   [2693s]
  g2 #240: colorings 0 closed 712 {'transport': 678, 'cocycle': 34} image {'3': 14, '4': 34, '12': 664} one-floor failures 664 checks {'realized_at_12': 664, 'realized_at_3': 14}   [2696s]
  g2 #241: colorings 0 closed 836 {'transport': 800, 'cocycle': 36} image {'3': 8, '4': 36, '12': 792} one-floor failures 792 checks {'realized_at_12': 792, 'realized_at_3': 8}   [2700s]
  g2 #242: colorings 0 closed 772 {'transport': 732, 'cocycle': 40} image {'3': 22, '4': 40, '12': 710} one-floor failures 710 checks {'realized_at_12': 710, 'realized_at_3': 22}   [2703s]
  g2 #243: colorings 0 closed 768 {'transport': 736, 'cocycle': 32} image {'3': 12, '4': 32, '12': 724} one-floor failures 724 checks {'realized_at_12': 724, 'realized_at_3': 12}   [2706s]
  g2 #244: colorings 0 closed 780 {'transport': 740, 'cocycle': 40} image {'3': 10, '4': 40, '12': 730} one-floor failures 730 checks {'realized_at_12': 730, 'realized_at_3': 10}   [2710s]
  g2 #245: colorings 0 closed 820 {'transport': 744, 'cocycle': 76} image {'3': 18, '4': 76, '12': 726} one-floor failures 726 checks {'realized_at_12': 726, 'realized_at_3': 18}   [2713s]
  g2 #246: colorings 0 closed 796 {'transport': 750, 'cocycle': 46} image {'3': 6, '4': 46, '12': 744} one-floor failures 744 checks {'realized_at_12': 744, 'realized_at_3': 6}   [2716s]
  g2 #247: colorings 0 closed 784 {'transport': 740, 'cocycle': 44} image {'3': 10, '4': 44, '12': 730} one-floor failures 730 checks {'realized_at_12': 730, 'realized_at_3': 10}   [2720s]
  g2 #248: colorings 0 closed 852 {'transport': 806, 'cocycle': 46} image {'3': 14, '4': 46, '12': 792} one-floor failures 792 checks {'realized_at_12': 792, 'realized_at_3': 14}   [2723s]
  g2 #249: colorings 0 closed 796 {'transport': 752, 'cocycle': 44} image {'3': 8, '4': 44, '12': 744} one-floor failures 744 checks {'realized_at_12': 744, 'realized_at_3': 8}   [2727s]
  g2 #250: colorings 0 closed 824 {'transport': 760, 'cocycle': 64} image {'3': 14, '4': 64, '12': 746} one-floor failures 746 checks {'realized_at_12': 746, 'realized_at_3': 14}   [2730s]
  g2 #251: colorings 0 closed 816 {'cocycle': 66, 'transport': 750} image {'3': 14, '4': 66, '12': 736} one-floor failures 736 checks {'realized_at_12': 736, 'realized_at_3': 14}   [2733s]
  g2 #252: colorings 0 closed 884 {'transport': 828, 'cocycle': 56} image {'3': 8, '4': 56, '12': 820} one-floor failures 820 checks {'realized_at_12': 820, 'realized_at_3': 8}   [2748s]
  g2 #253: colorings 0 closed 844 {'transport': 794, 'cocycle': 50} image {'3': 12, '4': 50, '12': 782} one-floor failures 782 checks {'realized_at_12': 782, 'realized_at_3': 12}   [2767s]
  g2 #254: colorings 0 closed 804 {'cocycle': 72, 'transport': 732} image {'3': 12, '4': 72, '12': 720} one-floor failures 720 checks {'realized_at_12': 720, 'realized_at_3': 12}   [2785s]
  g2 #255: colorings 0 closed 888 {'transport': 828, 'cocycle': 60} image {'3': 16, '4': 60, '12': 812} one-floor failures 812 checks {'realized_at_12': 812, 'realized_at_3': 16}   [2805s]
  g2 #256: colorings 0 closed 880 {'cocycle': 58, 'transport': 822} image {'3': 14, '4': 58, '12': 808} one-floor failures 808 checks {'realized_at_12': 808, 'realized_at_3': 14}   [2825s]
  g2 #257: colorings 0 closed 808 {'transport': 744, 'cocycle': 64} image {'3': 12, '4': 64, '12': 732} one-floor failures 732 checks {'realized_at_12': 732, 'realized_at_3': 12}   [2843s]
  g2 #258: colorings 0 closed 772 {'cocycle': 44, 'transport': 728} image {'3': 20, '4': 44, '12': 708} one-floor failures 708 checks {'realized_at_12': 708, 'realized_at_3': 20}   [2861s]
  g2 #259: colorings 0 closed 908 {'transport': 848, 'cocycle': 60} image {'3': 8, '4': 60, '12': 840} one-floor failures 840 checks {'realized_at_12': 840, 'realized_at_3': 8}   [2881s]
  g2 #260: colorings 0 closed 824 {'transport': 772, 'cocycle': 52} image {'3': 16, '4': 52, '12': 756} one-floor failures 756 checks {'realized_at_12': 756, 'realized_at_3': 16}   [2900s]
  g2 #261: colorings 0 closed 796 {'transport': 750, 'cocycle': 46} image {'3': 6, '4': 46, '12': 744} one-floor failures 744 checks {'realized_at_12': 744, 'realized_at_3': 6}   [2918s]
  g2 #262: colorings 0 closed 864 {'transport': 810, 'cocycle': 54} image {'3': 14, '4': 54, '12': 796} one-floor failures 796 checks {'realized_at_12': 796, 'realized_at_3': 14}   [2938s]
  g2 #263: colorings 0 closed 872 {'transport': 816, 'cocycle': 56} image {'3': 32, '4': 56, '12': 784} one-floor failures 784 checks {'realized_at_12': 784, 'realized_at_3': 32}   [2957s]
  g2 #264: colorings 0 closed 852 {'transport': 820, 'cocycle': 32} image {'3': 10, '4': 32, '12': 810} one-floor failures 810 checks {'realized_at_12': 810, 'realized_at_3': 10}   [3065s]
  g2 #265: colorings 0 closed 812 {'transport': 780, 'cocycle': 32} image {'3': 12, '4': 32, '12': 768} one-floor failures 768 checks {'realized_at_12': 768, 'realized_at_3': 12}   [3069s]
  g2 #266: colorings 0 closed 824 {'transport': 792, 'cocycle': 32} image {'3': 4, '4': 32, '12': 788} one-floor failures 788 checks {'realized_at_12': 788, 'realized_at_3': 4}   [3073s]
  g2 #267: colorings 0 closed 844 {'transport': 820, 'cocycle': 24} image {'3': 8, '4': 24, '12': 812} one-floor failures 812 checks {'realized_at_12': 812, 'realized_at_3': 8}   [3076s]
  g2 #268: colorings 0 closed 740 {'transport': 700, 'cocycle': 40} image {'3': 6, '4': 40, '12': 694} one-floor failures 694 checks {'realized_at_12': 694, 'realized_at_3': 6}   [3079s]
  g2 #269: colorings 0 closed 800 {'cocycle': 38, 'transport': 762} image {'3': 14, '4': 38, '12': 748} one-floor failures 748 checks {'realized_at_12': 748, 'realized_at_3': 14}   [3083s]
  g2 #270: colorings 0 closed 848 {'transport': 814, 'cocycle': 34} image {'3': 22, '4': 34, '12': 792} one-floor failures 792 checks {'realized_at_12': 792, 'realized_at_3': 22}   [3086s]
  g2 #271: colorings 0 closed 892 {'transport': 832, 'cocycle': 60} image {'3': 8, '4': 60, '12': 824} one-floor failures 824 checks {'realized_at_12': 824, 'realized_at_3': 8}   [3090s]
  g2 #272: colorings 0 closed 812 {'transport': 778, 'cocycle': 34} image {'3': 8, '4': 34, '12': 770} one-floor failures 770 checks {'realized_at_12': 770, 'realized_at_3': 8}   [3093s]
  g2 #273: colorings 0 closed 812 {'transport': 776, 'cocycle': 36} image {'3': 6, '4': 36, '12': 770} one-floor failures 770 checks {'realized_at_12': 770, 'realized_at_3': 6}   [3096s]
  g2 #274: colorings 0 closed 758 {'transport': 702, 'cocycle': 56} image {'2': 4, '3': 8, '4': 52, '12': 694} one-floor failures 694 checks {'realized_at_12': 694, 'realized_at_3': 8}   [3100s]
  g2 #275: colorings 0 closed 828 {'transport': 786, 'cocycle': 42} image {'3': 12, '4': 42, '12': 774} one-floor failures 774 checks {'realized_at_12': 774, 'realized_at_3': 12}   [3103s]
  g2 #276: colorings 0 closed 868 {'transport': 826, 'cocycle': 42} image {'3': 8, '4': 42, '12': 818} one-floor failures 818 checks {'realized_at_12': 818, 'realized_at_3': 8}   [3107s]
  g2 #277: colorings 0 closed 926 {'transport': 882, 'cocycle': 44} image {'2': 4, '3': 18, '4': 40, '12': 864} one-floor failures 864 checks {'realized_at_12': 864, 'realized_at_3': 18}   [3110s]
  g2 #278: colorings 0 closed 828 {'cocycle': 44, 'transport': 784} image {'3': 10, '4': 44, '12': 774} one-floor failures 774 checks {'realized_at_12': 774, 'realized_at_3': 10}   [3377s]
  g2 #279: colorings 0 closed 804 {'transport': 752, 'cocycle': 52} image {'3': 12, '4': 52, '12': 740} one-floor failures 740 checks {'realized_at_12': 740, 'realized_at_3': 12}   [3381s]
  g2 #280: colorings 0 closed 892 {'cocycle': 48, 'transport': 844} image {'3': 6, '4': 48, '12': 838} one-floor failures 838 checks {'realized_at_12': 838, 'realized_at_3': 6}   [3384s]
  g2 #281: colorings 0 closed 780 {'transport': 740, 'cocycle': 40} image {'3': 10, '4': 40, '12': 730} one-floor failures 730 checks {'realized_at_12': 730, 'realized_at_3': 10}   [3387s]
  g2 #282: colorings 0 closed 772 {'transport': 724, 'cocycle': 48} image {'3': 10, '4': 48, '12': 714} one-floor failures 714 checks {'realized_at_12': 714, 'realized_at_3': 10}   [3390s]
  g2 #283: colorings 0 closed 892 {'cocycle': 52, 'transport': 840} image {'3': 20, '4': 52, '12': 820} one-floor failures 820 checks {'realized_at_12': 820, 'realized_at_3': 20}   [3394s]
  g2 #284: colorings 0 closed 772 {'transport': 734, 'cocycle': 38} image {'3': 10, '4': 38, '12': 724} one-floor failures 724 checks {'realized_at_12': 724, 'realized_at_3': 10}   [3397s]
  g2 #285: colorings 0 closed 748 {'transport': 698, 'cocycle': 50} image {'3': 14, '4': 50, '12': 684} one-floor failures 684 checks {'realized_at_12': 684, 'realized_at_3': 14}   [3400s]
  g2 #286: colorings 0 closed 766 {'transport': 710, 'cocycle': 56} image {'2': 4, '3': 4, '4': 52, '12': 706} one-floor failures 706 checks {'realized_at_12': 706, 'realized_at_3': 4}   [3403s]
  g2 #287: colorings 0 closed 876 {'transport': 832, 'cocycle': 44} image {'3': 6, '4': 44, '12': 826} one-floor failures 826 checks {'realized_at_12': 826, 'realized_at_3': 6}   [3407s]
  g2 #288: colorings 0 closed 804 {'transport': 768, 'cocycle': 36} image {'3': 14, '4': 36, '12': 754} one-floor failures 754 checks {'realized_at_12': 754, 'realized_at_3': 14}   [3410s]
  g2 #289: colorings 0 closed 800 {'transport': 748, 'cocycle': 52} image {'3': 18, '4': 52, '12': 730} one-floor failures 730 checks {'realized_at_12': 730, 'realized_at_3': 18}   [3413s]
  g2 #290: colorings 0 closed 776 {'transport': 724, 'cocycle': 52} image {'3': 22, '4': 52, '12': 702} one-floor failures 702 checks {'realized_at_12': 702, 'realized_at_3': 22}   [3416s]
  g2 #291: colorings 0 closed 908 {'transport': 844, 'cocycle': 64} image {'3': 20, '4': 64, '12': 824} one-floor failures 824 checks {'realized_at_12': 824, 'realized_at_3': 20}   [3419s]
  g2 #292: colorings 0 closed 878 {'transport': 814, 'cocycle': 64} image {'2': 4, '3': 58, '4': 60, '12': 756} one-floor failures 756 checks {'realized_at_12': 756, 'realized_at_3': 58}   [3423s]
  g2 #293: colorings 0 closed 940 {'transport': 868, 'cocycle': 72} image {'3': 26, '4': 72, '12': 842} one-floor failures 842 checks {'realized_at_12': 842, 'realized_at_3': 26}   [3426s]
  g2 #294: colorings 0 closed 772 {'transport': 708, 'cocycle': 64} image {'3': 4, '4': 64, '12': 704} one-floor failures 704 checks {'realized_at_12': 704, 'realized_at_3': 4}   [3429s]
  g2 #295: colorings 0 closed 788 {'transport': 754, 'cocycle': 34} image {'3': 10, '4': 34, '12': 744} one-floor failures 744 checks {'realized_at_12': 744, 'realized_at_3': 10}   [3433s]
  g2 #296: colorings 0 closed 780 {'transport': 748, 'cocycle': 32} image {'3': 10, '4': 32, '12': 738} one-floor failures 738 checks {'realized_at_12': 738, 'realized_at_3': 10}   [3436s]
  g2 #297: colorings 0 closed 916 {'transport': 844, 'cocycle': 72} image {'3': 26, '4': 72, '12': 818} one-floor failures 818 checks {'realized_at_12': 818, 'realized_at_3': 26}   [3439s]
  g2 #298: colorings 0 closed 684 {'transport': 648, 'cocycle': 36} image {'3': 6, '4': 36, '12': 642} one-floor failures 642 checks {'realized_at_12': 642, 'realized_at_3': 6}   [3442s]
  g2 #299: colorings 0 closed 788 {'transport': 732, 'cocycle': 56} image {'3': 14, '4': 56, '12': 718} one-floor failures 718 checks {'realized_at_12': 718, 'realized_at_3': 14}   [3445s]
  g2 #300: colorings 0 closed 844 {'transport': 800, 'cocycle': 44} image {'3': 14, '4': 44, '12': 786} one-floor failures 786 checks {'realized_at_12': 786, 'realized_at_3': 14}   [3448s]
  g2 #301: colorings 0 closed 752 {'transport': 714, 'cocycle': 38} image {'3': 16, '4': 38, '12': 698} one-floor failures 698 checks {'realized_at_12': 698, 'realized_at_3': 16}   [3451s]
  g2 #302: colorings 0 closed 868 {'cocycle': 52, 'transport': 816} image {'3': 20, '4': 52, '12': 796} one-floor failures 796 checks {'realized_at_12': 796, 'realized_at_3': 20}   [3455s]
  g2 #303: colorings 0 closed 788 {'transport': 750, 'cocycle': 38} image {'3': 12, '4': 38, '12': 738} one-floor failures 738 checks {'realized_at_12': 738, 'realized_at_3': 12}   [3458s]
  g2 #304: colorings 0 closed 752 {'transport': 716, 'cocycle': 36} image {'3': 16, '4': 36, '12': 700} one-floor failures 700 checks {'realized_at_12': 700, 'realized_at_3': 16}   [3461s]
  g2 #305: colorings 0 closed 816 {'transport': 768, 'cocycle': 48} image {'3': 10, '4': 48, '12': 758} one-floor failures 758 checks {'realized_at_12': 758, 'realized_at_3': 10}   [3464s]
  g2 #306: colorings 0 closed 732 {'transport': 682, 'cocycle': 50} image {'3': 6, '4': 50, '12': 676} one-floor failures 676 checks {'realized_at_12': 676, 'realized_at_3': 6}   [3467s]
  g2 #307: colorings 0 closed 776 {'transport': 736, 'cocycle': 40} image {'3': 16, '4': 40, '12': 720} one-floor failures 720 checks {'realized_at_12': 720, 'realized_at_3': 16}   [3470s]
  g2 #308: colorings 0 closed 876 {'transport': 832, 'cocycle': 44} image {'3': 4, '4': 44, '12': 828} one-floor failures 828 checks {'realized_at_12': 828, 'realized_at_3': 4}   [3474s]
  g2 #309: colorings 0 closed 868 {'cocycle': 48, 'transport': 820} image {'3': 8, '4': 48, '12': 812} one-floor failures 812 checks {'realized_at_12': 812, 'realized_at_3': 8}   [3477s]
  g2 #310: colorings 0 closed 788 {'transport': 740, 'cocycle': 48} image {'3': 8, '4': 48, '12': 732} one-floor failures 732 checks {'realized_at_12': 732, 'realized_at_3': 8}   [3480s]
  g2 #311: colorings 0 closed 772 {'transport': 732, 'cocycle': 40} image {'3': 8, '4': 40, '12': 724} one-floor failures 724 checks {'realized_at_12': 724, 'realized_at_3': 8}   [3483s]
  g2 #312: colorings 0 closed 876 {'transport': 816, 'cocycle': 60} image {'3': 8, '4': 60, '12': 808} one-floor failures 808 checks {'realized_at_12': 808, 'realized_at_3': 8}   [3487s]
  g2 #313: colorings 0 closed 772 {'transport': 738, 'cocycle': 34} image {'3': 6, '4': 34, '12': 732} one-floor failures 732 checks {'realized_at_12': 732, 'realized_at_3': 6}   [3490s]
  g2 #314: colorings 0 closed 820 {'transport': 786, 'cocycle': 34} image {'3': 8, '4': 34, '12': 778} one-floor failures 778 checks {'realized_at_12': 778, 'realized_at_3': 8}   [3493s]
  g2 #315: colorings 0 closed 736 {'transport': 696, 'cocycle': 40} image {'3': 8, '4': 40, '12': 688} one-floor failures 688 checks {'realized_at_12': 688, 'realized_at_3': 8}   [3496s]
  g2 #316: colorings 0 closed 828 {'transport': 784, 'cocycle': 44} image {'3': 8, '4': 44, '12': 776} one-floor failures 776 checks {'realized_at_12': 776, 'realized_at_3': 8}   [3499s]
  g2 #317: colorings 0 closed 824 {'transport': 774, 'cocycle': 50} image {'3': 14, '4': 50, '12': 760} one-floor failures 760 checks {'realized_at_12': 760, 'realized_at_3': 14}   [3502s]
  g2 #318: colorings 0 closed 772 {'transport': 714, 'cocycle': 58} image {'3': 10, '4': 58, '12': 704} one-floor failures 704 checks {'realized_at_12': 704, 'realized_at_3': 10}   [3506s]
  g2 #319: colorings 0 closed 876 {'transport': 836, 'cocycle': 40} image {'3': 16, '4': 40, '12': 820} one-floor failures 820 checks {'realized_at_12': 820, 'realized_at_3': 16}   [3509s]
  g2 #320: colorings 0 closed 850 {'transport': 800, 'cocycle': 50} image {'2': 6, '3': 14, '4': 44, '12': 786} one-floor failures 786 checks {'realized_at_12': 786, 'realized_at_3': 14}   [3512s]
  g2 #321: colorings 0 closed 778 {'transport': 742, 'cocycle': 36} image {'2': 2, '3': 14, '4': 34, '12': 728} one-floor failures 728 checks {'realized_at_12': 728, 'realized_at_3': 14}   [3515s]
  g2 #322: colorings 0 closed 796 {'transport': 760, 'cocycle': 36} image {'3': 6, '4': 36, '12': 754} one-floor failures 754 checks {'realized_at_12': 754, 'realized_at_3': 6}   [3519s]
  g2 #323: colorings 0 closed 804 {'transport': 768, 'cocycle': 36} image {'3': 4, '4': 36, '12': 764} one-floor failures 764 checks {'realized_at_12': 764, 'realized_at_3': 4}   [3522s]
  g2 #324: colorings 0 closed 854 {'transport': 792, 'cocycle': 62} image {'2': 2, '3': 26, '4': 60, '12': 766} one-floor failures 766 checks {'realized_at_12': 766, 'realized_at_3': 26}   [3525s]
  g2 #325: colorings 0 closed 760 {'transport': 728, 'cocycle': 32} image {'3': 10, '4': 32, '12': 718} one-floor failures 718 checks {'realized_at_12': 718, 'realized_at_3': 10}   [3528s]
  g2 #326: colorings 0 closed 778 {'transport': 746, 'cocycle': 32} image {'2': 2, '3': 14, '4': 30, '12': 732} one-floor failures 732 checks {'realized_at_12': 732, 'realized_at_3': 14}   [3531s]
  g2 #327: colorings 0 closed 826 {'transport': 804, 'cocycle': 22} image {'3': 30, '4': 22, '12': 774} one-floor failures 774 checks {'realized_at_12': 774, 'realized_at_3': 30}   [3535s]
  g2 #328: colorings 0 closed 840 {'transport': 802, 'cocycle': 38} image {'3': 10, '4': 38, '12': 792} one-floor failures 792 checks {'realized_at_12': 792, 'realized_at_3': 10}   [3538s]
  g2 #329: colorings 0 closed 768 {'transport': 736, 'cocycle': 32} image {'3': 6, '4': 32, '12': 730} one-floor failures 730 checks {'realized_at_12': 730, 'realized_at_3': 6}   [3541s]
  g2 #330: colorings 0 closed 896 {'transport': 840, 'cocycle': 56} image {'3': 12, '4': 56, '12': 828} one-floor failures 828 checks {'realized_at_12': 828, 'realized_at_3': 12}   [3545s]
  g2 #331: colorings 0 closed 792 {'transport': 744, 'cocycle': 48} image {'3': 6, '4': 48, '12': 738} one-floor failures 738 checks {'realized_at_12': 738, 'realized_at_3': 6}   [3548s]
  g2 #332: colorings 0 closed 928 {'cocycle': 74, 'transport': 854} image {'3': 14, '4': 74, '12': 840} one-floor failures 840 checks {'realized_at_12': 840, 'realized_at_3': 14}   [3551s]
  g2 #333: colorings 0 closed 736 {'transport': 688, 'cocycle': 48} image {'3': 10, '4': 48, '12': 678} one-floor failures 678 checks {'realized_at_12': 678, 'realized_at_3': 10}   [3554s]
  g2 #334: colorings 0 closed 832 {'transport': 780, 'cocycle': 52} image {'3': 8, '4': 52, '12': 772} one-floor failures 772 checks {'realized_at_12': 772, 'realized_at_3': 8}   [3558s]
  g2 #335: colorings 0 closed 784 {'transport': 744, 'cocycle': 40} image {'3': 24, '4': 40, '12': 720} one-floor failures 720 checks {'realized_at_12': 720, 'realized_at_3': 24}   [3561s]
  g2 #336: colorings 0 closed 832 {'transport': 768, 'cocycle': 64} image {'3': 32, '4': 64, '12': 736} one-floor failures 736 checks {'realized_at_12': 736, 'realized_at_3': 32}   [3564s]
  g2 #337: colorings 0 closed 924 {'transport': 856, 'cocycle': 68} image {'3': 26, '4': 68, '12': 830} one-floor failures 830 checks {'realized_at_12': 830, 'realized_at_3': 26}   [3567s]
  g2 #338: colorings 0 closed 792 {'transport': 740, 'cocycle': 52} image {'3': 12, '4': 52, '12': 728} one-floor failures 728 checks {'realized_at_12': 728, 'realized_at_3': 12}   [3570s]
  g2 #339: colorings 0 closed 792 {'transport': 764, 'cocycle': 28} image {'3': 12, '4': 28, '12': 752} one-floor failures 752 checks {'realized_at_12': 752, 'realized_at_3': 12}   [3574s]
  g2 #340: colorings 0 closed 800 {'transport': 764, 'cocycle': 36} image {'3': 14, '4': 36, '12': 750} one-floor failures 750 checks {'realized_at_12': 750, 'realized_at_3': 14}   [3577s]
  g2 #341: colorings 0 closed 816 {'transport': 764, 'cocycle': 52} image {'3': 16, '4': 52, '12': 748} one-floor failures 748 checks {'realized_at_12': 748, 'realized_at_3': 16}   [3580s]
  g2 #342: colorings 0 closed 792 {'transport': 740, 'cocycle': 52} image {'3': 14, '4': 52, '12': 726} one-floor failures 726 checks {'realized_at_12': 726, 'realized_at_3': 14}   [3583s]
  g2 #343: colorings 0 closed 724 {'transport': 684, 'cocycle': 40} image {'3': 10, '4': 40, '12': 674} one-floor failures 674 checks {'realized_at_12': 674, 'realized_at_3': 10}   [3586s]
  g2 #344: colorings 0 closed 924 {'transport': 878, 'cocycle': 46} image {'3': 12, '4': 46, '12': 866} one-floor failures 866 checks {'realized_at_12': 866, 'realized_at_3': 12}   [3590s]
  g2 #345: colorings 0 closed 752 {'transport': 702, 'cocycle': 50} image {'3': 8, '4': 50, '12': 694} one-floor failures 694 checks {'realized_at_12': 694, 'realized_at_3': 8}   [3593s]
  g2 #346: colorings 0 closed 788 {'transport': 740, 'cocycle': 48} image {'3': 16, '4': 48, '12': 724} one-floor failures 724 checks {'realized_at_12': 724, 'realized_at_3': 16}   [3596s]
  g2 #347: colorings 0 closed 772 {'transport': 732, 'cocycle': 40} image {'3': 20, '4': 40, '12': 712} one-floor failures 712 checks {'realized_at_12': 712, 'realized_at_3': 20}   [3599s]
  g2 #348: colorings 0 closed 840 {'transport': 788, 'cocycle': 52} image {'3': 12, '4': 52, '12': 776} one-floor failures 776 checks {'realized_at_12': 776, 'realized_at_3': 12}   [3602s]
  g2 #349: colorings 0 closed 852 {'transport': 810, 'cocycle': 42} image {'3': 40, '4': 42, '12': 770} one-floor failures 770 checks {'realized_at_12': 770, 'realized_at_3': 40}   [3605s]
  g2 #350: colorings 0 closed 832 {'transport': 780, 'cocycle': 52} image {'3': 8, '4': 52, '12': 772} one-floor failures 772 checks {'realized_at_12': 772, 'realized_at_3': 8}   [3609s]
  g2 #351: colorings 0 closed 808 {'transport': 770, 'cocycle': 38} image {'3': 8, '4': 38, '12': 762} one-floor failures 762 checks {'realized_at_12': 762, 'realized_at_3': 8}   [3612s]
  g2 #352: colorings 0 closed 820 {'transport': 786, 'cocycle': 34} image {'3': 20, '4': 34, '12': 766} one-floor failures 766 checks {'realized_at_12': 766, 'realized_at_3': 20}   [3615s]
  g2 #353: colorings 0 closed 752 {'transport': 720, 'cocycle': 32} image {'3': 14, '4': 32, '12': 706} one-floor failures 706 checks {'realized_at_12': 706, 'realized_at_3': 14}   [3618s]
  g2 #354: colorings 0 closed 756 {'transport': 714, 'cocycle': 42} image {'3': 10, '4': 42, '12': 704} one-floor failures 704 checks {'realized_at_12': 704, 'realized_at_3': 10}   [3621s]
  g2 #355: colorings 0 closed 924 {'transport': 858, 'cocycle': 66} image {'3': 18, '4': 66, '12': 840} one-floor failures 840 checks {'realized_at_12': 840, 'realized_at_3': 18}   [3625s]
  g2 #356: colorings 0 closed 820 {'transport': 774, 'cocycle': 46} image {'3': 8, '4': 46, '12': 766} one-floor failures 766 checks {'realized_at_12': 766, 'realized_at_3': 8}   [3628s]
  g2 #357: colorings 0 closed 760 {'transport': 726, 'cocycle': 34} image {'3': 12, '4': 34, '12': 714} one-floor failures 714 checks {'realized_at_12': 714, 'realized_at_3': 12}   [3631s]
  g2 #358: colorings 0 closed 818 {'transport': 782, 'cocycle': 36} image {'2': 2, '3': 20, '4': 34, '12': 762} one-floor failures 762 checks {'realized_at_12': 762, 'realized_at_3': 20}   [3634s]
  g2 #359: colorings 0 closed 858 {'transport': 834, 'cocycle': 24} image {'3': 8, '4': 24, '12': 826} one-floor failures 826 checks {'realized_at_12': 826, 'realized_at_3': 8}   [3638s]
  g2 #360: colorings 0 closed 904 {'transport': 858, 'cocycle': 46} image {'3': 8, '4': 46, '12': 850} one-floor failures 850 checks {'realized_at_12': 850, 'realized_at_3': 8}   [3641s]
  g2 #361: colorings 0 closed 880 {'transport': 842, 'cocycle': 38} image {'3': 8, '4': 38, '12': 834} one-floor failures 834 checks {'realized_at_12': 834, 'realized_at_3': 8}   [3645s]
  g2 #362: colorings 0 closed 810 {'transport': 772, 'cocycle': 38} image {'2': 4, '3': 22, '4': 34, '12': 750} one-floor failures 750 checks {'realized_at_12': 750, 'realized_at_3': 22}   [3648s]
  g2 #363: colorings 0 closed 778 {'transport': 754, 'cocycle': 24} image {'2': 2, '3': 12, '4': 22, '12': 742} one-floor failures 742 checks {'realized_at_12': 742, 'realized_at_3': 12}   [3651s]
  g2 #364: colorings 0 closed 760 {'transport': 708, 'cocycle': 52} image {'3': 10, '4': 52, '12': 698} one-floor failures 698 checks {'realized_at_12': 698, 'realized_at_3': 10}   [3654s]
  g2 #365: colorings 0 closed 760 {'transport': 714, 'cocycle': 46} image {'3': 14, '4': 46, '12': 700} one-floor failures 700 checks {'realized_at_12': 700, 'realized_at_3': 14}   [3657s]
  g2 #366: colorings 0 closed 804 {'transport': 768, 'cocycle': 36} image {'3': 6, '4': 36, '12': 762} one-floor failures 762 checks {'realized_at_12': 762, 'realized_at_3': 6}   [3660s]
  g2 #367: colorings 0 closed 764 {'transport': 726, 'cocycle': 38} image {'3': 8, '4': 38, '12': 718} one-floor failures 718 checks {'realized_at_12': 718, 'realized_at_3': 8}   [3663s]
  g2 #368: colorings 0 closed 780 {'transport': 736, 'cocycle': 44} image {'3': 22, '4': 44, '12': 714} one-floor failures 714 checks {'realized_at_12': 714, 'realized_at_3': 22}   [3667s]
  g2 #369: colorings 0 closed 850 {'transport': 822, 'cocycle': 28} image {'3': 10, '4': 28, '12': 812} one-floor failures 812 checks {'realized_at_12': 812, 'realized_at_3': 10}   [3670s]
  g2 #370: colorings 0 closed 770 {'transport': 746, 'cocycle': 24} image {'2': 2, '3': 14, '4': 22, '12': 732} one-floor failures 732 checks {'realized_at_12': 732, 'realized_at_3': 14}   [3673s]
  g2 #371: colorings 0 closed 916 {'transport': 872, 'cocycle': 44} image {'3': 20, '4': 44, '12': 852} one-floor failures 852 checks {'realized_at_12': 852, 'realized_at_3': 20}   [3677s]
  g2 #372: colorings 0 closed 786 {'transport': 754, 'cocycle': 32} image {'2': 2, '3': 18, '4': 30, '12': 736} one-floor failures 736 checks {'realized_at_12': 736, 'realized_at_3': 18}   [3680s]
  g2 #373: colorings 0 closed 786 {'transport': 748, 'cocycle': 38} image {'2': 4, '3': 22, '4': 34, '12': 726} one-floor failures 726 checks {'realized_at_12': 726, 'realized_at_3': 22}   [3683s]
  g2 #374: colorings 0 closed 860 {'transport': 814, 'cocycle': 46} image {'3': 2, '4': 46, '12': 812} one-floor failures 812 checks {'realized_at_12': 812, 'realized_at_3': 2}   [3686s]
  g2 #375: colorings 0 closed 816 {'transport': 770, 'cocycle': 46} image {'3': 8, '4': 46, '12': 762} one-floor failures 762 checks {'realized_at_12': 762, 'realized_at_3': 8}   [3690s]
  g2 #376: colorings 0 closed 824 {'transport': 782, 'cocycle': 42} image {'3': 6, '4': 42, '12': 776} one-floor failures 776 checks {'realized_at_12': 776, 'realized_at_3': 6}   [3693s]
  g2 #377: colorings 0 closed 884 {'transport': 830, 'cocycle': 54} image {'3': 14, '4': 54, '12': 816} one-floor failures 816 checks {'realized_at_12': 816, 'realized_at_3': 14}   [3696s]
  g2 #378: colorings 0 closed 912 {'transport': 866, 'cocycle': 46} image {'3': 6, '4': 46, '12': 860} one-floor failures 860 checks {'realized_at_12': 860, 'realized_at_3': 6}   [3700s]
  g2 #379: colorings 0 closed 776 {'transport': 736, 'cocycle': 40} image {'3': 10, '4': 40, '12': 726} one-floor failures 726 checks {'realized_at_12': 726, 'realized_at_3': 10}   [3703s]
  g2 #380: colorings 0 closed 804 {'transport': 762, 'cocycle': 42} image {'3': 2, '4': 42, '12': 760} one-floor failures 760 checks {'realized_at_12': 760, 'realized_at_3': 2}   [3706s]
  g2 #381: colorings 0 closed 1000 {'transport': 942, 'cocycle': 58} image {'3': 36, '4': 58, '12': 906} one-floor failures 906 checks {'realized_at_12': 906, 'realized_at_3': 36}   [3710s]
  g2 #382: colorings 0 closed 836 {'transport': 780, 'cocycle': 56} image {'3': 8, '4': 56, '12': 772} one-floor failures 772 checks {'realized_at_12': 772, 'realized_at_3': 8}   [3713s]
  g2 #383: colorings 0 closed 790 {'transport': 746, 'cocycle': 44} image {'2': 4, '3': 48, '4': 40, '12': 698} one-floor failures 698 checks {'realized_at_12': 698, 'realized_at_3': 48}   [3716s]
  g2 #384: colorings 0 closed 768 {'transport': 712, 'cocycle': 56} image {'3': 20, '4': 56, '12': 692} one-floor failures 692 checks {'realized_at_12': 692, 'realized_at_3': 20}   [3719s]
  g2 #385: colorings 0 closed 756 {'transport': 712, 'cocycle': 44} image {'3': 6, '4': 44, '12': 706} one-floor failures 706 checks {'realized_at_12': 706, 'realized_at_3': 6}   [3723s]
  g2 #386: colorings 0 closed 760 {'transport': 712, 'cocycle': 48} image {'3': 6, '4': 48, '12': 706} one-floor failures 706 checks {'realized_at_12': 706, 'realized_at_3': 6}   [3726s]
  g2 #387: colorings 0 closed 812 {'transport': 756, 'cocycle': 56} image {'3': 4, '4': 56, '12': 752} one-floor failures 752 checks {'realized_at_12': 752, 'realized_at_3': 4}   [3729s]
  g2 #388: colorings 0 closed 868 {'transport': 828, 'cocycle': 40} image {'3': 8, '4': 40, '12': 820} one-floor failures 820 checks {'realized_at_12': 820, 'realized_at_3': 8}   [3732s]
  g2 #389: colorings 0 closed 830 {'transport': 792, 'cocycle': 38} image {'2': 2, '3': 28, '4': 36, '12': 764} one-floor failures 764 checks {'realized_at_12': 764, 'realized_at_3': 28}   [3736s]
  g2 #390: colorings 0 closed 820 {'transport': 786, 'cocycle': 34} image {'3': 14, '4': 34, '12': 772} one-floor failures 772 checks {'realized_at_12': 772, 'realized_at_3': 14}   [3739s]
  g2 #391: colorings 0 closed 744 {'transport': 706, 'cocycle': 38} image {'3': 12, '4': 38, '12': 694} one-floor failures 694 checks {'realized_at_12': 694, 'realized_at_3': 12}   [3742s]
  g2 #392: colorings 0 closed 792 {'transport': 748, 'cocycle': 44} image {'3': 8, '4': 44, '12': 740} one-floor failures 740 checks {'realized_at_12': 740, 'realized_at_3': 8}   [3745s]
  g2 #393: colorings 0 closed 728 {'transport': 694, 'cocycle': 34} image {'3': 12, '4': 34, '12': 682} one-floor failures 682 checks {'realized_at_12': 682, 'realized_at_3': 12}   [3748s]
  g2 #394: colorings 0 closed 760 {'transport': 726, 'cocycle': 34} image {'3': 8, '4': 34, '12': 718} one-floor failures 718 checks {'realized_at_12': 718, 'realized_at_3': 8}   [3751s]
  g2 #395: colorings 0 closed 884 {'transport': 820, 'cocycle': 64} image {'3': 16, '4': 64, '12': 804} one-floor failures 804 checks {'realized_at_12': 804, 'realized_at_3': 16}   [3755s]
  g2 #396: colorings 0 closed 860 {'transport': 828, 'cocycle': 32} image {'3': 10, '4': 32, '12': 818} one-floor failures 818 checks {'realized_at_12': 818, 'realized_at_3': 10}   [3758s]
  g2 #397: colorings 0 closed 764 {'transport': 720, 'cocycle': 44} image {'3': 18, '4': 44, '12': 702} one-floor failures 702 checks {'realized_at_12': 702, 'realized_at_3': 18}   [3761s]
  g2 #398: colorings 0 closed 816 {'transport': 784, 'cocycle': 32} image {'3': 4, '4': 32, '12': 780} one-floor failures 780 checks {'realized_at_12': 780, 'realized_at_3': 4}   [3764s]
  g2 #399: colorings 0 closed 884 {'cocycle': 60, 'transport': 824} image {'3': 8, '4': 60, '12': 816} one-floor failures 816 checks {'realized_at_12': 816, 'realized_at_3': 8}   [3768s]
  g2 #400: colorings 0 closed 850 {'transport': 828, 'cocycle': 22} image {'3': 14, '4': 22, '12': 814} one-floor failures 814 checks {'realized_at_12': 814, 'realized_at_3': 14}   [3771s]
  g2 #401: colorings 0 closed 776 {'transport': 746, 'cocycle': 30} image {'3': 16, '4': 30, '12': 730} one-floor failures 730 checks {'realized_at_12': 730, 'realized_at_3': 16}   [3774s]
  g2 #402: colorings 0 closed 790 {'transport': 754, 'cocycle': 36} image {'2': 2, '3': 14, '4': 34, '12': 740} one-floor failures 740 checks {'realized_at_12': 740, 'realized_at_3': 14}   [3777s]
  g2 #403: colorings 0 closed 888 {'transport': 828, 'cocycle': 60} image {'3': 16, '4': 60, '12': 812} one-floor failures 812 checks {'realized_at_12': 812, 'realized_at_3': 16}   [3781s]
  g2 #404: colorings 0 closed 860 {'transport': 824, 'cocycle': 36} image {'3': 6, '4': 36, '12': 818} one-floor failures 818 checks {'realized_at_12': 818, 'realized_at_3': 6}   [3784s]
  g2 #405: colorings 0 closed 728 {'transport': 700, 'cocycle': 28} image {'3': 8, '4': 28, '12': 692} one-floor failures 692 checks {'realized_at_12': 692, 'realized_at_3': 8}   [3787s]
  g2 #406: colorings 0 closed 768 {'transport': 716, 'cocycle': 52} image {'3': 12, '4': 52, '12': 704} one-floor failures 704 checks {'realized_at_12': 704, 'realized_at_3': 12}   [3790s]
  g2 #407: colorings 0 closed 774 {'transport': 738, 'cocycle': 36} image {'2': 2, '3': 16, '4': 34, '12': 722} one-floor failures 722 checks {'realized_at_12': 722, 'realized_at_3': 16}   [3793s]
  g2 #408: colorings 0 closed 740 {'transport': 704, 'cocycle': 36} image {'3': 14, '4': 36, '12': 690} one-floor failures 690 checks {'realized_at_12': 690, 'realized_at_3': 14}   [3796s]
  g2 #409: colorings 0 closed 808 {'transport': 770, 'cocycle': 38} image {'3': 8, '4': 38, '12': 762} one-floor failures 762 checks {'realized_at_12': 762, 'realized_at_3': 8}   [3800s]
  g2 #410: colorings 0 closed 764 {'transport': 718, 'cocycle': 46} image {'3': 6, '4': 46, '12': 712} one-floor failures 712 checks {'realized_at_12': 712, 'realized_at_3': 6}   [3803s]
  g2 #411: colorings 0 closed 836 {'transport': 790, 'cocycle': 46} image {'3': 14, '4': 46, '12': 776} one-floor failures 776 checks {'realized_at_12': 776, 'realized_at_3': 14}   [3806s]
  g2 #412: colorings 0 closed 824 {'transport': 760, 'cocycle': 64} image {'3': 14, '4': 64, '12': 746} one-floor failures 746 checks {'realized_at_12': 746, 'realized_at_3': 14}   [3809s]
  g2 #413: colorings 0 closed 832 {'transport': 774, 'cocycle': 58} image {'3': 14, '4': 58, '12': 760} one-floor failures 760 checks {'realized_at_12': 760, 'realized_at_3': 14}   [3812s]
  g2 #414: colorings 0 closed 728 {'transport': 678, 'cocycle': 50} image {'3': 8, '4': 50, '12': 670} one-floor failures 670 checks {'realized_at_12': 670, 'realized_at_3': 8}   [3815s]
  g2 #415: colorings 0 closed 752 {'transport': 704, 'cocycle': 48} image {'3': 8, '4': 48, '12': 696} one-floor failures 696 checks {'realized_at_12': 696, 'realized_at_3': 8}   [3818s]
  g2 #416: colorings 0 closed 804 {'transport': 732, 'cocycle': 72} image {'3': 10, '4': 72, '12': 722} one-floor failures 722 checks {'realized_at_12': 722, 'realized_at_3': 10}   [3821s]
  g2 #417: colorings 0 closed 784 {'transport': 736, 'cocycle': 48} image {'3': 24, '4': 48, '12': 712} one-floor failures 712 checks {'realized_at_12': 712, 'realized_at_3': 24}   [3825s]
  g2 #418: colorings 0 closed 796 {'transport': 768, 'cocycle': 28} image {'3': 8, '4': 28, '12': 760} one-floor failures 760 checks {'realized_at_12': 760, 'realized_at_3': 8}   [3828s]
  g2 #419: colorings 0 closed 848 {'transport': 808, 'cocycle': 40} image {'3': 14, '4': 40, '12': 794} one-floor failures 794 checks {'realized_at_12': 794, 'realized_at_3': 14}   [3831s]
  g2 #420: colorings 0 closed 768 {'transport': 728, 'cocycle': 40} image {'3': 20, '4': 40, '12': 708} one-floor failures 708 checks {'realized_at_12': 708, 'realized_at_3': 20}   [3834s]
  g2 #421: colorings 0 closed 780 {'transport': 756, 'cocycle': 24} image {'3': 12, '4': 24, '12': 744} one-floor failures 744 checks {'realized_at_12': 744, 'realized_at_3': 12}   [3837s]
  g2 #422: colorings 0 closed 884 {'transport': 836, 'cocycle': 48} image {'3': 18, '4': 48, '12': 818} one-floor failures 818 checks {'realized_at_12': 818, 'realized_at_3': 18}   [3841s]
  g2 #423: colorings 0 closed 884 {'transport': 846, 'cocycle': 38} image {'3': 14, '4': 38, '12': 832} one-floor failures 832 checks {'realized_at_12': 832, 'realized_at_3': 14}   [3844s]
  g2 #424: colorings 0 closed 776 {'transport': 740, 'cocycle': 36} image {'3': 6, '4': 36, '12': 734} one-floor failures 734 checks {'realized_at_12': 734, 'realized_at_3': 6}   [3847s]
  g2 #425: colorings 0 closed 908 {'transport': 866, 'cocycle': 42} image {'3': 12, '4': 42, '12': 854} one-floor failures 854 checks {'realized_at_12': 854, 'realized_at_3': 12}   [3851s]
  g2 #426: colorings 0 closed 920 {'transport': 858, 'cocycle': 62} image {'3': 10, '4': 62, '12': 848} one-floor failures 848 checks {'realized_at_12': 848, 'realized_at_3': 10}   [3854s]
  g2 #427: colorings 0 closed 796 {'transport': 752, 'cocycle': 44} image {'3': 8, '4': 44, '12': 744} one-floor failures 744 checks {'realized_at_12': 744, 'realized_at_3': 8}   [3858s]
  g2 #428: colorings 0 closed 900 {'transport': 854, 'cocycle': 46} image {'3': 18, '4': 46, '12': 836} one-floor failures 836 checks {'realized_at_12': 836, 'realized_at_3': 18}   [3861s]
  g2 #429: colorings 0 closed 792 {'cocycle': 44, 'transport': 748} image {'3': 14, '4': 44, '12': 734} one-floor failures 734 checks {'realized_at_12': 734, 'realized_at_3': 14}   [3864s]
  g2 #430: colorings 0 closed 792 {'transport': 768, 'cocycle': 24} image {'3': 10, '4': 24, '12': 758} one-floor failures 758 checks {'realized_at_12': 758, 'realized_at_3': 10}   [3867s]
  g2 #431: colorings 0 closed 832 {'transport': 794, 'cocycle': 38} image {'3': 8, '4': 38, '12': 786} one-floor failures 786 checks {'realized_at_12': 786, 'realized_at_3': 8}   [3871s]
  g2 #432: colorings 0 closed 884 {'transport': 820, 'cocycle': 64} image {'3': 18, '4': 64, '12': 802} one-floor failures 802 checks {'realized_at_12': 802, 'realized_at_3': 18}   [3874s]
  g2 #433: colorings 0 closed 932 {'cocycle': 64, 'transport': 868} image {'3': 20, '4': 64, '12': 848} one-floor failures 848 checks {'realized_at_12': 848, 'realized_at_3': 20}   [3877s]
  g2 #434: colorings 0 closed 752 {'transport': 718, 'cocycle': 34} image {'3': 10, '4': 34, '12': 708} one-floor failures 708 checks {'realized_at_12': 708, 'realized_at_3': 10}   [3881s]
  g2 #435: colorings 0 closed 816 {'transport': 758, 'cocycle': 58} image {'3': 10, '4': 58, '12': 748} one-floor failures 748 checks {'realized_at_12': 748, 'realized_at_3': 10}   [3884s]
  g2 #436: colorings 0 closed 752 {'transport': 718, 'cocycle': 34} image {'3': 12, '4': 34, '12': 706} one-floor failures 706 checks {'realized_at_12': 706, 'realized_at_3': 12}   [3887s]
  g2 #437: colorings 0 closed 788 {'transport': 736, 'cocycle': 52} image {'3': 8, '4': 52, '12': 728} one-floor failures 728 checks {'realized_at_12': 728, 'realized_at_3': 8}   [3890s]
  g2 #438: colorings 0 closed 840 {'cocycle': 58, 'transport': 782} image {'3': 16, '4': 58, '12': 766} one-floor failures 766 checks {'realized_at_12': 766, 'realized_at_3': 16}   [3893s]
  g2 #439: colorings 0 closed 816 {'cocycle': 48, 'transport': 768} image {'3': 12, '4': 48, '12': 756} one-floor failures 756 checks {'realized_at_12': 756, 'realized_at_3': 12}   [3896s]
  g2 #440: colorings 0 closed 908 {'transport': 856, 'cocycle': 52} image {'3': 8, '4': 52, '12': 848} one-floor failures 848 checks {'realized_at_12': 848, 'realized_at_3': 8}   [3900s]
  g2 #441: colorings 0 closed 724 {'transport': 668, 'cocycle': 56} image {'3': 6, '4': 56, '12': 662} one-floor failures 662 checks {'realized_at_12': 662, 'realized_at_3': 6}   [3903s]
  g2 #442: colorings 0 closed 792 {'transport': 746, 'cocycle': 46} image {'3': 10, '4': 46, '12': 736} one-floor failures 736 checks {'realized_at_12': 736, 'realized_at_3': 10}   [3906s]
  g2 #443: colorings 0 closed 800 {'transport': 754, 'cocycle': 46} image {'3': 16, '4': 46, '12': 738} one-floor failures 738 checks {'realized_at_12': 738, 'realized_at_3': 16}   [3909s]
  g2 #444: colorings 0 closed 812 {'transport': 776, 'cocycle': 36} image {'3': 22, '4': 36, '12': 754} one-floor failures 754 checks {'realized_at_12': 754, 'realized_at_3': 22}   [3912s]
  g2 #445: colorings 0 closed 804 {'transport': 762, 'cocycle': 42} image {'3': 10, '4': 42, '12': 752} one-floor failures 752 checks {'realized_at_12': 752, 'realized_at_3': 10}   [3915s]
  g2 #446: colorings 0 closed 816 {'transport': 768, 'cocycle': 48} image {'3': 14, '4': 48, '12': 754} one-floor failures 754 checks {'realized_at_12': 754, 'realized_at_3': 14}   [3919s]
  g2 #447: colorings 0 closed 848 {'transport': 806, 'cocycle': 42} image {'3': 16, '4': 42, '12': 790} one-floor failures 790 checks {'realized_at_12': 790, 'realized_at_3': 16}   [3922s]
  g2 #448: colorings 0 closed 764 {'transport': 724, 'cocycle': 40} image {'3': 16, '4': 40, '12': 708} one-floor failures 708 checks {'realized_at_12': 708, 'realized_at_3': 16}   [3925s]
  g2 #449: colorings 0 closed 912 {'transport': 866, 'cocycle': 46} image {'3': 4, '4': 46, '12': 862} one-floor failures 862 checks {'realized_at_12': 862, 'realized_at_3': 4}   [3929s]
  g2 #450: colorings 0 closed 936 {'transport': 874, 'cocycle': 62} image {'3': 8, '4': 62, '12': 866} one-floor failures 866 checks {'realized_at_12': 866, 'realized_at_3': 8}   [3932s]
  g2 #451: colorings 0 closed 812 {'transport': 768, 'cocycle': 44} image {'3': 6, '4': 44, '12': 762} one-floor failures 762 checks {'realized_at_12': 762, 'realized_at_3': 6}   [3935s]
  g2 #452: colorings 0 closed 808 {'transport': 766, 'cocycle': 42} image {'3': 14, '4': 42, '12': 752} one-floor failures 752 checks {'realized_at_12': 752, 'realized_at_3': 14}   [3938s]
  g2 #453: colorings 0 closed 892 {'transport': 844, 'cocycle': 48} image {'3': 16, '4': 48, '12': 828} one-floor failures 828 checks {'realized_at_12': 828, 'realized_at_3': 16}   [3942s]
  g2 #454: colorings 0 closed 860 {'transport': 820, 'cocycle': 40} image {'3': 6, '4': 40, '12': 814} one-floor failures 814 checks {'realized_at_12': 814, 'realized_at_3': 6}   [3945s]
  g2 #455: colorings 0 closed 780 {'transport': 724, 'cocycle': 56} image {'3': 8, '4': 56, '12': 716} one-floor failures 716 checks {'realized_at_12': 716, 'realized_at_3': 8}   [3948s]
  g2 #456: colorings 0 closed 748 {'transport': 710, 'cocycle': 38} image {'3': 10, '4': 38, '12': 700} one-floor failures 700 checks {'realized_at_12': 700, 'realized_at_3': 10}   [3951s]
  g2 #457: colorings 0 closed 836 {'transport': 810, 'cocycle': 26} image {'3': 20, '4': 26, '12': 790} one-floor failures 790 checks {'realized_at_12': 790, 'realized_at_3': 20}   [3955s]
  g2 #458: colorings 0 closed 880 {'transport': 822, 'cocycle': 58} image {'3': 6, '4': 58, '12': 816} one-floor failures 816 checks {'realized_at_12': 816, 'realized_at_3': 6}   [3958s]
  g2 #459: colorings 0 closed 820 {'transport': 780, 'cocycle': 40} image {'3': 10, '4': 40, '12': 770} one-floor failures 770 checks {'realized_at_12': 770, 'realized_at_3': 10}   [3961s]
  g2 #460: colorings 0 closed 884 {'transport': 830, 'cocycle': 54} image {'3': 14, '4': 54, '12': 816} one-floor failures 816 checks {'realized_at_12': 816, 'realized_at_3': 14}   [3965s]
  g2 #461: colorings 0 closed 816 {'transport': 764, 'cocycle': 52} image {'3': 6, '4': 52, '12': 758} one-floor failures 758 checks {'realized_at_12': 758, 'realized_at_3': 6}   [3968s]
  g2 #462: colorings 0 closed 748 {'transport': 708, 'cocycle': 40} image {'3': 6, '4': 40, '12': 702} one-floor failures 702 checks {'realized_at_12': 702, 'realized_at_3': 6}   [3971s]
  g2 #463: colorings 0 closed 884 {'cocycle': 44, 'transport': 840} image {'3': 6, '4': 44, '12': 834} one-floor failures 834 checks {'realized_at_12': 834, 'realized_at_3': 6}   [3974s]
  g2 #464: colorings 0 closed 832 {'transport': 792, 'cocycle': 40} image {'3': 14, '4': 40, '12': 778} one-floor failures 778 checks {'realized_at_12': 778, 'realized_at_3': 14}   [3978s]
  g2 #465: colorings 0 closed 804 {'transport': 762, 'cocycle': 42} image {'3': 6, '4': 42, '12': 756} one-floor failures 756 checks {'realized_at_12': 756, 'realized_at_3': 6}   [3981s]
  g2 #466: colorings 0 closed 868 {'transport': 824, 'cocycle': 44} image {'3': 4, '4': 44, '12': 820} one-floor failures 820 checks {'realized_at_12': 820, 'realized_at_3': 4}   [3984s]
  g2 #467: colorings 0 closed 806 {'transport': 742, 'cocycle': 64} image {'2': 4, '3': 52, '4': 60, '12': 690} one-floor failures 690 checks {'realized_at_12': 690, 'realized_at_3': 52}   [3987s]
  g2 #468: colorings 0 closed 748 {'transport': 698, 'cocycle': 50} image {'3': 4, '4': 50, '12': 694} one-floor failures 694 checks {'realized_at_12': 694, 'realized_at_3': 4}   [3990s]
  g2 #469: colorings 0 closed 820 {'transport': 780, 'cocycle': 40} image {'3': 16, '4': 40, '12': 764} one-floor failures 764 checks {'realized_at_12': 764, 'realized_at_3': 16}   [3993s]
  g2 #470: colorings 0 closed 820 {'transport': 744, 'cocycle': 76} image {'3': 14, '4': 76, '12': 730} one-floor failures 730 checks {'realized_at_12': 730, 'realized_at_3': 14}   [3997s]
  g2 #471: colorings 0 closed 836 {'transport': 780, 'cocycle': 56} image {'3': 18, '4': 56, '12': 762} one-floor failures 762 checks {'realized_at_12': 762, 'realized_at_3': 18}   [4000s]
  g2 #472: colorings 0 closed 808 {'transport': 744, 'cocycle': 64} image {'3': 14, '4': 64, '12': 730} one-floor failures 730 checks {'realized_at_12': 730, 'realized_at_3': 14}   [4003s]
  g2 #473: colorings 0 closed 734 {'transport': 688, 'cocycle': 46} image {'2': 2, '3': 12, '4': 44, '12': 676} one-floor failures 676 checks {'realized_at_12': 676, 'realized_at_3': 12}   [4006s]
  g2 #474: colorings 0 closed 808 {'transport': 748, 'cocycle': 60} image {'3': 10, '4': 60, '12': 738} one-floor failures 738 checks {'realized_at_12': 738, 'realized_at_3': 10}   [4009s]
  g2 #475: colorings 0 closed 896 {'transport': 858, 'cocycle': 38} image {'3': 10, '4': 38, '12': 848} one-floor failures 848 checks {'realized_at_12': 848, 'realized_at_3': 10}   [4013s]
  g2 #476: colorings 0 closed 892 {'transport': 848, 'cocycle': 44} image {'3': 10, '4': 44, '12': 838} one-floor failures 838 checks {'realized_at_12': 838, 'realized_at_3': 10}   [4016s]
  g2 #477: colorings 0 closed 860 {'cocycle': 52, 'transport': 808} image {'3': 6, '4': 52, '12': 802} one-floor failures 802 checks {'realized_at_12': 802, 'realized_at_3': 6}   [4019s]
  g2 #478: colorings 0 closed 792 {'transport': 754, 'cocycle': 38} image {'3': 6, '4': 38, '12': 748} one-floor failures 748 checks {'realized_at_12': 748, 'realized_at_3': 6}   [4023s]
  g2 #479: colorings 0 closed 876 {'transport': 824, 'cocycle': 52} image {'3': 24, '4': 52, '12': 800} one-floor failures 800 checks {'realized_at_12': 800, 'realized_at_3': 24}   [4026s]
  g2 #480: colorings 0 closed 884 {'transport': 832, 'cocycle': 52} image {'3': 8, '4': 52, '12': 824} one-floor failures 824 checks {'realized_at_12': 824, 'realized_at_3': 8}   [4029s]
  g2 #481: colorings 0 closed 824 {'cocycle': 42, 'transport': 782} image {'3': 6, '4': 42, '12': 776} one-floor failures 776 checks {'realized_at_12': 776, 'realized_at_3': 6}   [4033s]
  g2 #482: colorings 0 closed 824 {'transport': 792, 'cocycle': 32} image {'3': 14, '4': 32, '12': 778} one-floor failures 778 checks {'realized_at_12': 778, 'realized_at_3': 14}   [4036s]
  g2 #483: colorings 0 closed 772 {'transport': 750, 'cocycle': 22} image {'3': 10, '4': 22, '12': 740} one-floor failures 740 checks {'realized_at_12': 740, 'realized_at_3': 10}   [4039s]
  g2 #484: colorings 0 closed 756 {'transport': 716, 'cocycle': 40} image {'3': 14, '4': 40, '12': 702} one-floor failures 702 checks {'realized_at_12': 702, 'realized_at_3': 14}   [4042s]
  g2 #485: colorings 0 closed 780 {'transport': 756, 'cocycle': 24} image {'3': 10, '4': 24, '12': 746} one-floor failures 746 checks {'realized_at_12': 746, 'realized_at_3': 10}   [4045s]
  g2 #486: colorings 0 closed 808 {'transport': 766, 'cocycle': 42} image {'3': 14, '4': 42, '12': 752} one-floor failures 752 checks {'realized_at_12': 752, 'realized_at_3': 14}   [4048s]
  g2 #487: colorings 0 closed 822 {'transport': 768, 'cocycle': 54} image {'2': 8, '3': 16, '4': 46, '12': 752} one-floor failures 752 checks {'realized_at_12': 752, 'realized_at_3': 16}   [4052s]
  g2 #488: colorings 0 closed 900 {'transport': 858, 'cocycle': 42} image {'3': 14, '4': 42, '12': 844} one-floor failures 844 checks {'realized_at_12': 844, 'realized_at_3': 14}   [4055s]
  g2 #489: colorings 0 closed 896 {'transport': 852, 'cocycle': 44} image {'3': 14, '4': 44, '12': 838} one-floor failures 838 checks {'realized_at_12': 838, 'realized_at_3': 14}   [4059s]
  g2 #490: colorings 0 closed 804 {'transport': 770, 'cocycle': 34} image {'3': 16, '4': 34, '12': 754} one-floor failures 754 checks {'realized_at_12': 754, 'realized_at_3': 16}   [4062s]
  g2 #491: colorings 0 closed 896 {'transport': 858, 'cocycle': 38} image {'3': 10, '4': 38, '12': 848} one-floor failures 848 checks {'realized_at_12': 848, 'realized_at_3': 10}   [4065s]
  g2 #492: colorings 0 closed 876 {'transport': 832, 'cocycle': 44} image {'3': 10, '4': 44, '12': 822} one-floor failures 822 checks {'realized_at_12': 822, 'realized_at_3': 10}   [4069s]
  g2 #493: colorings 0 closed 876 {'transport': 842, 'cocycle': 34} image {'3': 16, '4': 34, '12': 826} one-floor failures 826 checks {'realized_at_12': 826, 'realized_at_3': 16}   [4072s]
  g2 #494: colorings 0 closed 856 {'transport': 824, 'cocycle': 32} image {'3': 12, '4': 32, '12': 812} one-floor failures 812 checks {'realized_at_12': 812, 'realized_at_3': 12}   [4076s]
  g2 #495: colorings 0 closed 780 {'cocycle': 40, 'transport': 740} image {'3': 18, '4': 40, '12': 722} one-floor failures 722 checks {'realized_at_12': 722, 'realized_at_3': 18}   [4079s]
  g2 #496: colorings 0 closed 800 {'transport': 758, 'cocycle': 42} image {'3': 14, '4': 42, '12': 744} one-floor failures 744 checks {'realized_at_12': 744, 'realized_at_3': 14}   [4082s]
  g2 #497: colorings 0 closed 844 {'cocycle': 42, 'transport': 802} image {'3': 12, '4': 42, '12': 790} one-floor failures 790 checks {'realized_at_12': 790, 'realized_at_3': 12}   [4085s]
  g2 #498: colorings 0 closed 838 {'transport': 784, 'cocycle': 54} image {'2': 8, '3': 22, '4': 46, '12': 762} one-floor failures 762 checks {'realized_at_12': 762, 'realized_at_3': 22}   [4088s]
  g2 #499: colorings 0 closed 860 {'transport': 814, 'cocycle': 46} image {'3': 18, '4': 46, '12': 796} one-floor failures 796 checks {'realized_at_12': 796, 'realized_at_3': 18}   [4092s]
  g2 #500: colorings 0 closed 892 {'cocycle': 52, 'transport': 840} image {'3': 10, '4': 52, '12': 830} one-floor failures 830 checks {'realized_at_12': 830, 'realized_at_3': 10}   [4095s]
  g2 #501: colorings 0 closed 892 {'cocycle': 52, 'transport': 840} image {'3': 8, '4': 52, '12': 832} one-floor failures 832 checks {'realized_at_12': 832, 'realized_at_3': 8}   [4099s]
  g2 #502: colorings 0 closed 840 {'transport': 798, 'cocycle': 42} image {'3': 6, '4': 42, '12': 792} one-floor failures 792 checks {'realized_at_12': 792, 'realized_at_3': 6}   [4102s]
  g2 #503: colorings 0 closed 920 {'transport': 876, 'cocycle': 44} image {'3': 14, '4': 44, '12': 862} one-floor failures 862 checks {'realized_at_12': 862, 'realized_at_3': 14}   [4106s]
  g2 #504: colorings 0 closed 780 {'transport': 736, 'cocycle': 44} image {'3': 12, '4': 44, '12': 724} one-floor failures 724 checks {'realized_at_3': 12, 'realized_at_12': 724}   [4109s]
  g2 #505: colorings 0 closed 796 {'transport': 752, 'cocycle': 44} image {'3': 26, '4': 44, '12': 726} one-floor failures 726 checks {'realized_at_12': 726, 'realized_at_3': 26}   [4112s]
  g2 #506: colorings 0 closed 740 {'cocycle': 40, 'transport': 700} image {'3': 16, '4': 40, '12': 684} one-floor failures 684 checks {'realized_at_12': 684, 'realized_at_3': 16}   [4115s]
  g2 #507: colorings 0 closed 824 {'transport': 770, 'cocycle': 54} image {'3': 12, '4': 54, '12': 758} one-floor failures 758 checks {'realized_at_12': 758, 'realized_at_3': 12}   [4118s]
  g2 #508: colorings 0 closed 852 {'transport': 802, 'cocycle': 50} image {'3': 14, '4': 50, '12': 788} one-floor failures 788 checks {'realized_at_12': 788, 'realized_at_3': 14}   [4121s]
  g2 #509: colorings 0 closed 772 {'transport': 726, 'cocycle': 46} image {'3': 10, '4': 46, '12': 716} one-floor failures 716 checks {'realized_at_12': 716, 'realized_at_3': 10}   [4124s]
  g2 #510: colorings 0 closed 808 {'transport': 748, 'cocycle': 60} image {'3': 8, '4': 60, '12': 740} one-floor failures 740 checks {'realized_at_12': 740, 'realized_at_3': 8}   [4127s]
  g2 #511: colorings 0 closed 868 {'transport': 812, 'cocycle': 56} image {'3': 8, '4': 56, '12': 804} one-floor failures 804 checks {'realized_at_12': 804, 'realized_at_3': 8}   [4131s]
  g2 #512: colorings 0 closed 816 {'transport': 786, 'cocycle': 30} image {'3': 6, '4': 30, '12': 780} one-floor failures 780 checks {'realized_at_12': 780, 'realized_at_3': 6}   [4134s]
  g2 #513: colorings 0 closed 864 {'transport': 812, 'cocycle': 52} image {'3': 22, '4': 52, '12': 790} one-floor failures 790 checks {'realized_at_12': 790, 'realized_at_3': 22}   [4137s]
  g2 #514: colorings 0 closed 824 {'transport': 782, 'cocycle': 42} image {'3': 8, '4': 42, '12': 774} one-floor failures 774 checks {'realized_at_12': 774, 'realized_at_3': 8}   [4141s]
  g2 #515: colorings 0 closed 796 {'transport': 768, 'cocycle': 28} image {'3': 18, '4': 28, '12': 750} one-floor failures 750 checks {'realized_at_12': 750, 'realized_at_3': 18}   [4144s]
  g2 #516: colorings 0 closed 836 {'cocycle': 44, 'transport': 792} image {'3': 12, '4': 44, '12': 780} one-floor failures 780 checks {'realized_at_12': 780, 'realized_at_3': 12}   [4147s]
  g2 #517: colorings 0 closed 804 {'transport': 778, 'cocycle': 26} image {'3': 10, '4': 26, '12': 768} one-floor failures 768 checks {'realized_at_12': 768, 'realized_at_3': 10}   [4150s]
  g2 #518: colorings 0 closed 800 {'transport': 768, 'cocycle': 32} image {'3': 6, '4': 32, '12': 762} one-floor failures 762 checks {'realized_at_12': 762, 'realized_at_3': 6}   [4154s]
  g2 #519: colorings 0 closed 800 {'transport': 756, 'cocycle': 44} image {'3': 20, '4': 44, '12': 736} one-floor failures 736 checks {'realized_at_12': 736, 'realized_at_3': 20}   [4157s]
  g2 #520: colorings 0 closed 840 {'transport': 798, 'cocycle': 42} image {'3': 12, '4': 42, '12': 786} one-floor failures 786 checks {'realized_at_12': 786, 'realized_at_3': 12}   [4160s]
  g2 #521: colorings 0 closed 788 {'transport': 754, 'cocycle': 34} image {'3': 14, '4': 34, '12': 740} one-floor failures 740 checks {'realized_at_12': 740, 'realized_at_3': 14}   [4163s]
  g2 #522: colorings 0 closed 784 {'transport': 742, 'cocycle': 42} image {'3': 12, '4': 42, '12': 730} one-floor failures 730 checks {'realized_at_12': 730, 'realized_at_3': 12}   [4166s]
  g2 #523: colorings 0 closed 904 {'cocycle': 68, 'transport': 836} image {'3': 28, '4': 68, '12': 808} one-floor failures 808 checks {'realized_at_12': 808, 'realized_at_3': 28}   [4170s]
  g2 #524: colorings 0 closed 828 {'transport': 770, 'cocycle': 58} image {'3': 20, '4': 58, '12': 750} one-floor failures 750 checks {'realized_at_12': 750, 'realized_at_3': 20}   [4173s]
  g2 #525: colorings 0 closed 800 {'transport': 748, 'cocycle': 52} image {'3': 12, '4': 52, '12': 736} one-floor failures 736 checks {'realized_at_12': 736, 'realized_at_3': 12}   [4176s]
  g2 #526: colorings 0 closed 760 {'transport': 718, 'cocycle': 42} image {'3': 8, '4': 42, '12': 710} one-floor failures 710 checks {'realized_at_12': 710, 'realized_at_3': 8}   [4179s]
  g2 #527: colorings 0 closed 848 {'transport': 776, 'cocycle': 72} image {'3': 18, '4': 72, '12': 758} one-floor failures 758 checks {'realized_at_12': 758, 'realized_at_3': 18}   [4182s]
  g2 #528: colorings 0 closed 856 {'transport': 784, 'cocycle': 72} image {'3': 20, '4': 72, '12': 764} one-floor failures 764 checks {'realized_at_12': 764, 'realized_at_3': 20}   [4186s]
  g2 #529: colorings 0 closed 784 {'transport': 756, 'cocycle': 28} image {'3': 16, '4': 28, '12': 740} one-floor failures 740 checks {'realized_at_12': 740, 'realized_at_3': 16}   [4189s]
  g2 #530: colorings 0 closed 742 {'transport': 706, 'cocycle': 36} image {'2': 4, '3': 20, '4': 32, '12': 686} one-floor failures 686 checks {'realized_at_12': 686, 'realized_at_3': 20}   [4192s]
  g2 #531: colorings 0 closed 792 {'transport': 762, 'cocycle': 30} image {'3': 16, '4': 30, '12': 746} one-floor failures 746 checks {'realized_at_12': 746, 'realized_at_3': 16}   [4195s]
  g2 #532: colorings 0 closed 856 {'transport': 784, 'cocycle': 72} image {'3': 18, '4': 72, '12': 766} one-floor failures 766 checks {'realized_at_12': 766, 'realized_at_3': 18}   [4198s]
  g2 #533: colorings 0 closed 848 {'cocycle': 72, 'transport': 776} image {'3': 14, '4': 72, '12': 762} one-floor failures 762 checks {'realized_at_12': 762, 'realized_at_3': 14}   [4202s]
  g2 #534: colorings 0 closed 936 {'transport': 896, 'cocycle': 40} image {'3': 12, '4': 40, '12': 884} one-floor failures 884 checks {'realized_at_12': 884, 'realized_at_3': 12}   [4205s]
  g2 #535: colorings 0 closed 864 {'transport': 802, 'cocycle': 62} image {'3': 22, '4': 62, '12': 780} one-floor failures 780 checks {'realized_at_12': 780, 'realized_at_3': 22}   [4208s]
  g2 #536: colorings 0 closed 856 {'transport': 784, 'cocycle': 72} image {'3': 18, '4': 72, '12': 766} one-floor failures 766 checks {'realized_at_12': 766, 'realized_at_3': 18}   [4212s]
  g2 #537: colorings 0 closed 856 {'transport': 784, 'cocycle': 72} image {'3': 16, '4': 72, '12': 768} one-floor failures 768 checks {'realized_at_12': 768, 'realized_at_3': 16}   [4215s]
  g2 #538: colorings 0 closed 836 {'transport': 788, 'cocycle': 48} image {'3': 14, '4': 48, '12': 774} one-floor failures 774 checks {'realized_at_12': 774, 'realized_at_3': 14}   [4218s]
  g2 #539: colorings 0 closed 836 {'transport': 788, 'cocycle': 48} image {'3': 10, '4': 48, '12': 778} one-floor failures 778 checks {'realized_at_12': 778, 'realized_at_3': 10}   [4222s]
  g2 #540: colorings 0 closed 824 {'transport': 770, 'cocycle': 54} image {'3': 14, '4': 54, '12': 756} one-floor failures 756 checks {'realized_at_12': 756, 'realized_at_3': 14}   [4225s]
  g2 #541: colorings 0 closed 824 {'transport': 778, 'cocycle': 46} image {'3': 20, '4': 46, '12': 758} one-floor failures 758 checks {'realized_at_12': 758, 'realized_at_3': 20}   [4228s]
  g2 #542: colorings 0 closed 832 {'transport': 800, 'cocycle': 32} image {'3': 6, '4': 32, '12': 794} one-floor failures 794 checks {'realized_at_12': 794, 'realized_at_3': 6}   [4232s]
  g2 #543: colorings 0 closed 828 {'transport': 774, 'cocycle': 54} image {'3': 10, '4': 54, '12': 764} one-floor failures 764 checks {'realized_at_12': 764, 'realized_at_3': 10}   [4235s]
  g2 #544: colorings 0 closed 844 {'transport': 790, 'cocycle': 54} image {'3': 8, '4': 54, '12': 782} one-floor failures 782 checks {'realized_at_12': 782, 'realized_at_3': 8}   [4238s]
  g2 #545: colorings 0 closed 856 {'transport': 810, 'cocycle': 46} image {'3': 10, '4': 46, '12': 800} one-floor failures 800 checks {'realized_at_12': 800, 'realized_at_3': 10}   [4242s]
  g2 #546: colorings 0 closed 836 {'transport': 794, 'cocycle': 42} image {'3': 8, '4': 42, '12': 786} one-floor failures 786 checks {'realized_at_12': 786, 'realized_at_3': 8}   [4245s]
  g2 #547: colorings 0 closed 792 {'transport': 748, 'cocycle': 44} image {'3': 18, '4': 44, '12': 730} one-floor failures 730 checks {'realized_at_12': 730, 'realized_at_3': 18}   [4248s]
  g2 #548: colorings 0 closed 856 {'transport': 810, 'cocycle': 46} image {'3': 10, '4': 46, '12': 800} one-floor failures 800 checks {'realized_at_12': 800, 'realized_at_3': 10}   [4251s]
  g2 #549: colorings 0 closed 856 {'transport': 802, 'cocycle': 54} image {'3': 16, '4': 54, '12': 786} one-floor failures 786 checks {'realized_at_12': 786, 'realized_at_3': 16}   [4255s]
  g2 #550: colorings 0 closed 844 {'transport': 802, 'cocycle': 42} image {'3': 4, '4': 42, '12': 798} one-floor failures 798 checks {'realized_at_12': 798, 'realized_at_3': 4}   [4258s]
  g2 #551: colorings 0 closed 824 {'transport': 792, 'cocycle': 32} image {'3': 4, '4': 32, '12': 788} one-floor failures 788 checks {'realized_at_12': 788, 'realized_at_3': 4}   [4261s]
  g2 #552: colorings 0 closed 868 {'transport': 832, 'cocycle': 36} image {'3': 10, '4': 36, '12': 822} one-floor failures 822 checks {'realized_at_12': 822, 'realized_at_3': 10}   [4265s]
  g2 #553: colorings 0 closed 800 {'transport': 768, 'cocycle': 32} image {'3': 6, '4': 32, '12': 762} one-floor failures 762 checks {'realized_at_12': 762, 'realized_at_3': 6}   [4268s]
  g2 #554: colorings 0 closed 800 {'transport': 748, 'cocycle': 52} image {'3': 12, '4': 52, '12': 736} one-floor failures 736 checks {'realized_at_12': 736, 'realized_at_3': 12}   [4271s]
  g2 #555: colorings 0 closed 812 {'transport': 754, 'cocycle': 58} image {'3': 22, '4': 58, '12': 732} one-floor failures 732 checks {'realized_at_12': 732, 'realized_at_3': 22}   [4274s]
  g2 #556: colorings 0 closed 848 {'transport': 806, 'cocycle': 42} image {'3': 14, '4': 42, '12': 792} one-floor failures 792 checks {'realized_at_12': 792, 'realized_at_3': 14}   [4278s]
  g2 #557: colorings 0 closed 748 {'transport': 714, 'cocycle': 34} image {'3': 16, '4': 34, '12': 698} one-floor failures 698 checks {'realized_at_12': 698, 'realized_at_3': 16}   [4281s]
  g2 #558: colorings 0 closed 796 {'transport': 752, 'cocycle': 44} image {'3': 16, '4': 44, '12': 736} one-floor failures 736 checks {'realized_at_12': 736, 'realized_at_3': 16}   [4284s]
  g2 #559: colorings 0 closed 812 {'transport': 774, 'cocycle': 38} image {'3': 12, '4': 38, '12': 762} one-floor failures 762 checks {'realized_at_12': 762, 'realized_at_3': 12}   [4361s]
  g2 #560: colorings 0 closed 848 {'transport': 806, 'cocycle': 42} image {'3': 8, '4': 42, '12': 798} one-floor failures 798 checks {'realized_at_12': 798, 'realized_at_3': 8}   [4365s]
  g2 #561: colorings 0 closed 852 {'transport': 814, 'cocycle': 38} image {'3': 12, '4': 38, '12': 802} one-floor failures 802 checks {'realized_at_12': 802, 'realized_at_3': 12}   [4372s]
  g2 #562: colorings 0 closed 844 {'transport': 818, 'cocycle': 26} image {'3': 10, '4': 26, '12': 808} one-floor failures 808 checks {'realized_at_12': 808, 'realized_at_3': 10}   [4375s]
  g2 #563: colorings 0 closed 748 {'transport': 712, 'cocycle': 36} image {'3': 14, '4': 36, '12': 698} one-floor failures 698 checks {'realized_at_12': 698, 'realized_at_3': 14}   [4378s]
  g2 #564: colorings 0 closed 768 {'transport': 726, 'cocycle': 42} image {'3': 12, '4': 42, '12': 714} one-floor failures 714 checks {'realized_at_12': 714, 'realized_at_3': 12}   [4381s]
  g2 #565: colorings 0 closed 784 {'transport': 750, 'cocycle': 34} image {'3': 24, '4': 34, '12': 726} one-floor failures 726 checks {'realized_at_12': 726, 'realized_at_3': 24}   [4384s]
  g2 #566: colorings 0 closed 760 {'transport': 726, 'cocycle': 34} image {'3': 12, '4': 34, '12': 714} one-floor failures 714 checks {'realized_at_12': 714, 'realized_at_3': 12}   [4387s]
  g2 #567: colorings 0 closed 952 {'cocycle': 68, 'transport': 884} image {'3': 34, '4': 68, '12': 850} one-floor failures 850 checks {'realized_at_12': 850, 'realized_at_3': 34}   [4391s]
  g2 #568: colorings 0 closed 1096 {'transport': 1028, 'cocycle': 68} image {'3': 14, '4': 68, '12': 1014} one-floor failures 1014 checks {'realized_at_12': 1014, 'realized_at_3': 14}   [4395s]
  g2 #569: colorings 0 closed 1064 {'transport': 996, 'cocycle': 68} image {'3': 12, '4': 68, '12': 984} one-floor failures 984 checks {'realized_at_12': 984, 'realized_at_3': 12}   [4399s]
  g2 #570: colorings 0 closed 936 {'transport': 904, 'cocycle': 32} image {'3': 4, '4': 32, '12': 900} one-floor failures 900 checks {'realized_at_12': 900, 'realized_at_3': 4}   [4402s]
  g2 #571: colorings 0 closed 864 {'transport': 802, 'cocycle': 62} image {'3': 16, '4': 62, '12': 786} one-floor failures 786 checks {'realized_at_12': 786, 'realized_at_3': 16}   [4406s]
  g2 #572: colorings 0 closed 968 {'transport': 912, 'cocycle': 56} image {'3': 18, '4': 56, '12': 894} one-floor failures 894 checks {'realized_at_12': 894, 'realized_at_3': 18}   [4530s]
  g2 #573: colorings 0 closed 1064 {'transport': 996, 'cocycle': 68} image {'3': 14, '4': 68, '12': 982} one-floor failures 982 checks {'realized_at_12': 982, 'realized_at_3': 14}   [4534s]
  g2 #574: colorings 0 closed 1080 {'transport': 1012, 'cocycle': 68} image {'3': 14, '4': 68, '12': 998} one-floor failures 998 checks {'realized_at_12': 998, 'realized_at_3': 14}   [4546s]
  g2 #575: colorings 0 closed 912 {'transport': 872, 'cocycle': 40} image {'3': 12, '4': 40, '12': 860} one-floor failures 860 checks {'realized_at_12': 860, 'realized_at_3': 12}   [4567s]
  g2 #576: colorings 0 closed 952 {'transport': 920, 'cocycle': 32} image {'3': 12, '4': 32, '12': 908} one-floor failures 908 checks {'realized_at_12': 908, 'realized_at_3': 12}   [4844s]
  g2 #577: colorings 0 closed 868 {'transport': 816, 'cocycle': 52} image {'3': 10, '4': 52, '12': 806} one-floor failures 806 checks {'realized_at_12': 806, 'realized_at_3': 10}   [4847s]
  g2 #578: colorings 0 closed 1032 {'transport': 1000, 'cocycle': 32} image {'3': 16, '4': 32, '12': 984} one-floor failures 984 checks {'realized_at_12': 984, 'realized_at_3': 16}   [4852s]
  g2 #579: colorings 0 closed 924 {'transport': 882, 'cocycle': 42} image {'3': 26, '4': 42, '12': 856} one-floor failures 856 checks {'realized_at_12': 856, 'realized_at_3': 26}   [4856s]
  g2 #580: colorings 0 closed 984 {'transport': 950, 'cocycle': 34} image {'3': 30, '4': 34, '12': 920} one-floor failures 920 checks {'realized_at_12': 920, 'realized_at_3': 30}   [4859s]
  g2 #581: colorings 0 closed 936 {'transport': 886, 'cocycle': 50} image {'3': 8, '4': 50, '12': 878} one-floor failures 878 checks {'realized_at_12': 878, 'realized_at_3': 8}   [4863s]
  g2 #582: colorings 0 closed 940 {'transport': 864, 'cocycle': 76} image {'3': 20, '4': 76, '12': 844} one-floor failures 844 checks {'realized_at_12': 844, 'realized_at_3': 20}   [4866s]
  g2 #583: colorings 0 closed 976 {'transport': 910, 'cocycle': 66} image {'3': 14, '4': 66, '12': 896} one-floor failures 896 checks {'realized_at_12': 896, 'realized_at_3': 14}   [4870s]
  g2 #584: colorings 0 closed 984 {'transport': 918, 'cocycle': 66} image {'3': 12, '4': 66, '12': 906} one-floor failures 906 checks {'realized_at_12': 906, 'realized_at_3': 12}   [4874s]
  g2 #585: colorings 0 closed 832 {'cocycle': 40, 'transport': 792} image {'3': 18, '4': 40, '12': 774} one-floor failures 774 checks {'realized_at_12': 774, 'realized_at_3': 18}   [4877s]
  g2 #586: colorings 0 closed 832 {'transport': 782, 'cocycle': 50} image {'3': 16, '4': 50, '12': 766} one-floor failures 766 checks {'realized_at_12': 766, 'realized_at_3': 16}   [4880s]
  g2 #587: colorings 0 closed 944 {'transport': 892, 'cocycle': 52} image {'3': 22, '4': 52, '12': 870} one-floor failures 870 checks {'realized_at_12': 870, 'realized_at_3': 22}   [4884s]
  g2 #588: colorings 0 closed 804 {'transport': 760, 'cocycle': 44} image {'3': 22, '4': 44, '12': 738} one-floor failures 738 checks {'realized_at_12': 738, 'realized_at_3': 22}   [4887s]
  g2 #589: colorings 0 closed 860 {'transport': 820, 'cocycle': 40} image {'3': 18, '4': 40, '12': 802} one-floor failures 802 checks {'realized_at_12': 802, 'realized_at_3': 18}   [5115s]
  g2 #590: colorings 0 closed 928 {'transport': 876, 'cocycle': 52} image {'3': 24, '4': 52, '12': 852} one-floor failures 852 checks {'realized_at_12': 852, 'realized_at_3': 24}   [5119s]
  g2 #591: colorings 0 closed 844 {'cocycle': 56, 'transport': 788} image {'3': 18, '4': 56, '12': 770} one-floor failures 770 checks {'realized_at_12': 770, 'realized_at_3': 18}   [5122s]
  g2 #592: colorings 0 closed 884 {'transport': 838, 'cocycle': 46} image {'3': 14, '4': 46, '12': 824} one-floor failures 824 checks {'realized_at_12': 824, 'realized_at_3': 14}   [5125s]
  g2 #593: colorings 0 closed 916 {'transport': 884, 'cocycle': 32} image {'3': 8, '4': 32, '12': 876} one-floor failures 876 checks {'realized_at_12': 876, 'realized_at_3': 8}   [5129s]
  g2 #594: colorings 0 closed 860 {'transport': 832, 'cocycle': 28} image {'3': 10, '4': 28, '12': 822} one-floor failures 822 checks {'realized_at_12': 822, 'realized_at_3': 10}   [5132s]
  g2 #595: colorings 0 closed 872 {'transport': 834, 'cocycle': 38} image {'3': 8, '4': 38, '12': 826} one-floor failures 826 checks {'realized_at_12': 826, 'realized_at_3': 8}   [5136s]
  g2 #596: colorings 0 closed 996 {'transport': 948, 'cocycle': 48} image {'3': 10, '4': 48, '12': 938} one-floor failures 938 checks {'realized_at_12': 938, 'realized_at_3': 10}   [5139s]
  g2 #597: colorings 0 closed 916 {'transport': 888, 'cocycle': 28} image {'3': 6, '4': 28, '12': 882} one-floor failures 882 checks {'realized_at_12': 882, 'realized_at_3': 6}   [5143s]
  g2 #598: colorings 0 closed 864 {'transport': 800, 'cocycle': 64} image {'3': 18, '4': 64, '12': 782} one-floor failures 782 checks {'realized_at_12': 782, 'realized_at_3': 18}   [5146s]
  g2 #599: colorings 0 closed 1136 {'transport': 1056, 'cocycle': 80} image {'3': 36, '4': 80, '12': 1020} one-floor failures 1020 checks {'realized_at_12': 1020, 'realized_at_3': 36}   [5150s]
  g2 #600: colorings 0 closed 912 {'transport': 858, 'cocycle': 54} image {'3': 16, '4': 54, '12': 842} one-floor failures 842 checks {'realized_at_12': 842, 'realized_at_3': 16}   [5154s]
  g2 #601: colorings 0 closed 984 {'transport': 912, 'cocycle': 72} image {'3': 18, '4': 72, '12': 894} one-floor failures 894 checks {'realized_at_12': 894, 'realized_at_3': 18}   [5158s]
  g2 #602: colorings 0 closed 952 {'transport': 894, 'cocycle': 58} image {'3': 34, '4': 58, '12': 860} one-floor failures 860 checks {'realized_at_12': 860, 'realized_at_3': 34}   [5161s]
  g2 #603: colorings 0 closed 876 {'cocycle': 46, 'transport': 830} image {'3': 16, '4': 46, '12': 814} one-floor failures 814 checks {'realized_at_12': 814, 'realized_at_3': 16}   [5408s]
  g2 #604: colorings 0 closed 1024 {'transport': 958, 'cocycle': 66} image {'3': 22, '4': 66, '12': 936} one-floor failures 936 checks {'realized_at_12': 936, 'realized_at_3': 22}   [5412s]
  g2 #605: colorings 0 closed 888 {'transport': 836, 'cocycle': 52} image {'3': 10, '4': 52, '12': 826} one-floor failures 826 checks {'realized_at_12': 826, 'realized_at_3': 10}   [5415s]
  g2 #606: colorings 0 closed 900 {'transport': 866, 'cocycle': 34} image {'3': 18, '4': 34, '12': 848} one-floor failures 848 checks {'realized_at_12': 848, 'realized_at_3': 18}   [5419s]
  g2 #607: colorings 0 closed 916 {'transport': 882, 'cocycle': 34} image {'3': 20, '4': 34, '12': 862} one-floor failures 862 checks {'realized_at_12': 862, 'realized_at_3': 20}   [5422s]
  g2 #608: colorings 0 closed 1020 {'transport': 946, 'cocycle': 74} image {'3': 12, '4': 74, '12': 934} one-floor failures 934 checks {'realized_at_12': 934, 'realized_at_3': 12}   [5426s]
  g2 #609: colorings 0 closed 912 {'transport': 858, 'cocycle': 54} image {'3': 10, '4': 54, '12': 848} one-floor failures 848 checks {'realized_at_12': 848, 'realized_at_3': 10}   [5429s]
  g2 #610: colorings 0 closed 936 {'cocycle': 68, 'transport': 868} image {'3': 12, '4': 68, '12': 856} one-floor failures 856 checks {'realized_at_12': 856, 'realized_at_3': 12}   [5433s]
  g2 #611: colorings 0 closed 872 {'transport': 822, 'cocycle': 50} image {'3': 16, '4': 50, '12': 806} one-floor failures 806 checks {'realized_at_12': 806, 'realized_at_3': 16}   [5436s]
  g2 #612: colorings 0 closed 852 {'transport': 806, 'cocycle': 46} image {'3': 10, '4': 46, '12': 796} one-floor failures 796 checks {'realized_at_12': 796, 'realized_at_3': 10}   [5440s]
  g2 #613: colorings 0 closed 908 {'transport': 862, 'cocycle': 46} image {'3': 26, '4': 46, '12': 836} one-floor failures 836 checks {'realized_at_12': 836, 'realized_at_3': 26}   [5444s]
  g2 #614: colorings 0 closed 912 {'transport': 880, 'cocycle': 32} image {'3': 16, '4': 32, '12': 864} one-floor failures 864 checks {'realized_at_12': 864, 'realized_at_3': 16}   [5447s]
  g2 #615: colorings 0 closed 908 {'transport': 862, 'cocycle': 46} image {'3': 22, '4': 46, '12': 840} one-floor failures 840 checks {'realized_at_12': 840, 'realized_at_3': 22}   [5451s]
  g2 #616: colorings 0 closed 934 {'transport': 882, 'cocycle': 52} image {'2': 8, '3': 22, '4': 44, '12': 860} one-floor failures 860 checks {'realized_at_12': 860, 'realized_at_3': 22}   [5455s]
  g2 #617: colorings 0 closed 904 {'transport': 842, 'cocycle': 62} image {'3': 10, '4': 62, '12': 832} one-floor failures 832 checks {'realized_at_12': 832, 'realized_at_3': 10}   [5459s]
  g2 #618: colorings 0 closed 920 {'cocycle': 56, 'transport': 864} image {'3': 18, '4': 56, '12': 846} one-floor failures 846 checks {'realized_at_12': 846, 'realized_at_3': 18}   [5462s]
  g2 #619: colorings 0 closed 840 {'transport': 784, 'cocycle': 56} image {'3': 14, '4': 56, '12': 770} one-floor failures 770 checks {'realized_at_12': 770, 'realized_at_3': 14}   [5466s]
  g2 #620: colorings 0 closed 828 {'transport': 792, 'cocycle': 36} image {'3': 32, '4': 36, '12': 760} one-floor failures 760 checks {'realized_at_12': 760, 'realized_at_3': 32}   [5469s]
  g2 #621: colorings 0 closed 880 {'transport': 850, 'cocycle': 30} image {'3': 16, '4': 30, '12': 834} one-floor failures 834 checks {'realized_at_3': 16, 'realized_at_12': 834}   [5473s]
  g2 #622: colorings 0 closed 836 {'cocycle': 42, 'transport': 794} image {'3': 18, '4': 42, '12': 776} one-floor failures 776 checks {'realized_at_12': 776, 'realized_at_3': 18}   [5714s]
  g2 #623: colorings 0 closed 824 {'transport': 776, 'cocycle': 48} image {'3': 12, '4': 48, '12': 764} one-floor failures 764 checks {'realized_at_12': 764, 'realized_at_3': 12}   [5717s]
  g2 #624: colorings 0 closed 916 {'transport': 856, 'cocycle': 60} image {'3': 20, '4': 60, '12': 836} one-floor failures 836 checks {'realized_at_12': 836, 'realized_at_3': 20}   [5721s]
  g2 #625: colorings 0 closed 912 {'transport': 866, 'cocycle': 46} image {'3': 10, '4': 46, '12': 856} one-floor failures 856 checks {'realized_at_12': 856, 'realized_at_3': 10}   [5725s]
  g2 #626: colorings 0 closed 896 {'transport': 848, 'cocycle': 48} image {'3': 26, '4': 48, '12': 822} one-floor failures 822 checks {'realized_at_12': 822, 'realized_at_3': 26}   [5729s]
  g2 #627: colorings 0 closed 966 {'transport': 932, 'cocycle': 34} image {'2': 2, '3': 10, '4': 32, '12': 922} one-floor failures 922 checks {'realized_at_12': 922, 'realized_at_3': 10}   [5733s]
  g2 #628: colorings 0 closed 988 {'transport': 904, 'cocycle': 84} image {'3': 22, '4': 84, '12': 882} one-floor failures 882 checks {'realized_at_12': 882, 'realized_at_3': 22}   [5736s]
  g2 #629: colorings 0 closed 864 {'cocycle': 54, 'transport': 810} image {'3': 10, '4': 54, '12': 800} one-floor failures 800 checks {'realized_at_12': 800, 'realized_at_3': 10}   [5740s]
  g2 #630: colorings 0 closed 990 {'transport': 922, 'cocycle': 68} image {'2': 8, '3': 22, '4': 60, '12': 900} one-floor failures 900 checks {'realized_at_12': 900, 'realized_at_3': 22}   [5744s]
  g2 #631: colorings 0 closed 866 {'transport': 826, 'cocycle': 40} image {'2': 4, '3': 6, '4': 36, '12': 820} one-floor failures 820 checks {'realized_at_12': 820, 'realized_at_3': 6}   [5747s]
  g2 #632: colorings 0 closed 940 {'transport': 872, 'cocycle': 68} image {'3': 10, '4': 68, '12': 862} one-floor failures 862 checks {'realized_at_12': 862, 'realized_at_3': 10}   [5751s]
  g2 #633: colorings 0 closed 872 {'transport': 834, 'cocycle': 38} image {'3': 6, '4': 38, '12': 828} one-floor failures 828 checks {'realized_at_12': 828, 'realized_at_3': 6}   [5755s]
  g2 #634: colorings 0 closed 912 {'transport': 862, 'cocycle': 50} image {'3': 12, '4': 50, '12': 850} one-floor failures 850 checks {'realized_at_12': 850, 'realized_at_3': 12}   [5758s]
  g2 #635: colorings 0 closed 888 {'transport': 830, 'cocycle': 58} image {'3': 30, '4': 58, '12': 800} one-floor failures 800 checks {'realized_at_12': 800, 'realized_at_3': 30}   [6038s]
  g2 #636: colorings 0 closed 816 {'transport': 768, 'cocycle': 48} image {'3': 16, '4': 48, '12': 752} one-floor failures 752 checks {'realized_at_12': 752, 'realized_at_3': 16}   [6041s]
  g2 #637: colorings 0 closed 888 {'transport': 836, 'cocycle': 52} image {'3': 20, '4': 52, '12': 816} one-floor failures 816 checks {'realized_at_12': 816, 'realized_at_3': 20}   [6045s]
  g2 #638: colorings 0 closed 864 {'transport': 826, 'cocycle': 38} image {'3': 8, '4': 38, '12': 818} one-floor failures 818 checks {'realized_at_12': 818, 'realized_at_3': 8}   [6048s]
  g2 #639: colorings 0 closed 968 {'transport': 896, 'cocycle': 72} image {'3': 18, '4': 72, '12': 878} one-floor failures 878 checks {'realized_at_12': 878, 'realized_at_3': 18}   [6052s]
  g2 #640: colorings 0 closed 880 {'transport': 834, 'cocycle': 46} image {'3': 12, '4': 46, '12': 822} one-floor failures 822 checks {'realized_at_12': 822, 'realized_at_3': 12}   [6056s]
  g2 #641: colorings 0 closed 840 {'transport': 794, 'cocycle': 46} image {'3': 6, '4': 46, '12': 788} one-floor failures 788 checks {'realized_at_12': 788, 'realized_at_3': 6}   [6059s]
  g2 #642: colorings 0 closed 1008 {'transport': 946, 'cocycle': 62} image {'3': 12, '4': 62, '12': 934} one-floor failures 934 checks {'realized_at_12': 934, 'realized_at_3': 12}   [6063s]
  g2 #643: colorings 0 closed 876 {'transport': 838, 'cocycle': 38} image {'3': 8, '4': 38, '12': 830} one-floor failures 830 checks {'realized_at_12': 830, 'realized_at_3': 8}   [6067s]
  g2 #644: colorings 0 closed 852 {'transport': 806, 'cocycle': 46} image {'3': 6, '4': 46, '12': 800} one-floor failures 800 checks {'realized_at_12': 800, 'realized_at_3': 6}   [6070s]
  g2 #645: colorings 0 closed 848 {'transport': 796, 'cocycle': 52} image {'3': 18, '4': 52, '12': 778} one-floor failures 778 checks {'realized_at_12': 778, 'realized_at_3': 18}   [6073s]
  g2 #646: colorings 0 closed 904 {'transport': 880, 'cocycle': 24} image {'3': 6, '4': 24, '12': 874} one-floor failures 874 checks {'realized_at_12': 874, 'realized_at_3': 6}   [6077s]
  g2 #647: colorings 0 closed 944 {'transport': 912, 'cocycle': 32} image {'3': 12, '4': 32, '12': 900} one-floor failures 900 checks {'realized_at_12': 900, 'realized_at_3': 12}   [6081s]
  g2 #648: colorings 0 closed 1072 {'transport': 1016, 'cocycle': 56} image {'3': 32, '4': 56, '12': 984} one-floor failures 984 checks {'realized_at_12': 984, 'realized_at_3': 32}   [6147s]
  g2 #649: colorings 0 closed 940 {'transport': 872, 'cocycle': 68} image {'3': 12, '4': 68, '12': 860} one-floor failures 860 checks {'realized_at_12': 860, 'realized_at_3': 12}   [6151s]
  g2 #650: colorings 0 closed 972 {'transport': 908, 'cocycle': 64} image {'3': 4, '4': 64, '12': 904} one-floor failures 904 checks {'realized_at_12': 904, 'realized_at_3': 4}   [6154s]
  g2 #651: colorings 0 closed 916 {'cocycle': 64, 'transport': 852} image {'3': 4, '4': 64, '12': 848} one-floor failures 848 checks {'realized_at_12': 848, 'realized_at_3': 4}   [6158s]
  g2 #652: colorings 0 closed 972 {'transport': 908, 'cocycle': 64} image {'3': 6, '4': 64, '12': 902} one-floor failures 902 checks {'realized_at_12': 902, 'realized_at_3': 6}   [6162s]
  g2 #653: colorings 0 closed 924 {'transport': 860, 'cocycle': 64} image {'3': 8, '4': 64, '12': 852} one-floor failures 852 checks {'realized_at_12': 852, 'realized_at_3': 8}   [6166s]
  g2 #654: colorings 0 closed 972 {'transport': 900, 'cocycle': 72} image {'3': 14, '4': 72, '12': 886} one-floor failures 886 checks {'realized_at_12': 886, 'realized_at_3': 14}   [6169s]
  g2 #655: colorings 0 closed 940 {'transport': 868, 'cocycle': 72} image {'3': 8, '4': 72, '12': 860} one-floor failures 860 checks {'realized_at_12': 860, 'realized_at_3': 8}   [6173s]
  g2 #656: colorings 0 closed 1052 {'cocycle': 96, 'transport': 956} image {'2': 16, '3': 16, '4': 80, '12': 940} one-floor failures 940 checks {'realized_at_12': 940, 'realized_at_3': 16}   [6177s]
  g2 #657: colorings 0 closed 1036 {'cocycle': 96, 'transport': 940} image {'2': 16, '3': 16, '4': 80, '12': 924} one-floor failures 924 checks {'realized_at_12': 924, 'realized_at_3': 16}   [6181s]
  g2 #658: colorings 0 closed 872 {'transport': 816, 'cocycle': 56} image {'3': 12, '4': 56, '12': 804} one-floor failures 804 checks {'realized_at_12': 804, 'realized_at_3': 12}   [6184s]
  g2 #659: colorings 0 closed 856 {'transport': 808, 'cocycle': 48} image {'3': 12, '4': 48, '12': 796} one-floor failures 796 checks {'realized_at_12': 796, 'realized_at_3': 12}   [6188s]
  g2 #660: colorings 0 closed 840 {'transport': 784, 'cocycle': 56} image {'3': 6, '4': 56, '12': 778} one-floor failures 778 checks {'realized_at_12': 778, 'realized_at_3': 6}   [6191s]
  g2 #661: colorings 0 closed 932 {'transport': 860, 'cocycle': 72} image {'3': 4, '4': 72, '12': 856} one-floor failures 856 checks {'realized_at_12': 856, 'realized_at_3': 4}   [6259s]
  g2 #662: colorings 0 closed 880 {'transport': 812, 'cocycle': 68} image {'3': 12, '4': 68, '12': 800} one-floor failures 800 checks {'realized_at_12': 800, 'realized_at_3': 12}   [6262s]
  g2 #663: colorings 0 closed 934 {'transport': 854, 'cocycle': 80} image {'2': 8, '3': 20, '4': 72, '12': 834} one-floor failures 834 checks {'realized_at_12': 834, 'realized_at_3': 20}   [6266s]
  g2 #664: colorings 0 closed 948 {'transport': 876, 'cocycle': 72} image {'3': 8, '4': 72, '12': 868} one-floor failures 868 checks {'realized_at_12': 868, 'realized_at_3': 8}   [6269s]
  g2 #665: colorings 0 closed 904 {'transport': 836, 'cocycle': 68} image {'3': 14, '4': 68, '12': 822} one-floor failures 822 checks {'realized_at_12': 822, 'realized_at_3': 14}   [6273s]
  g2 #666: colorings 0 closed 894 {'transport': 814, 'cocycle': 80} image {'2': 8, '3': 14, '4': 72, '12': 800} one-floor failures 800 checks {'realized_at_12': 800, 'realized_at_3': 14}   [6277s]
  g2 #667: colorings 0 closed 888 {'transport': 832, 'cocycle': 56} image {'3': 8, '4': 56, '12': 824} one-floor failures 824 checks {'realized_at_12': 824, 'realized_at_3': 8}   [6280s]
  g2 #668: colorings 0 closed 954 {'transport': 878, 'cocycle': 76} image {'2': 4, '3': 22, '4': 72, '12': 856} one-floor failures 856 checks {'realized_at_12': 856, 'realized_at_3': 22}   [6284s]
  g2 #669: colorings 0 closed 880 {'transport': 812, 'cocycle': 68} image {'3': 4, '4': 68, '12': 808} one-floor failures 808 checks {'realized_at_12': 808, 'realized_at_3': 4}   [6287s]
  g2 #670: colorings 0 closed 880 {'transport': 824, 'cocycle': 56} image {'3': 10, '4': 56, '12': 814} one-floor failures 814 checks {'realized_at_12': 814, 'realized_at_3': 10}   [6291s]
  g2 #671: colorings 0 closed 928 {'transport': 860, 'cocycle': 68} image {'3': 12, '4': 68, '12': 848} one-floor failures 848 checks {'realized_at_12': 848, 'realized_at_3': 12}   [6295s]
  g2 #672: colorings 0 closed 920 {'transport': 852, 'cocycle': 68} image {'3': 12, '4': 68, '12': 840} one-floor failures 840 checks {'realized_at_12': 840, 'realized_at_3': 12}   [6298s]
  g2 #673: colorings 0 closed 862 {'transport': 782, 'cocycle': 80} image {'2': 8, '3': 8, '4': 72, '12': 774} one-floor failures 774 checks {'realized_at_12': 774, 'realized_at_3': 8}   [6302s]
  g2 #674: colorings 0 closed 888 {'transport': 852, 'cocycle': 36} image {'3': 6, '4': 36, '12': 846} one-floor failures 846 checks {'realized_at_12': 846, 'realized_at_3': 6}   [6305s]
  g2 #675: colorings 0 closed 960 {'transport': 924, 'cocycle': 36} image {'3': 6, '4': 36, '12': 918} one-floor failures 918 checks {'realized_at_12': 918, 'realized_at_3': 6}   [6332s]
  g2 #676: colorings 0 closed 960 {'transport': 892, 'cocycle': 68} image {'3': 10, '4': 68, '12': 882} one-floor failures 882 checks {'realized_at_12': 882, 'realized_at_3': 10}   [6336s]
  g2 #677: colorings 0 closed 872 {'transport': 808, 'cocycle': 64} image {'3': 14, '4': 64, '12': 794} one-floor failures 794 checks {'realized_at_12': 794, 'realized_at_3': 14}   [6339s]
  g2 #678: colorings 0 closed 872 {'cocycle': 40, 'transport': 832} image {'3': 6, '4': 40, '12': 826} one-floor failures 826 checks {'realized_at_12': 826, 'realized_at_3': 6}   [6343s]
  g2 #679: colorings 0 closed 904 {'transport': 868, 'cocycle': 36} image {'3': 10, '4': 36, '12': 858} one-floor failures 858 checks {'realized_at_12': 858, 'realized_at_3': 10}   [6346s]
  g2 #680: colorings 0 closed 880 {'transport': 812, 'cocycle': 68} image {'4': 68, '12': 812} one-floor failures 812 checks {'realized_at_12': 812}   [6350s]
  g2 #681: colorings 0 closed 864 {'transport': 800, 'cocycle': 64} image {'3': 8, '4': 64, '12': 792} one-floor failures 792 checks {'realized_at_12': 792, 'realized_at_3': 8}   [6353s]
  g2 #682: colorings 0 closed 928 {'transport': 892, 'cocycle': 36} image {'3': 6, '4': 36, '12': 886} one-floor failures 886 checks {'realized_at_12': 886, 'realized_at_3': 6}   [6357s]
  g2 #683: colorings 0 closed 848 {'transport': 808, 'cocycle': 40} image {'3': 8, '4': 40, '12': 800} one-floor failures 800 checks {'realized_at_12': 800, 'realized_at_3': 8}   [6360s]
  g2 #684: colorings 0 closed 928 {'transport': 846, 'cocycle': 82} image {'3': 10, '4': 82, '12': 836} one-floor failures 836 checks {'realized_at_12': 836, 'realized_at_3': 10}   [6364s]
  g2 #685: colorings 0 closed 872 {'transport': 820, 'cocycle': 52} image {'3': 12, '4': 52, '12': 808} one-floor failures 808 checks {'realized_at_12': 808, 'realized_at_3': 12}   [6367s]
  g2 #686: colorings 0 closed 928 {'transport': 864, 'cocycle': 64} image {'3': 6, '4': 64, '12': 858} one-floor failures 858 checks {'realized_at_12': 858, 'realized_at_3': 6}   [6371s]
  g2 #687: colorings 0 closed 936 {'transport': 878, 'cocycle': 58} image {'3': 22, '4': 58, '12': 856} one-floor failures 856 checks {'realized_at_12': 856, 'realized_at_3': 22}   [6375s]
  g2 #688: colorings 0 closed 884 {'transport': 838, 'cocycle': 46} image {'3': 10, '4': 46, '12': 828} one-floor failures 828 checks {'realized_at_12': 828, 'realized_at_3': 10}   [6378s]
  g2 #689: colorings 0 closed 972 {'transport': 940, 'cocycle': 32} image {'3': 6, '4': 32, '12': 934} one-floor failures 934 checks {'realized_at_12': 934, 'realized_at_3': 6}   [6587s]
  g2 #690: colorings 0 closed 912 {'transport': 854, 'cocycle': 58} image {'3': 30, '4': 58, '12': 824} one-floor failures 824 checks {'realized_at_12': 824, 'realized_at_3': 30}   [6591s]
  g2 #691: colorings 0 closed 844 {'transport': 798, 'cocycle': 46} image {'3': 8, '4': 46, '12': 790} one-floor failures 790 checks {'realized_at_12': 790, 'realized_at_3': 8}   [6594s]
  g2 #692: colorings 0 closed 896 {'transport': 832, 'cocycle': 64} image {'3': 8, '4': 64, '12': 824} one-floor failures 824 checks {'realized_at_12': 824, 'realized_at_3': 8}   [6598s]
  g2 #693: colorings 0 closed 864 {'transport': 812, 'cocycle': 52} image {'3': 12, '4': 52, '12': 800} one-floor failures 800 checks {'realized_at_12': 800, 'realized_at_3': 12}   [6601s]
  g2 #694: colorings 0 closed 928 {'transport': 878, 'cocycle': 50} image {'3': 10, '4': 50, '12': 868} one-floor failures 868 checks {'realized_at_12': 868, 'realized_at_3': 10}   [6605s]
  g2 #695: colorings 0 closed 912 {'transport': 858, 'cocycle': 54} image {'3': 16, '4': 54, '12': 842} one-floor failures 842 checks {'realized_at_12': 842, 'realized_at_3': 16}   [6609s]
  g2 #696: colorings 0 closed 964 {'transport': 932, 'cocycle': 32} image {'3': 4, '4': 32, '12': 928} one-floor failures 928 checks {'realized_at_12': 928, 'realized_at_3': 4}   [6613s]
  g2 #697: colorings 0 closed 928 {'transport': 890, 'cocycle': 38} image {'3': 14, '4': 38, '12': 876} one-floor failures 876 checks {'realized_at_12': 876, 'realized_at_3': 14}   [6616s]
  g2 #698: colorings 0 closed 1044 {'transport': 1004, 'cocycle': 40} image {'3': 4, '4': 40, '12': 1000} one-floor failures 1000 checks {'realized_at_12': 1000, 'realized_at_3': 4}   [6620s]
  g2 #699: colorings 0 closed 892 {'transport': 840, 'cocycle': 52} image {'3': 12, '4': 52, '12': 828} one-floor failures 828 checks {'realized_at_12': 828, 'realized_at_3': 12}   [6624s]
  g2 #700: colorings 0 closed 1020 {'cocycle': 74, 'transport': 946} image {'3': 14, '4': 74, '12': 932} one-floor failures 932 checks {'realized_at_12': 932, 'realized_at_3': 14}   [6628s]
  g2 #701: colorings 0 closed 1120 {'cocycle': 60, 'transport': 1060} image {'3': 24, '4': 60, '12': 1036} one-floor failures 1036 checks {'realized_at_12': 1036, 'realized_at_3': 24}   [6890s]
  g2 #702: colorings 0 closed 1044 {'transport': 1004, 'cocycle': 40} image {'3': 4, '4': 40, '12': 1000} one-floor failures 1000 checks {'realized_at_12': 1000, 'realized_at_3': 4}   [6894s]
  g2 #703: colorings 0 closed 872 {'transport': 806, 'cocycle': 66} image {'3': 12, '4': 66, '12': 794} one-floor failures 794 checks {'realized_at_12': 794, 'realized_at_3': 12}   [6898s]
  g2 #704: colorings 0 closed 912 {'transport': 872, 'cocycle': 40} image {'3': 6, '4': 40, '12': 866} one-floor failures 866 checks {'realized_at_12': 866, 'realized_at_3': 6}   [6902s]
  g2 #705: colorings 0 closed 864 {'transport': 816, 'cocycle': 48} image {'3': 10, '4': 48, '12': 806} one-floor failures 806 checks {'realized_at_12': 806, 'realized_at_3': 10}   [6905s]
  g2 #706: colorings 0 closed 952 {'transport': 870, 'cocycle': 82} image {'3': 14, '4': 82, '12': 856} one-floor failures 856 checks {'realized_at_12': 856, 'realized_at_3': 14}   [6909s]
  g2 #707: colorings 0 closed 860 {'transport': 814, 'cocycle': 46} image {'3': 10, '4': 46, '12': 804} one-floor failures 804 checks {'realized_at_12': 804, 'realized_at_3': 10}   [6913s]
  g2 #708: colorings 0 closed 880 {'transport': 816, 'cocycle': 64} image {'3': 10, '4': 64, '12': 806} one-floor failures 806 checks {'realized_at_12': 806, 'realized_at_3': 10}   [6916s]
  g2 #709: colorings 0 closed 824 {'transport': 760, 'cocycle': 64} image {'3': 10, '4': 64, '12': 750} one-floor failures 750 checks {'realized_at_12': 750, 'realized_at_3': 10}   [6920s]
  g2 #710: colorings 0 closed 1020 {'cocycle': 74, 'transport': 946} image {'3': 22, '4': 74, '12': 924} one-floor failures 924 checks {'realized_at_12': 924, 'realized_at_3': 22}   [6924s]
  g2 #711: colorings 0 closed 960 {'transport': 878, 'cocycle': 82} image {'3': 20, '4': 82, '12': 858} one-floor failures 858 checks {'realized_at_12': 858, 'realized_at_3': 20}   [6928s]
  g2 #712: colorings 0 closed 920 {'transport': 880, 'cocycle': 40} image {'3': 6, '4': 40, '12': 874} one-floor failures 874 checks {'realized_at_12': 874, 'realized_at_3': 6}   [6932s]
  g2 #713: colorings 0 closed 904 {'transport': 838, 'cocycle': 66} image {'3': 20, '4': 66, '12': 818} one-floor failures 818 checks {'realized_at_12': 818, 'realized_at_3': 20}   [6935s]
  g2 #714: colorings 0 closed 840 {'transport': 776, 'cocycle': 64} image {'3': 10, '4': 64, '12': 766} one-floor failures 766 checks {'realized_at_12': 766, 'realized_at_3': 10}   [6939s]
  g2 #715: colorings 0 closed 1028 {'transport': 954, 'cocycle': 74} image {'3': 22, '4': 74, '12': 932} one-floor failures 932 checks {'realized_at_12': 932, 'realized_at_3': 22}   [6943s]
  g2 #716: colorings 0 closed 836 {'transport': 790, 'cocycle': 46} image {'3': 10, '4': 46, '12': 780} one-floor failures 780 checks {'realized_at_12': 780, 'realized_at_3': 10}   [6946s]
  g2 #717: colorings 0 closed 872 {'transport': 808, 'cocycle': 64} image {'3': 10, '4': 64, '12': 798} one-floor failures 798 checks {'realized_at_12': 798, 'realized_at_3': 10}   [7175s]
  g2 #718: colorings 0 closed 864 {'transport': 816, 'cocycle': 48} image {'3': 10, '4': 48, '12': 806} one-floor failures 806 checks {'realized_at_12': 806, 'realized_at_3': 10}   [7179s]
  g2 #719: colorings 0 closed 904 {'transport': 852, 'cocycle': 52} image {'3': 6, '4': 52, '12': 846} one-floor failures 846 checks {'realized_at_12': 846, 'realized_at_3': 6}   [7183s]
  g2 #720: colorings 0 closed 868 {'transport': 828, 'cocycle': 40} image {'3': 10, '4': 40, '12': 818} one-floor failures 818 checks {'realized_at_12': 818, 'realized_at_3': 10}   [7186s]
  g2 #721: colorings 0 closed 852 {'transport': 804, 'cocycle': 48} image {'3': 14, '4': 48, '12': 790} one-floor failures 790 checks {'realized_at_12': 790, 'realized_at_3': 14}   [7190s]
  g2 #722: colorings 0 closed 856 {'transport': 810, 'cocycle': 46} image {'3': 8, '4': 46, '12': 802} one-floor failures 802 checks {'realized_at_12': 802, 'realized_at_3': 8}   [7193s]
  g2 #723: colorings 0 closed 924 {'transport': 894, 'cocycle': 30} image {'3': 12, '4': 30, '12': 882} one-floor failures 882 checks {'realized_at_12': 882, 'realized_at_3': 12}   [7197s]
  g2 #724: colorings 0 closed 892 {'transport': 856, 'cocycle': 36} image {'3': 8, '4': 36, '12': 848} one-floor failures 848 checks {'realized_at_12': 848, 'realized_at_3': 8}   [7201s]
  g2 #725: colorings 0 closed 800 {'transport': 760, 'cocycle': 40} image {'3': 12, '4': 40, '12': 748} one-floor failures 748 checks {'realized_at_12': 748, 'realized_at_3': 12}   [7204s]
  g2 #726: colorings 0 closed 932 {'transport': 898, 'cocycle': 34} image {'3': 14, '4': 34, '12': 884} one-floor failures 884 checks {'realized_at_12': 884, 'realized_at_3': 14}   [7208s]
  g2 #727: colorings 0 closed 1120 {'transport': 1040, 'cocycle': 80} image {'3': 34, '4': 80, '12': 1006} one-floor failures 1006 checks {'realized_at_12': 1006, 'realized_at_3': 34}   [7212s]
  g2 #728: colorings 0 closed 964 {'transport': 928, 'cocycle': 36} image {'3': 10, '4': 36, '12': 918} one-floor failures 918 checks {'realized_at_12': 918, 'realized_at_3': 10}   [7216s]
  g2 #729: colorings 0 closed 976 {'transport': 904, 'cocycle': 72} image {'3': 16, '4': 72, '12': 888} one-floor failures 888 checks {'realized_at_12': 888, 'realized_at_3': 16}   [7220s]
  g2 #730: colorings 0 closed 916 {'transport': 888, 'cocycle': 28} image {'3': 8, '4': 28, '12': 880} one-floor failures 880 checks {'realized_at_12': 880, 'realized_at_3': 8}   [7475s]
  g2 #731: colorings 0 closed 956 {'transport': 918, 'cocycle': 38} image {'3': 18, '4': 38, '12': 900} one-floor failures 900 checks {'realized_at_12': 900, 'realized_at_3': 18}   [7479s]
  g2 #732: colorings 0 closed 892 {'transport': 864, 'cocycle': 28} image {'3': 10, '4': 28, '12': 854} one-floor failures 854 checks {'realized_at_12': 854, 'realized_at_3': 10}   [7482s]
  g2 #733: colorings 0 closed 848 {'transport': 784, 'cocycle': 64} image {'3': 12, '4': 64, '12': 772} one-floor failures 772 checks {'realized_at_12': 772, 'realized_at_3': 12}   [7486s]
  g2 #734: colorings 0 closed 964 {'transport': 916, 'cocycle': 48} image {'3': 14, '4': 48, '12': 902} one-floor failures 902 checks {'realized_at_12': 902, 'realized_at_3': 14}   [7491s]
  g2 #735: colorings 0 closed 848 {'transport': 804, 'cocycle': 44} image {'3': 10, '4': 44, '12': 794} one-floor failures 794 checks {'realized_at_12': 794, 'realized_at_3': 10}   [7494s]
  g2 #736: colorings 0 closed 860 {'transport': 816, 'cocycle': 44} image {'3': 8, '4': 44, '12': 808} one-floor failures 808 checks {'realized_at_12': 808, 'realized_at_3': 8}   [7498s]
  g2 #737: colorings 0 closed 988 {'transport': 904, 'cocycle': 84} image {'3': 26, '4': 84, '12': 878} one-floor failures 878 checks {'realized_at_12': 878, 'realized_at_3': 26}   [7501s]
  g2 #738: colorings 0 closed 868 {'transport': 820, 'cocycle': 48} image {'3': 16, '4': 48, '12': 804} one-floor failures 804 checks {'realized_at_12': 804, 'realized_at_3': 16}   [7505s]
  g2 #739: colorings 0 closed 792 {'transport': 752, 'cocycle': 40} image {'3': 4, '4': 40, '12': 748} one-floor failures 748 checks {'realized_at_12': 748, 'realized_at_3': 4}   [7508s]
  g2 #740: colorings 0 closed 856 {'transport': 814, 'cocycle': 42} image {'3': 8, '4': 42, '12': 806} one-floor failures 806 checks {'realized_at_12': 806, 'realized_at_3': 8}   [7512s]
  g2 #741: colorings 0 closed 896 {'cocycle': 60, 'transport': 836} image {'3': 32, '4': 60, '12': 804} one-floor failures 804 checks {'realized_at_12': 804, 'realized_at_3': 32}   [7515s]
  g2 #742: colorings 0 closed 888 {'transport': 824, 'cocycle': 64} image {'3': 14, '4': 64, '12': 810} one-floor failures 810 checks {'realized_at_12': 810, 'realized_at_3': 14}   [7519s]
  g2 #743: colorings 0 closed 792 {'transport': 752, 'cocycle': 40} image {'3': 12, '4': 40, '12': 740} one-floor failures 740 checks {'realized_at_12': 740, 'realized_at_3': 12}   [7522s]
  g2 #744: colorings 0 closed 834 {'transport': 776, 'cocycle': 58} image {'3': 20, '4': 58, '12': 756} one-floor failures 756 checks {'realized_at_12': 756, 'realized_at_3': 20}   [7526s]
  g2 #745: colorings 0 closed 824 {'transport': 772, 'cocycle': 52} image {'3': 8, '4': 52, '12': 764} one-floor failures 764 checks {'realized_at_12': 764, 'realized_at_3': 8}   [7529s]
  g2 #746: colorings 0 closed 964 {'transport': 906, 'cocycle': 58} image {'3': 20, '4': 58, '12': 886} one-floor failures 886 checks {'realized_at_12': 886, 'realized_at_3': 20}   [7533s]
  g2 #747: colorings 0 closed 912 {'transport': 840, 'cocycle': 72} image {'3': 12, '4': 72, '12': 828} one-floor failures 828 checks {'realized_at_12': 828, 'realized_at_3': 12}   [7536s]
  g2 #748: colorings 0 closed 904 {'cocycle': 52, 'transport': 852} image {'3': 12, '4': 52, '12': 840} one-floor failures 840 checks {'realized_at_12': 840, 'realized_at_3': 12}   [7775s]
  g2 #749: colorings 0 closed 856 {'cocycle': 52, 'transport': 804} image {'3': 8, '4': 52, '12': 796} one-floor failures 796 checks {'realized_at_12': 796, 'realized_at_3': 8}   [7779s]
  g2 #750: colorings 0 closed 902 {'transport': 818, 'cocycle': 84} image {'2': 4, '3': 28, '4': 80, '12': 790} one-floor failures 790 checks {'realized_at_12': 790, 'realized_at_3': 28}   [7782s]
  g2 #751: colorings 0 closed 840 {'transport': 790, 'cocycle': 50} image {'3': 4, '4': 50, '12': 786} one-floor failures 786 checks {'realized_at_12': 786, 'realized_at_3': 4}   [7786s]
  g2 #752: colorings 0 closed 810 {'transport': 752, 'cocycle': 58} image {'3': 14, '4': 58, '12': 738} one-floor failures 738 checks {'realized_at_12': 738, 'realized_at_3': 14}   [7789s]
  g2 #753: colorings 0 closed 882 {'transport': 842, 'cocycle': 40} image {'3': 42, '4': 40, '12': 800} one-floor failures 800 checks {'realized_at_12': 800, 'realized_at_3': 42}   [7793s]
  g2 #754: colorings 0 closed 1132 {'cocycle': 128, 'transport': 1004} image {'3': 46, '4': 128, '12': 958} one-floor failures 958 checks {'realized_at_12': 958, 'realized_at_3': 46}   [7797s]
  g2 #755: colorings 0 closed 916 {'transport': 880, 'cocycle': 36} image {'3': 8, '4': 36, '12': 872} one-floor failures 872 checks {'realized_at_12': 872, 'realized_at_3': 8}   [7801s]
  g2 #756: colorings 0 closed 840 {'transport': 812, 'cocycle': 28} image {'3': 10, '4': 28, '12': 802} one-floor failures 802 checks {'realized_at_12': 802, 'realized_at_3': 10}   [7804s]
  g2 #757: colorings 0 closed 904 {'transport': 852, 'cocycle': 52} image {'3': 8, '4': 52, '12': 844} one-floor failures 844 checks {'realized_at_12': 844, 'realized_at_3': 8}   [7808s]
  g2 #758: colorings 0 closed 804 {'transport': 768, 'cocycle': 36} image {'3': 6, '4': 36, '12': 762} one-floor failures 762 checks {'realized_at_12': 762, 'realized_at_3': 6}   [7811s]
  g2 #759: colorings 0 closed 864 {'transport': 812, 'cocycle': 52} image {'3': 10, '4': 52, '12': 802} one-floor failures 802 checks {'realized_at_12': 802, 'realized_at_3': 10}   [7815s]
  g2 #760: colorings 0 closed 880 {'transport': 816, 'cocycle': 64} image {'3': 16, '4': 64, '12': 800} one-floor failures 800 checks {'realized_at_12': 800, 'realized_at_3': 16}   [7818s]
  g2 #761: colorings 0 closed 868 {'transport': 812, 'cocycle': 56} image {'3': 14, '4': 56, '12': 798} one-floor failures 798 checks {'realized_at_12': 798, 'realized_at_3': 14}   [7937s]
  g2 #762: colorings 0 closed 928 {'transport': 898, 'cocycle': 30} image {'3': 16, '4': 30, '12': 882} one-floor failures 882 checks {'realized_at_12': 882, 'realized_at_3': 16}   [7941s]
  g2 #763: colorings 0 closed 980 {'transport': 922, 'cocycle': 58} image {'3': 20, '4': 58, '12': 902} one-floor failures 902 checks {'realized_at_12': 902, 'realized_at_3': 20}   [7945s]
  g2 #764: colorings 0 closed 904 {'transport': 852, 'cocycle': 52} image {'3': 12, '4': 52, '12': 840} one-floor failures 840 checks {'realized_at_12': 840, 'realized_at_3': 12}   [7948s]
  g2 #765: colorings 0 closed 868 {'transport': 832, 'cocycle': 36} image {'3': 10, '4': 36, '12': 822} one-floor failures 822 checks {'realized_at_12': 822, 'realized_at_3': 10}   [7952s]
  g2 #766: colorings 0 closed 920 {'transport': 858, 'cocycle': 62} image {'3': 18, '4': 62, '12': 840} one-floor failures 840 checks {'realized_at_12': 840, 'realized_at_3': 18}   [7956s]
  g2 #767: colorings 0 closed 984 {'transport': 924, 'cocycle': 60} image {'3': 16, '4': 60, '12': 908} one-floor failures 908 checks {'realized_at_12': 908, 'realized_at_3': 16}   [7960s]
  g2 #768: colorings 0 closed 864 {'transport': 816, 'cocycle': 48} image {'3': 12, '4': 48, '12': 804} one-floor failures 804 checks {'realized_at_12': 804, 'realized_at_3': 12}   [7963s]
  g2 #769: colorings 0 closed 968 {'transport': 934, 'cocycle': 34} image {'3': 6, '4': 34, '12': 928} one-floor failures 928 checks {'realized_at_12': 928, 'realized_at_3': 6}   [7967s]
  g2 #770: colorings 0 closed 910 {'transport': 862, 'cocycle': 48} image {'2': 2, '3': 16, '4': 46, '12': 846} one-floor failures 846 checks {'realized_at_12': 846, 'realized_at_3': 16}   [7971s]
  g2 #771: colorings 0 closed 870 {'transport': 800, 'cocycle': 70} image {'2': 2, '3': 24, '4': 68, '12': 776} one-floor failures 776 checks {'realized_at_12': 776, 'realized_at_3': 24}   [7974s]
  g2 #772: colorings 0 closed 864 {'transport': 800, 'cocycle': 64} image {'3': 30, '4': 64, '12': 770} one-floor failures 770 checks {'realized_at_12': 770, 'realized_at_3': 30}   [7977s]
  g2 #773: colorings 0 closed 956 {'transport': 908, 'cocycle': 48} image {'3': 12, '4': 48, '12': 896} one-floor failures 896 checks {'realized_at_12': 896, 'realized_at_3': 12}   [7981s]
  g2 #774: colorings 0 closed 868 {'transport': 816, 'cocycle': 52} image {'3': 4, '4': 52, '12': 812} one-floor failures 812 checks {'realized_at_12': 812, 'realized_at_3': 4}   [8071s]
  g2 #775: colorings 0 closed 852 {'transport': 816, 'cocycle': 36} image {'3': 36, '4': 36, '12': 780} one-floor failures 780 checks {'realized_at_12': 780, 'realized_at_3': 36}   [8075s]
  g2 #776: colorings 0 closed 908 {'transport': 848, 'cocycle': 60} image {'3': 8, '4': 60, '12': 840} one-floor failures 840 checks {'realized_at_12': 840, 'realized_at_3': 8}   [8078s]
  g2 #777: colorings 0 closed 932 {'transport': 886, 'cocycle': 46} image {'3': 30, '4': 46, '12': 856} one-floor failures 856 checks {'realized_at_12': 856, 'realized_at_3': 30}   [8082s]
  g2 #778: colorings 0 closed 982 {'transport': 930, 'cocycle': 52} image {'2': 8, '3': 38, '4': 44, '12': 892} one-floor failures 892 checks {'realized_at_12': 892, 'realized_at_3': 38}   [8086s]
  g2 #779: colorings 0 closed 860 {'transport': 816, 'cocycle': 44} image {'3': 12, '4': 44, '12': 804} one-floor failures 804 checks {'realized_at_12': 804, 'realized_at_3': 12}   [8089s]
  g2 #780: colorings 0 closed 876 {'transport': 824, 'cocycle': 52} image {'3': 12, '4': 52, '12': 812} one-floor failures 812 checks {'realized_at_12': 812, 'realized_at_3': 12}   [8093s]
  g2 #781: colorings 0 closed 840 {'transport': 802, 'cocycle': 38} image {'3': 4, '4': 38, '12': 798} one-floor failures 798 checks {'realized_at_12': 798, 'realized_at_3': 4}   [8096s]
  g2 #782: colorings 0 closed 808 {'transport': 768, 'cocycle': 40} image {'3': 10, '4': 40, '12': 758} one-floor failures 758 checks {'realized_at_12': 758, 'realized_at_3': 10}   [8100s]
  g2 #783: colorings 0 closed 960 {'transport': 898, 'cocycle': 62} image {'3': 20, '4': 62, '12': 878} one-floor failures 878 checks {'realized_at_12': 878, 'realized_at_3': 20}   [8103s]
  g2 #784: colorings 0 closed 888 {'transport': 846, 'cocycle': 42} image {'3': 18, '4': 42, '12': 828} one-floor failures 828 checks {'realized_at_12': 828, 'realized_at_3': 18}   [8107s]
  g2 #785: colorings 0 closed 912 {'cocycle': 64, 'transport': 848} image {'3': 14, '4': 64, '12': 834} one-floor failures 834 checks {'realized_at_12': 834, 'realized_at_3': 14}   [8111s]
  g2 #786: colorings 0 closed 888 {'transport': 824, 'cocycle': 64} image {'3': 6, '4': 64, '12': 818} one-floor failures 818 checks {'realized_at_12': 818, 'realized_at_3': 6}   [8114s]
  g2 #787: colorings 0 closed 944 {'transport': 862, 'cocycle': 82} image {'3': 6, '4': 82, '12': 856} one-floor failures 856 checks {'realized_at_12': 856, 'realized_at_3': 6}   [8118s]
  g2 #788: colorings 0 closed 832 {'transport': 780, 'cocycle': 52} image {'3': 10, '4': 52, '12': 770} one-floor failures 770 checks {'realized_at_12': 770, 'realized_at_3': 10}   [8122s]
  g2 #789: colorings 0 closed 1000 {'transport': 934, 'cocycle': 66} image {'3': 22, '4': 66, '12': 912} one-floor failures 912 checks {'realized_at_12': 912, 'realized_at_3': 22}   [8346s]
  g2 #790: colorings 0 closed 844 {'transport': 798, 'cocycle': 46} image {'3': 20, '4': 46, '12': 778} one-floor failures 778 checks {'realized_at_12': 778, 'realized_at_3': 20}   [8349s]
  g2 #791: colorings 0 closed 868 {'transport': 822, 'cocycle': 46} image {'3': 14, '4': 46, '12': 808} one-floor failures 808 checks {'realized_at_12': 808, 'realized_at_3': 14}   [8353s]
  g2 #792: colorings 0 closed 832 {'transport': 780, 'cocycle': 52} image {'3': 8, '4': 52, '12': 772} one-floor failures 772 checks {'realized_at_12': 772, 'realized_at_3': 8}   [8356s]
  g2 #793: colorings 0 closed 908 {'transport': 860, 'cocycle': 48} image {'3': 14, '4': 48, '12': 846} one-floor failures 846 checks {'realized_at_12': 846, 'realized_at_3': 14}   [8360s]
  g2 #794: colorings 0 closed 968 {'transport': 926, 'cocycle': 42} image {'3': 14, '4': 42, '12': 912} one-floor failures 912 checks {'realized_at_12': 912, 'realized_at_3': 14}   [8364s]
  g2 #795: colorings 0 closed 920 {'transport': 878, 'cocycle': 42} image {'3': 8, '4': 42, '12': 870} one-floor failures 870 checks {'realized_at_12': 870, 'realized_at_3': 8}   [8368s]
  g2 #796: colorings 0 closed 880 {'transport': 846, 'cocycle': 34} image {'3': 8, '4': 34, '12': 838} one-floor failures 838 checks {'realized_at_12': 838, 'realized_at_3': 8}   [8371s]
  g2 #797: colorings 0 closed 860 {'transport': 808, 'cocycle': 52} image {'3': 12, '4': 52, '12': 796} one-floor failures 796 checks {'realized_at_12': 796, 'realized_at_3': 12}   [8375s]
  g2 #798: colorings 0 closed 808 {'transport': 780, 'cocycle': 28} image {'3': 6, '4': 28, '12': 774} one-floor failures 774 checks {'realized_at_12': 774, 'realized_at_3': 6}   [8378s]
  g2 #799: colorings 0 closed 832 {'transport': 776, 'cocycle': 56} image {'3': 14, '4': 56, '12': 762} one-floor failures 762 checks {'realized_at_12': 762, 'realized_at_3': 14}   [8381s]
  g2 #800: colorings 0 closed 804 {'transport': 760, 'cocycle': 44} image {'3': 22, '4': 44, '12': 738} one-floor failures 738 checks {'realized_at_12': 738, 'realized_at_3': 22}   [8385s]
  g2 #801: colorings 0 closed 944 {'transport': 898, 'cocycle': 46} image {'3': 12, '4': 46, '12': 886} one-floor failures 886 checks {'realized_at_12': 886, 'realized_at_3': 12}   [8389s]
  g2 #802: colorings 0 closed 880 {'cocycle': 52, 'transport': 828} image {'3': 10, '4': 52, '12': 818} one-floor failures 818 checks {'realized_at_12': 818, 'realized_at_3': 10}   [8664s]
  g2 #803: colorings 0 closed 884 {'transport': 838, 'cocycle': 46} image {'3': 6, '4': 46, '12': 832} one-floor failures 832 checks {'realized_at_12': 832, 'realized_at_3': 6}   [8668s]
  g2 #804: colorings 0 closed 840 {'transport': 798, 'cocycle': 42} image {'3': 10, '4': 42, '12': 788} one-floor failures 788 checks {'realized_at_12': 788, 'realized_at_3': 10}   [8671s]
  g2 #805: colorings 0 closed 848 {'transport': 812, 'cocycle': 36} image {'3': 16, '4': 36, '12': 796} one-floor failures 796 checks {'realized_at_12': 796, 'realized_at_3': 16}   [8675s]
  g2 #806: colorings 0 closed 776 {'transport': 748, 'cocycle': 28} image {'3': 14, '4': 28, '12': 734} one-floor failures 734 checks {'realized_at_12': 734, 'realized_at_3': 14}   [8678s]
  g2 #807: colorings 0 closed 872 {'transport': 818, 'cocycle': 54} image {'3': 18, '4': 54, '12': 800} one-floor failures 800 checks {'realized_at_12': 800, 'realized_at_3': 18}   [8682s]
  g2 #808: colorings 0 closed 944 {'transport': 900, 'cocycle': 44} image {'3': 18, '4': 44, '12': 882} one-floor failures 882 checks {'realized_at_12': 882, 'realized_at_3': 18}   [8685s]
  g2 #809: colorings 0 closed 880 {'transport': 830, 'cocycle': 50} image {'3': 10, '4': 50, '12': 820} one-floor failures 820 checks {'realized_at_12': 820, 'realized_at_3': 10}   [8689s]
  g2 #810: colorings 0 closed 868 {'transport': 808, 'cocycle': 60} image {'3': 8, '4': 60, '12': 800} one-floor failures 800 checks {'realized_at_12': 800, 'realized_at_3': 8}   [8692s]
  g2 #811: colorings 0 closed 844 {'transport': 798, 'cocycle': 46} image {'3': 12, '4': 46, '12': 786} one-floor failures 786 checks {'realized_at_12': 786, 'realized_at_3': 12}   [8696s]
  g2 #812: colorings 0 closed 852 {'transport': 808, 'cocycle': 44} image {'3': 8, '4': 44, '12': 800} one-floor failures 800 checks {'realized_at_12': 800, 'realized_at_3': 8}   [8699s]
  g2 #813: colorings 0 closed 814 {'transport': 758, 'cocycle': 56} image {'2': 4, '3': 16, '4': 52, '12': 742} one-floor failures 742 checks {'realized_at_12': 742, 'realized_at_3': 16}   [8703s]
  g2 #814: colorings 0 closed 816 {'transport': 760, 'cocycle': 56} image {'3': 12, '4': 56, '12': 748} one-floor failures 748 checks {'realized_at_12': 748, 'realized_at_3': 12}   [8706s]
  g2 #815: colorings 0 closed 812 {'transport': 766, 'cocycle': 46} image {'3': 12, '4': 46, '12': 754} one-floor failures 754 checks {'realized_at_12': 754, 'realized_at_3': 12}   [8709s]
  g2 #816: colorings 0 closed 804 {'transport': 758, 'cocycle': 46} image {'3': 18, '4': 46, '12': 740} one-floor failures 740 checks {'realized_at_12': 740, 'realized_at_3': 18}   [8956s]
  g2 #817: colorings 0 closed 806 {'transport': 750, 'cocycle': 56} image {'2': 4, '3': 14, '4': 52, '12': 736} one-floor failures 736 checks {'realized_at_12': 736, 'realized_at_3': 14}   [8959s]
  g2 #818: colorings 0 closed 878 {'transport': 838, 'cocycle': 40} image {'2': 4, '3': 36, '4': 36, '12': 802} one-floor failures 802 checks {'realized_at_12': 802, 'realized_at_3': 36}   [8962s]
  g2 #819: colorings 0 closed 880 {'transport': 854, 'cocycle': 26} image {'3': 20, '4': 26, '12': 834} one-floor failures 834 checks {'realized_at_12': 834, 'realized_at_3': 20}   [8966s]
  g2 #820: colorings 0 closed 904 {'transport': 858, 'cocycle': 46} image {'3': 12, '4': 46, '12': 846} one-floor failures 846 checks {'realized_at_12': 846, 'realized_at_3': 12}   [8970s]
  g2 #821: colorings 0 closed 848 {'transport': 810, 'cocycle': 38} image {'3': 14, '4': 38, '12': 796} one-floor failures 796 checks {'realized_at_12': 796, 'realized_at_3': 14}   [8973s]
  g2 #822: colorings 0 closed 888 {'transport': 844, 'cocycle': 44} image {'3': 18, '4': 44, '12': 826} one-floor failures 826 checks {'realized_at_12': 826, 'realized_at_3': 18}   [8977s]
  g2 #823: colorings 0 closed 876 {'cocycle': 38, 'transport': 838} image {'3': 12, '4': 38, '12': 826} one-floor failures 826 checks {'realized_at_12': 826, 'realized_at_3': 12}   [8980s]
  g2 #824: colorings 0 closed 792 {'transport': 750, 'cocycle': 42} image {'3': 16, '4': 42, '12': 734} one-floor failures 734 checks {'realized_at_12': 734, 'realized_at_3': 16}   [8983s]
  g2 #825: colorings 0 closed 924 {'transport': 880, 'cocycle': 44} image {'3': 2, '4': 44, '12': 878} one-floor failures 878 checks {'realized_at_12': 878, 'realized_at_3': 2}   [8987s]
  g2 #826: colorings 0 closed 900 {'transport': 858, 'cocycle': 42} image {'3': 24, '4': 42, '12': 834} one-floor failures 834 checks {'realized_at_12': 834, 'realized_at_3': 24}   [8991s]
  g2 #827: colorings 0 closed 908 {'transport': 864, 'cocycle': 44} image {'3': 8, '4': 44, '12': 856} one-floor failures 856 checks {'realized_at_12': 856, 'realized_at_3': 8}   [8995s]
  g2 #828: colorings 0 closed 816 {'transport': 776, 'cocycle': 40} image {'3': 10, '4': 40, '12': 766} one-floor failures 766 checks {'realized_at_12': 766, 'realized_at_3': 10}   [8998s]
  g2 #829: colorings 0 closed 910 {'cocycle': 52, 'transport': 858} image {'2': 8, '3': 20, '4': 44, '12': 838} one-floor failures 838 checks {'realized_at_12': 838, 'realized_at_3': 20}   [9002s]
  g2 #830: colorings 0 closed 804 {'transport': 752, 'cocycle': 52} image {'3': 16, '4': 52, '12': 736} one-floor failures 736 checks {'realized_at_12': 736, 'realized_at_3': 16}   [9005s]
  g2 #831: colorings 0 closed 808 {'transport': 762, 'cocycle': 46} image {'3': 14, '4': 46, '12': 748} one-floor failures 748 checks {'realized_at_12': 748, 'realized_at_3': 14}   [9009s]
  g2 #832: colorings 0 closed 864 {'transport': 822, 'cocycle': 42} image {'2': 6, '3': 18, '4': 36, '12': 804} one-floor failures 804 checks {'realized_at_12': 804, 'realized_at_3': 18}   [9227s]
  g2 #833: colorings 0 closed 808 {'transport': 772, 'cocycle': 36} image {'3': 8, '4': 36, '12': 764} one-floor failures 764 checks {'realized_at_12': 764, 'realized_at_3': 8}   [9230s]
  g2 #834: colorings 0 closed 796 {'transport': 750, 'cocycle': 46} image {'2': 2, '3': 20, '4': 44, '12': 730} one-floor failures 730 checks {'realized_at_12': 730, 'realized_at_3': 20}   [9234s]
  g2 #835: colorings 0 closed 1120 {'transport': 1016, 'cocycle': 104} image {'3': 46, '4': 104, '12': 970} one-floor failures 970 checks {'realized_at_12': 970, 'realized_at_3': 46}   [9238s]
  g2 #836: colorings 0 closed 872 {'transport': 832, 'cocycle': 40} image {'3': 10, '4': 40, '12': 822} one-floor failures 822 checks {'realized_at_12': 822, 'realized_at_3': 10}   [9241s]
  g2 #837: colorings 0 closed 912 {'transport': 880, 'cocycle': 32} image {'3': 14, '4': 32, '12': 866} one-floor failures 866 checks {'realized_at_12': 866, 'realized_at_3': 14}   [9245s]
  g2 #838: colorings 0 closed 848 {'transport': 808, 'cocycle': 40} image {'3': 8, '4': 40, '12': 800} one-floor failures 800 checks {'realized_at_12': 800, 'realized_at_3': 8}   [9248s]
  g2 #839: colorings 0 closed 864 {'transport': 824, 'cocycle': 40} image {'3': 12, '4': 40, '12': 812} one-floor failures 812 checks {'realized_at_12': 812, 'realized_at_3': 12}   [9252s]
  g2 #840: colorings 0 closed 914 {'transport': 890, 'cocycle': 24} image {'3': 20, '4': 24, '12': 870} one-floor failures 870 checks {'realized_at_12': 870, 'realized_at_3': 20}   [9256s]
  g2 #841: colorings 0 closed 926 {'transport': 888, 'cocycle': 38} image {'2': 4, '3': 22, '4': 34, '12': 866} one-floor failures 866 checks {'realized_at_12': 866, 'realized_at_3': 22}   [9259s]
  g2 #842: colorings 0 closed 914 {'transport': 882, 'cocycle': 32} image {'2': 2, '3': 20, '4': 30, '12': 862} one-floor failures 862 checks {'realized_at_12': 862, 'realized_at_3': 20}   [9263s]
  g2 #843: colorings 0 closed 858 {'transport': 828, 'cocycle': 30} image {'3': 28, '4': 30, '12': 800} one-floor failures 800 checks {'realized_at_12': 800, 'realized_at_3': 28}   [9267s]
  g2 #844: colorings 0 closed 820 {'transport': 782, 'cocycle': 38} image {'3': 22, '4': 38, '12': 760} one-floor failures 760 checks {'realized_at_12': 760, 'realized_at_3': 22}   [9270s]
  g2 #845: colorings 0 closed 856 {'transport': 816, 'cocycle': 40} image {'3': 12, '4': 40, '12': 804} one-floor failures 804 checks {'realized_at_12': 804, 'realized_at_3': 12}   [9274s]
  g2 #846: colorings 0 closed 872 {'transport': 824, 'cocycle': 48} image {'3': 14, '4': 48, '12': 810} one-floor failures 810 checks {'realized_at_12': 810, 'realized_at_3': 14}   [9517s]
  g2 #847: colorings 0 closed 792 {'transport': 752, 'cocycle': 40} image {'3': 10, '4': 40, '12': 742} one-floor failures 742 checks {'realized_at_12': 742, 'realized_at_3': 10}   [9521s]
  g2 #848: colorings 0 closed 790 {'transport': 754, 'cocycle': 36} image {'3': 16, '4': 36, '12': 738} one-floor failures 738 checks {'realized_at_12': 738, 'realized_at_3': 16}   [9524s]
  g2 #849: colorings 0 closed 834 {'transport': 804, 'cocycle': 30} image {'3': 28, '4': 30, '12': 776} one-floor failures 776 checks {'realized_at_12': 776, 'realized_at_3': 28}   [9527s]
  g2 #850: colorings 0 closed 844 {'transport': 800, 'cocycle': 44} image {'3': 16, '4': 44, '12': 784} one-floor failures 784 checks {'realized_at_12': 784, 'realized_at_3': 16}   [9531s]
  g2 #851: colorings 0 closed 766 {'transport': 724, 'cocycle': 42} image {'2': 2, '3': 14, '4': 40, '12': 710} one-floor failures 710 checks {'realized_at_12': 710, 'realized_at_3': 14}   [9534s]
  g2 #852: colorings 0 closed 852 {'transport': 816, 'cocycle': 36} image {'3': 6, '4': 36, '12': 810} one-floor failures 810 checks {'realized_at_12': 810, 'realized_at_3': 6}   [9537s]
  g2 #853: colorings 0 closed 772 {'transport': 728, 'cocycle': 44} image {'3': 10, '4': 44, '12': 718} one-floor failures 718 checks {'realized_at_12': 718, 'realized_at_3': 10}   [9541s]
  g2 #854: colorings 0 closed 830 {'transport': 790, 'cocycle': 40} image {'2': 4, '3': 20, '4': 36, '12': 770} one-floor failures 770 checks {'realized_at_12': 770, 'realized_at_3': 20}   [9544s]
  g2 #855: colorings 0 closed 788 {'transport': 744, 'cocycle': 44} image {'3': 14, '4': 44, '12': 730} one-floor failures 730 checks {'realized_at_12': 730, 'realized_at_3': 14}   [9547s]
  g2 #856: colorings 0 closed 800 {'transport': 754, 'cocycle': 46} image {'3': 22, '4': 46, '12': 732} one-floor failures 732 checks {'realized_at_12': 732, 'realized_at_3': 22}   [9551s]
  g2 #857: colorings 0 closed 856 {'transport': 804, 'cocycle': 52} image {'3': 30, '4': 52, '12': 774} one-floor failures 774 checks {'realized_at_12': 774, 'realized_at_3': 30}   [9554s]
  g2 #858: colorings 0 closed 760 {'transport': 728, 'cocycle': 32} image {'3': 22, '4': 32, '12': 706} one-floor failures 706 checks {'realized_at_12': 706, 'realized_at_3': 22}   [9558s]
  g2 #859: colorings 0 closed 814 {'cocycle': 38, 'transport': 776} image {'2': 4, '3': 12, '4': 34, '12': 764} one-floor failures 764 checks {'realized_at_12': 764, 'realized_at_3': 12}   [9561s]
  g2 #860: colorings 0 closed 844 {'transport': 806, 'cocycle': 38} image {'3': 18, '4': 38, '12': 788} one-floor failures 788 checks {'realized_at_12': 788, 'realized_at_3': 18}   [9821s]
  g2 #861: colorings 0 closed 972 {'transport': 928, 'cocycle': 44} image {'3': 8, '4': 44, '12': 920} one-floor failures 920 checks {'realized_at_12': 920, 'realized_at_3': 8}   [9825s]
  g2 #862: colorings 0 closed 808 {'transport': 766, 'cocycle': 42} image {'3': 12, '4': 42, '12': 754} one-floor failures 754 checks {'realized_at_12': 754, 'realized_at_3': 12}   [9828s]
  g2 #863: colorings 0 closed 740 {'transport': 672, 'cocycle': 68} image {'2': 12, '3': 32, '4': 56, '12': 640} one-floor failures 640 checks {'realized_at_12': 640, 'realized_at_3': 32}   [9831s]
  g2 #864: colorings 0 closed 814 {'transport': 764, 'cocycle': 50} image {'2': 2, '3': 28, '4': 48, '12': 736} one-floor failures 736 checks {'realized_at_12': 736, 'realized_at_3': 28}   [9835s]
  g2 #865: colorings 0 closed 724 {'transport': 700, 'cocycle': 24} image {'3': 14, '4': 24, '12': 686} one-floor failures 686 checks {'realized_at_12': 686, 'realized_at_3': 14}   [9838s]

[genus 2 totals over 865 triangulations, 0 colorable] footprint {'transport': 705944, 'cocycle': 41460} image hist {3: 10890, 4: 41184, 12: 695054, 2: 276} one-floor failures 695054
   measured image shares: {2: 0.0004, 3: 0.0146, 4: 0.0551, 12: 0.93}  Mednykh split of Hom(pi1 Sigma_2, A4): {1: 0.0002, 2: 0.0084, 3: 0.0595, 4: 0.0391, 12: 0.8929}
SCORE: PASS — controls; genus-2 counts reported, not scored [9838s]
