manifold_lex_d2_n10_o1_g1_#1=[[1,2,3],[1,2,4],[1,3,4],[2,3,5],[2,4,5],
 [3,4,6],[3,5,6],[4,5,7],[4,6,8],[4,7,9],[4,8,10],[4,9,10],[5,6,9],
 [5,7,10],[5,8,9],[5,8,10],[6,7,8],[6,7,10],[6,9,10],[7,8,9]]

manifold_lex_d2_n10_o1_g1_#2=[[1,2,3],[1,2,4],[1,3,4],[2,3,5],[2,4,5],
 [3,4,6],[3,5,6],[4,5,7],[4,6,8],[4,7,9],[4,8,10],[4,9,10],[5,6,10],
 [5,7,8],[5,8,9],[5,9,10],[6,7,9],[6,7,10],[6,8,9],[7,8,10]]

manifold_lex_d2_n10_o1_g1_#3=[[1,2,3],[1,2,4],[1,3,4],[2,3,5],[2,4,5],
 [3,4,6],[3,5,7],[3,6,7],[4,5,8],[4,6,9],[4,7,8],[4,7,10],[4,9,10],
 [5,6,8],[5,6,10],[5,7,9],[5,9,10],[6,7,10],[6,8,9],[7,8,9]]

manifold_lex_d2_n10_o1_g1_#4=[[1,2,3],[1,2,4],[1,3,4],[2,3,5],[2,4,5],
 [3,4,6],[3,5,7],[3,6,7],[4,5,8],[4,6,9],[4,7,8],[4,7,10],[4,9,10],
 [5,7,9],[5,8,10],[5,9,10],[6,7,10],[6,8,9],[6,8,10],[7,8,9]]

manifold_lex_d2_n10_o1_g1_#5=[[1,2,3],[1,2,4],[1,3,4],[2,3,5],[2,4,5],
 [3,4,6],[3,5,7],[3,6,7],[4,5,8],[4,6,9],[4,7,9],[4,7,10],[4,8,10],
 [5,6,9],[5,6,10],[5,7,10],[5,8,9],[6,7,8],[6,8,10],[7,8,9]]

manifold_lex_d2_n10_o1_g1_#6=[[1,2,3],[1,2,4],[1,3,4],[2,3,5],[2,4,5],
 [3,4,6],[3,5,7],[3,6,7],[4,5,8],[4,6,9],[4,7,9],[4,7,10],[4,8,10],
 [5,7,10],[5,8,9],[5,9,10],[6,7,8],[6,8,10],[6,9,10],[7,8,9]]

manifold_lex_d2_n10_o1_g1_#7=[[1,2,3],[1,2,4],[1,3,4],[2,3,5],[2,4,5],
 [3,4,6],[3,5,7],[3,6,7],[4,5,8],[4,6,9],[4,8,10],[4,9,10],[5,6,8],
 [5,6,10],[5,7,9],[5,9,10],[6,7,10],[6,8,9],[7,8,9],[7,8,10]]

manifold_lex_d2_n10_o1_g1_#8=[[1,2,3],[1,2,4],[1,3,4],[2,3,5],[2,4,5],
 [3,4,6],[3,5,7],[3,6,7],[4,5,8],[4,6,9],[4,8,10],[4,9,10],[5,6,9],
 [5,6,10],[5,7,10],[5,8,9],[6,7,8],[6,8,10],[7,8,9],[7,9,10]]

manifold_lex_d2_n10_o1_g1_#9=[[1,2,3],[1,2,4],[1,3,4],[2,3,5],[2,4,5],
 [3,4,6],[3,5,7],[3,6,8],[3,7,8],[4,5,8],[4,6,7],[4,7,9],[4,8,9],
 [5,6,9],[5,6,10],[5,7,9],[5,8,10],[6,7,10],[6,8,9],[7,8,10]]

manifold_lex_d2_n10_o1_g1_#10=[[1,2,3],[1,2,4],[1,3,4],[2,3,5],[2,4,5],
 [3,4,6],[3,5,7],[3,6,8],[3,7,8],[4,5,8],[4,6,7],[4,7,9],[4,8,9],
 [5,7,9],[5,8,10],[5,9,10],[6,7,10],[6,8,9],[6,9,10],[7,8,10]]

manifold_lex_d2_n10_o1_g1_#11=[[1,2,3],[1,2,4],[1,3,4],[2,3,5],[2,4,5],
 [3,4,6],[3,5,7],[3,6,8],[3,7,8],[4,5,8],[4,6,9],[4,7,9],[4,7,10],
 [4,8,10],[5,6,7],[5,6,9],[5,8,9],[6,7,10],[6,8,10],[7,8,9]]

manifold_lex_d2_n10_o1_g1_#12=[[1,2,3],[1,2,4],[1,3,4],[2,3,5],[2,4,5],
 [3,4,6],[3,5,7],[3,6,8],[3,7,8],[4,5,8],[4,6,9],[4,7,9],[4,7,10],
 [4,8,10],[5,6,9],[5,6,10],[5,7,10],[5,8,9],[6,8,10],[7,8,9]]

manifold_lex_d2_n10_o1_g1_#13=[[1,2,3],[1,2,4],[1,3,4],[2,3,5],[2,4,5],
 [3,4,6],[3,5,7],[3,6,8],[3,7,8],[4,5,8],[4,6,9],[4,7,9],[4,7,10],
 [4,8,10],[5,7,10],[5,8,9],[5,9,10],[6,8,10],[6,9,10],[7,8,9]]

manifold_lex_d2_n10_o1_g1_#14=[[1,2,3],[1,2,4],[1,3,4],[2,3,5],[2,4,5],
 [3,4,6],[3,5,7],[3,6,8],[3,7,8],[4,5,8],[4,6,9],[4,8,10],[4,9,10],
 [5,6,7],[5,6,9],[5,8,9],[6,7,10],[6,8,10],[7,8,9],[7,9,10]]

manifold_lex_d2_n10_o1_g1_#15=[[1,2,3],[1,2,4],[1,3,4],[2,3,5],[2,4,5],
 [3,4,6],[3,5,7],[3,6,8],[3,7,8],[4,5,8],[4,6,9],[4,8,10],[4,9,10],
 [5,6,9],[5,6,10],[5,7,10],[5,8,9],[6,8,10],[7,8,9],[7,9,10]]

manifold_lex_d2_n10_o1_g1_#16=[[1,2,3],[1,2,4],[1,3,4],[2,3,5],[2,4,5],
 [3,4,6],[3,5,7],[3,6,8],[3,7,8],[4,5,9],[4,6,7],[4,7,10],[4,8,9],
 [4,8,10],[5,6,8],[5,6,9],[5,7,10],[5,8,10],[6,7,9],[7,8,9]]

manifold_lex_d2_n10_o1_g1_#17=[[1,2,3],[1,2,4],[1,3,4],[2,3,5],[2,4,5],
 [3,4,6],[3,5,7],[3,6,8],[3,7,8],[4,5,9],[4,6,7],[4,7,10],[4,8,9],
 [4,8,10],[5,6,9],[5,6,10],[5,7,10],[6,7,9],[6,8,10],[7,8,9]]

manifold_lex_d2_n10_o1_g1_#18=[[1,2,3],[1,2,4],[1,3,4],[2,3,5],[2,4,5],
 [3,4,6],[3,5,7],[3,6,8],[3,7,8],[4,5,9],[4,6,7],[4,7,10],[4,8,9],
 [4,8,10],[5,7,10],[5,9,10],[6,7,9],[6,8,10],[6,9,10],[7,8,9]]

manifold_lex_d2_n10_o1_g1_#19=[[1,2,3],[1,2,4],[1,3,4],[2,3,5],[2,4,5],
 [3,4,6],[3,5,7],[3,6,8],[3,7,8],[4,5,9],[4,6,7],[4,7,10],[4,9,10],
 [5,6,8],[5,6,9],[5,7,10],[5,8,10],[6,7,9],[7,8,9],[8,9,10]]

manifold_lex_d2_n10_o1_g1_#20=[[1,2,3],[1,2,4],[1,3,4],[2,3,5],[2,4,5],
 [3,4,6],[3,5,7],[3,6,8],[3,7,8],[4,5,9],[4,6,7],[4,7,10],[4,9,10],
 [5,6,9],[5,6,10],[5,7,10],[6,7,9],[6,8,10],[7,8,9],[8,9,10]]

manifold_lex_d2_n10_o1_g1_#21=[[1,2,3],[1,2,4],[1,3,4],[2,3,5],[2,4,5],
 [3,4,6],[3,5,7],[3,6,8],[3,7,8],[4,5,9],[4,6,10],[4,7,8],[4,7,9],
 [4,8,10],[5,6,7],[5,6,10],[5,8,9],[5,8,10],[6,7,9],[6,8,9]]

manifold_lex_d2_n10_o1_g1_#22=[[1,2,3],[1,2,4],[1,3,4],[2,3,5],[2,4,5],
 [3,4,6],[3,5,7],[3,6,8],[3,7,8],[4,5,9],[4,6,10],[4,7,8],[4,7,9],
 [4,8,10],[5,6,7],[5,6,10],[5,9,10],[6,7,9],[6,8,9],[8,9,10]]

manifold_lex_d2_n10_o1_g1_#23=[[1,2,3],[1,2,4],[1,3,4],[2,3,5],[2,4,5],
 [3,4,6],[3,5,7],[3,6,8],[3,7,8],[4,5,9],[4,6,10],[4,7,8],[4,7,9],
 [4,8,10],[5,6,8],[5,6,9],[5,7,10],[5,8,10],[6,7,9],[6,7,10]]

manifold_lex_d2_n10_o1_g1_#24=[[1,2,3],[1,2,4],[1,3,4],[2,3,5],[2,4,5],
 [3,4,6],[3,5,7],[3,6,8],[3,7,8],[4,5,9],[4,6,10],[4,7,8],[4,7,9],
 [4,8,10],[5,6,8],[5,6,9],[5,7,10],[5,8,10],[6,9,10],[7,9,10]]

manifold_lex_d2_n10_o1_g1_#25=[[1,2,3],[1,2,4],[1,3,4],[2,3,5],[2,4,5],
 [3,4,6],[3,5,7],[3,6,8],[3,7,8],[4,5,9],[4,6,10],[4,7,8],[4,7,9],
 [4,8,10],[5,7,10],[5,8,9],[5,8,10],[6,7,9],[6,7,10],[6,8,9]]

manifold_lex_d2_n10_o1_g1_#26=[[1,2,3],[1,2,4],[1,3,4],[2,3,5],[2,4,5],
 [3,4,6],[3,5,7],[3,6,8],[3,7,8],[4,5,9],[4,6,10],[4,7,8],[4,7,9],
 [4,8,10],[5,7,10],[5,8,9],[5,8,10],[6,8,9],[6,9,10],[7,9,10]]

manifold_lex_d2_n10_o1_g1_#27=[[1,2,3],[1,2,4],[1,3,4],[2,3,5],[2,4,5],
 [3,4,6],[3,5,7],[3,6,8],[3,7,8],[4,5,9],[4,6,10],[4,7,8],[4,7,9],
 [4,8,10],[5,7,10],[5,9,10],[6,7,9],[6,7,10],[6,8,9],[8,9,10]]

manifold_lex_d2_n10_o1_g1_#28=[[1,2,3],[1,2,4],[1,3,4],[2,3,5],[2,4,5],
 [3,4,6],[3,5,7],[3,6,8],[3,7,8],[4,5,9],[4,6,10],[4,7,9],[4,7,10],
 [5,6,7],[5,6,10],[5,8,9],[5,8,10],[6,7,9],[6,8,9],[7,8,10]]

manifold_lex_d2_n10_o1_g1_#29=[[1,2,3],[1,2,4],[1,3,4],[2,3,5],[2,4,5],
 [3,4,6],[3,5,7],[3,6,8],[3,7,8],[4,5,9],[4,6,10],[4,7,9],[4,7,10],
 [5,6,7],[5,6,10],[5,9,10],[6,7,9],[6,8,9],[7,8,10],[8,9,10]]

manifold_lex_d2_n10_o1_g1_#30=[[1,2,3],[1,2,4],[1,3,4],[2,3,5],[2,4,5],
 [3,4,6],[3,5,7],[3,6,8],[3,7,8],[4,5,9],[4,6,10],[4,8,9],[4,8,10],
 [5,6,8],[5,6,9],[5,7,10],[5,8,10],[6,7,9],[6,7,10],[7,8,9]]

manifold_lex_d2_n10_o1_g1_#31=[[1,2,3],[1,2,4],[1,3,4],[2,3,5],[2,4,5],
 [3,4,6],[3,5,7],[3,6,8],[3,7,8],[4,5,9],[4,6,10],[4,8,9],[4,8,10],
 [5,6,8],[5,6,9],[5,7,10],[5,8,10],[6,9,10],[7,8,9],[7,9,10]]

manifold_lex_d2_n10_o1_g1_#32=[[1,2,3],[1,2,4],[1,3,4],[2,3,5],[2,4,5],
 [3,4,6],[3,5,7],[3,6,8],[3,7,8],[4,5,9],[4,6,10],[4,9,10],[5,6,7],
 [5,6,10],[5,8,9],[5,8,10],[6,7,9],[6,8,9],[7,8,10],[7,9,10]]

manifold_lex_d2_n10_o1_g1_#33=[[1,2,3],[1,2,4],[1,3,4],[2,3,5],[2,4,5],
 [3,4,6],[3,5,7],[3,6,8],[3,7,9],[3,8,9],[4,5,8],[4,6,7],[4,7,10],
 [4,8,10],[5,6,9],[5,6,10],[5,7,10],[5,8,9],[6,7,9],[6,8,10]]

manifold_lex_d2_n10_o1_g1_#34=[[1,2,3],[1,2,4],[1,3,4],[2,3,5],[2,4,5],
 [3,4,6],[3,5,7],[3,6,8],[3,7,9],[3,8,9],[4,5,8],[4,6,7],[4,7,10],
 [4,8,10],[5,7,10],[5,8,9],[5,9,10],[6,7,9],[6,8,10],[6,9,10]]

manifold_lex_d2_n10_o1_g1_#35=[[1,2,3],[1,2,4],[1,3,4],[2,3,5],[2,4,5],
 [3,4,6],[3,5,7],[3,6,8],[3,7,9],[3,8,9],[4,5,8],[4,6,9],[4,7,8],
 [4,7,9],[5,6,7],[5,6,9],[5,8,9],[6,7,10],[6,8,10],[7,8,10]]

manifold_lex_d2_n10_o1_g1_#36=[[1,2,3],[1,2,4],[1,3,4],[2,3,5],[2,4,5],
 [3,4,6],[3,5,7],[3,6,8],[3,7,9],[3,8,9],[4,5,8],[4,6,9],[4,7,8],
 [4,7,9],[5,6,7],[5,6,9],[5,8,10],[5,9,10],[6,7,8],[8,9,10]]

manifold_lex_d2_n10_o1_g1_#37=[[1,2,3],[1,2,4],[1,3,4],[2,3,5],[2,4,5],
 [3,4,6],[3,5,7],[3,6,8],[3,7,9],[3,8,9],[4,5,8],[4,6,9],[4,7,8],
 [4,7,9],[5,6,7],[5,6,10],[5,8,9],[5,9,10],[6,7,8],[6,9,10]]

manifold_lex_d2_n10_o1_g1_#38=[[1,2,3],[1,2,4],[1,3,4],[2,3,5],[2,4,5],
 [3,4,6],[3,5,7],[3,6,8],[3,7,9],[3,8,9],[4,5,8],[4,6,9],[4,7,8],
 [4,7,9],[5,6,7],[5,6,10],[5,8,10],[6,7,8],[6,9,10],[8,9,10]]

manifold_lex_d2_n10_o1_g1_#39=[[1,2,3],[1,2,4],[1,3,4],[2,3,5],[2,4,5],
 [3,4,6],[3,5,7],[3,6,8],[3,7,9],[3,8,9],[4,5,8],[4,6,9],[4,7,8],
 [4,7,9],[5,6,9],[5,6,10],[5,7,10],[5,8,9],[6,7,8],[6,7,10]]

manifold_lex_d2_n10_o1_g1_#40=[[1,2,3],[1,2,4],[1,3,4],[2,3,5],[2,4,5],
 [3,4,6],[3,5,7],[3,6,8],[3,7,9],[3,8,9],[4,5,8],[4,6,9],[4,7,8],
 [4,7,9],[5,6,9],[5,6,10],[5,7,10],[5,8,9],[6,8,10],[7,8,10]]

manifold_lex_d2_n10_o1_g1_#41=[[1,2,3],[1,2,4],[1,3,4],[2,3,5],[2,4,5],
 [3,4,6],[3,5,7],[3,6,8],[3,7,9],[3,8,9],[4,5,8],[4,6,9],[4,7,8],
 [4,7,9],[5,7,10],[5,8,9],[5,9,10],[6,7,8],[6,7,10],[6,9,10]]

manifold_lex_d2_n10_o1_g1_#42=[[1,2,3],[1,2,4],[1,3,4],[2,3,5],[2,4,5],
 [3,4,6],[3,5,7],[3,6,8],[3,7,9],[3,8,9],[4,5,8],[4,6,9],[4,7,8],
 [4,7,9],[5,7,10],[5,8,9],[5,9,10],[6,8,10],[6,9,10],[7,8,10]]

manifold_lex_d2_n10_o1_g1_#43=[[1,2,3],[1,2,4],[1,3,4],[2,3,5],[2,4,5],
 [3,4,6],[3,5,7],[3,6,8],[3,7,9],[3,8,9],[4,5,8],[4,6,9],[4,7,8],
 [4,7,9],[5,7,10],[5,8,10],[6,7,8],[6,7,10],[6,9,10],[8,9,10]]

manifold_lex_d2_n10_o1_g1_#44=[[1,2,3],[1,2,4],[1,3,4],[2,3,5],[2,4,5],
 [3,4,6],[3,5,7],[3,6,8],[3,7,9],[3,8,9],[4,5,8],[4,6,9],[4,7,8],
 [4,7,10],[4,9,10],[5,6,7],[5,6,9],[5,8,9],[6,7,8],[7,9,10]]

manifold_lex_d2_n10_o1_g1_#45=[[1,2,3],[1,2,4],[1,3,4],[2,3,5],[2,4,5],
 [3,4,6],[3,5,7],[3,6,8],[3,7,9],[3,8,9],[4,5,8],[4,6,9],[4,7,9],
 [4,7,10],[4,8,10],[5,6,7],[5,6,9],[5,8,9],[6,7,8],[7,8,10]]

manifold_lex_d2_n10_o1_g1_#46=[[1,2,3],[1,2,4],[1,3,4],[2,3,5],[2,4,5],
 [3,4,6],[3,5,7],[3,6,8],[3,7,9],[3,8,9],[4,5,8],[4,6,9],[4,7,9],
 [4,7,10],[4,8,10],[5,6,7],[5,6,9],[5,8,9],[6,7,10],[6,8,10]]

manifold_lex_d2_n10_o1_g1_#47=[[1,2,3],[1,2,4],[1,3,4],[2,3,5],[2,4,5],
 [3,4,6],[3,5,7],[3,6,8],[3,7,9],[3,8,9],[4,5,8],[4,6,9],[4,7,9],
 [4,7,10],[4,8,10],[5,6,9],[5,6,10],[5,7,10],[5,8,9],[6,8,10]]

manifold_lex_d2_n10_o1_g1_#48=[[1,2,3],[1,2,4],[1,3,4],[2,3,5],[2,4,5],
 [3,4,6],[3,5,7],[3,6,8],[3,7,9],[3,8,9],[4,5,8],[4,6,9],[4,7,9],
 [4,7,10],[4,8,10],[5,7,10],[5,8,9],[5,9,10],[6,8,10],[6,9,10]]

manifold_lex_d2_n10_o1_g1_#49=[[1,2,3],[1,2,4],[1,3,4],[2,3,5],[2,4,5],
 [3,4,6],[3,5,7],[3,6,8],[3,7,9],[3,8,9],[4,5,8],[4,6,9],[4,8,10],
 [4,9,10],[5,6,7],[5,6,9],[5,8,9],[6,7,8],[7,8,10],[7,9,10]]

manifold_lex_d2_n10_o1_g1_#50=[[1,2,3],[1,2,4],[1,3,4],[2,3,5],[2,4,5],
 [3,4,6],[3,5,7],[3,6,8],[3,7,9],[3,8,9],[4,5,8],[4,6,9],[4,8,10],
 [4,9,10],[5,6,7],[5,6,9],[5,8,9],[6,7,10],[6,8,10],[7,9,10]]

manifold_lex_d2_n10_o1_g1_#51=[[1,2,3],[1,2,4],[1,3,4],[2,3,5],[2,4,5],
 [3,4,6],[3,5,7],[3,6,8],[3,7,9],[3,8,9],[4,5,8],[4,6,9],[4,8,10],
 [4,9,10],[5,6,9],[5,6,10],[5,7,10],[5,8,9],[6,8,10],[7,9,10]]

manifold_lex_d2_n10_o1_g1_#52=[[1,2,3],[1,2,4],[1,3,4],[2,3,5],[2,4,5],
 [3,4,6],[3,5,7],[3,6,8],[3,7,9],[3,8,9],[4,5,8],[4,6,10],[4,7,8],
 [4,7,9],[4,9,10],[5,6,7],[5,6,9],[5,8,9],[6,7,8],[6,9,10]]

manifold_lex_d2_n10_o1_g1_#53=[[1,2,3],[1,2,4],[1,3,4],[2,3,5],[2,4,5],
 [3,4,6],[3,5,7],[3,6,8],[3,7,9],[3,8,9],[4,5,8],[4,6,10],[4,7,8],
 [4,7,9],[4,9,10],[5,6,7],[5,6,10],[5,8,9],[5,9,10],[6,7,8]]

manifold_lex_d2_n10_o1_g1_#54=[[1,2,3],[1,2,4],[1,3,4],[2,3,5],[2,4,5],
 [3,4,6],[3,5,7],[3,6,8],[3,7,9],[3,8,9],[4,5,8],[4,6,10],[4,7,8],
 [4,7,9],[4,9,10],[5,6,7],[5,6,10],[5,8,10],[6,7,8],[8,9,10]]

manifold_lex_d2_n10_o1_g1_#55=[[1,2,3],[1,2,4],[1,3,4],[2,3,5],[2,4,5],
 [3,4,6],[3,5,7],[3,6,8],[3,7,9],[3,8,9],[4,5,8],[4,6,10],[4,7,8],
 [4,7,9],[4,9,10],[5,7,10],[5,8,9],[5,9,10],[6,7,8],[6,7,10]]

manifold_lex_d2_n10_o1_g1_#56=[[1,2,3],[1,2,4],[1,3,4],[2,3,5],[2,4,5],
 [3,4,6],[3,5,7],[3,6,8],[3,7,9],[3,8,9],[4,5,8],[4,6,10],[4,7,8],
 [4,7,9],[4,9,10],[5,7,10],[5,8,9],[5,9,10],[6,8,10],[7,8,10]]

manifold_lex_d2_n10_o1_g1_#57=[[1,2,3],[1,2,4],[1,3,4],[2,3,5],[2,4,5],
 [3,4,6],[3,5,7],[3,6,8],[3,7,9],[3,8,9],[4,5,8],[4,6,10],[4,7,8],
 [4,7,9],[4,9,10],[5,7,10],[5,8,10],[6,7,8],[6,7,10],[8,9,10]]

manifold_lex_d2_n10_o1_g1_#58=[[1,2,3],[1,2,4],[1,3,4],[2,3,5],[2,4,5],
 [3,4,6],[3,5,7],[3,6,8],[3,7,9],[3,8,9],[4,5,8],[4,6,10],[4,7,8],
 [4,7,10],[5,6,7],[5,6,9],[5,8,9],[6,7,8],[6,9,10],[7,9,10]]

manifold_lex_d2_n10_o1_g1_#59=[[1,2,3],[1,2,4],[1,3,4],[2,3,5],[2,4,5],
 [3,4,6],[3,5,7],[3,6,8],[3,7,9],[3,8,9],[4,5,8],[4,6,10],[4,7,8],
 [4,7,10],[5,6,7],[5,6,10],[5,8,9],[5,9,10],[6,7,8],[7,9,10]]

manifold_lex_d2_n10_o1_g1_#60=[[1,2,3],[1,2,4],[1,3,4],[2,3,5],[2,4,5],
 [3,4,6],[3,5,7],[3,6,8],[3,7,9],[3,8,9],[4,5,8],[4,6,10],[4,7,8],
 [4,7,10],[5,6,7],[5,6,10],[5,8,10],[6,7,8],[7,9,10],[8,9,10]]

manifold_lex_d2_n10_o1_g1_#61=[[1,2,3],[1,2,4],[1,3,4],[2,3,5],[2,4,5],
 [3,4,6],[3,5,7],[3,6,8],[3,7,9],[3,8,9],[4,5,9],[4,6,7],[4,7,8],
 [4,8,10],[4,9,10],[5,6,8],[5,6,9],[5,7,8],[6,7,9],[8,9,10]]

manifold_lex_d2_n10_o1_g1_#62=[[1,2,3],[1,2,4],[1,3,4],[2,3,5],[2,4,5],
 [3,4,6],[3,5,7],[3,6,8],[3,7,9],[3,8,9],[4,5,9],[4,6,7],[4,7,10],
 [4,8,9],[4,8,10],[5,6,8],[5,6,9],[5,7,8],[6,7,9],[7,8,10]]

manifold_lex_d2_n10_o1_g1_#63=[[1,2,3],[1,2,4],[1,3,4],[2,3,5],[2,4,5],
 [3,4,6],[3,5,7],[3,6,8],[3,7,9],[3,8,9],[4,5,9],[4,6,7],[4,7,10],
 [4,8,9],[4,8,10],[5,6,8],[5,6,9],[5,7,10],[5,8,10],[6,7,9]]

manifold_lex_d2_n10_o1_g1_#64=[[1,2,3],[1,2,4],[1,3,4],[2,3,5],[2,4,5],
 [3,4,6],[3,5,7],[3,6,8],[3,7,9],[3,8,9],[4,5,9],[4,6,7],[4,7,10],
 [4,8,9],[4,8,10],[5,6,9],[5,6,10],[5,7,10],[6,7,9],[6,8,10]]

manifold_lex_d2_n10_o1_g1_#65=[[1,2,3],[1,2,4],[1,3,4],[2,3,5],[2,4,5],
 [3,4,6],[3,5,7],[3,6,8],[3,7,9],[3,8,9],[4,5,9],[4,6,7],[4,7,10],
 [4,8,9],[4,8,10],[5,7,10],[5,9,10],[6,7,9],[6,8,10],[6,9,10]]

manifold_lex_d2_n10_o1_g1_#66=[[1,2,3],[1,2,4],[1,3,4],[2,3,5],[2,4,5],
 [3,4,6],[3,5,7],[3,6,8],[3,7,9],[3,8,9],[4,5,9],[4,6,10],[4,7,8],
 [4,7,10],[4,8,9],[5,6,7],[5,6,9],[6,7,8],[6,9,10],[7,9,10]]

manifold_lex_d2_n10_o1_g1_#67=[[1,2,3],[1,2,4],[1,3,4],[2,3,5],[2,4,5],
 [3,4,6],[3,5,7],[3,6,8],[3,7,9],[3,8,9],[4,5,9],[4,6,10],[4,7,8],
 [4,7,10],[4,8,9],[5,6,7],[5,6,10],[5,9,10],[6,7,8],[7,9,10]]

manifold_lex_d2_n10_o1_g1_#68=[[1,2,3],[1,2,4],[1,3,4],[2,3,5],[2,4,5],
 [3,4,6],[3,5,7],[3,6,8],[3,7,9],[3,8,9],[4,5,9],[4,6,10],[4,7,8],
 [4,7,10],[4,8,9],[5,6,8],[5,6,9],[5,7,8],[6,7,9],[6,7,10]]

manifold_lex_d2_n10_o1_g1_#69=[[1,2,3],[1,2,4],[1,3,4],[2,3,5],[2,4,5],
 [3,4,6],[3,5,7],[3,6,8],[3,7,9],[3,8,9],[4,5,9],[4,6,10],[4,7,8],
 [4,7,10],[4,8,9],[5,6,8],[5,6,9],[5,7,8],[6,9,10],[7,9,10]]

manifold_lex_d2_n10_o1_g1_#70=[[1,2,3],[1,2,4],[1,3,4],[2,3,5],[2,4,5],
 [3,4,6],[3,5,7],[3,6,8],[3,7,9],[3,8,9],[4,5,9],[4,6,10],[4,7,8],
 [4,7,10],[4,8,9],[5,6,8],[5,6,10],[5,7,8],[5,9,10],[7,9,10]]

manifold_lex_d2_n10_o1_g1_#71=[[1,2,3],[1,2,4],[1,3,4],[2,3,5],[2,4,5],
 [3,4,6],[3,5,7],[3,6,8],[3,7,9],[3,8,9],[4,5,9],[4,6,10],[4,7,8],
 [4,7,10],[4,8,9],[5,7,8],[5,8,10],[5,9,10],[6,8,10],[7,9,10]]

manifold_lex_d2_n10_o1_g1_#72=[[1,2,3],[1,2,4],[1,3,4],[2,3,5],[2,4,5],
 [3,4,6],[3,5,7],[3,6,8],[3,7,9],[3,8,9],[4,5,9],[4,6,10],[4,8,9],
 [4,8,10],[5,6,7],[5,6,9],[6,7,8],[6,9,10],[7,8,10],[7,9,10]]

manifold_lex_d2_n10_o1_g1_#73=[[1,2,3],[1,2,4],[1,3,4],[2,3,5],[2,4,5],
 [3,4,6],[3,5,7],[3,6,8],[3,7,9],[3,8,9],[4,5,9],[4,6,10],[4,8,9],
 [4,8,10],[5,6,7],[5,6,10],[5,9,10],[6,7,8],[7,8,10],[7,9,10]]

manifold_lex_d2_n10_o1_g1_#74=[[1,2,3],[1,2,4],[1,3,4],[2,3,5],[2,4,5],
 [3,4,6],[3,5,7],[3,6,8],[3,7,9],[3,8,9],[4,5,9],[4,6,10],[4,8,9],
 [4,8,10],[5,6,8],[5,6,9],[5,7,8],[6,7,9],[6,7,10],[7,8,10]]

manifold_lex_d2_n10_o1_g1_#75=[[1,2,3],[1,2,4],[1,3,4],[2,3,5],[2,4,5],
 [3,4,6],[3,5,7],[3,6,8],[3,7,9],[3,8,9],[4,5,9],[4,6,10],[4,8,9],
 [4,8,10],[5,6,8],[5,6,9],[5,7,8],[6,9,10],[7,8,10],[7,9,10]]

manifold_lex_d2_n10_o1_g1_#76=[[1,2,3],[1,2,4],[1,3,4],[2,3,5],[2,4,5],
 [3,4,6],[3,5,7],[3,6,8],[3,7,9],[3,8,9],[4,5,9],[4,6,10],[4,8,9],
 [4,8,10],[5,6,8],[5,6,9],[5,7,10],[5,8,10],[6,7,9],[6,7,10]]

manifold_lex_d2_n10_o1_g1_#77=[[1,2,3],[1,2,4],[1,3,4],[2,3,5],[2,4,5],
 [3,4,6],[3,5,7],[3,6,8],[3,7,9],[3,8,9],[4,5,9],[4,6,10],[4,8,9],
 [4,8,10],[5,6,8],[5,6,9],[5,7,10],[5,8,10],[6,9,10],[7,9,10]]

manifold_lex_d2_n10_o1_g1_#78=[[1,2,3],[1,2,4],[1,3,4],[2,3,5],[2,4,5],
 [3,4,6],[3,5,7],[3,6,8],[3,7,9],[3,8,9],[4,5,9],[4,6,10],[4,8,9],
 [4,8,10],[5,6,8],[5,6,10],[5,7,8],[5,9,10],[7,8,10],[7,9,10]]

manifold_lex_d2_n10_o1_g1_#79=[[1,2,3],[1,2,4],[1,3,4],[2,3,5],[2,4,5],
 [3,4,6],[3,5,7],[3,6,8],[3,7,9],[3,8,9],[4,5,10],[4,6,7],[4,7,8],
 [4,8,9],[4,9,10],[5,6,8],[5,6,9],[5,7,8],[5,9,10],[6,7,9]]

manifold_lex_d2_n10_o1_g1_#80=[[1,2,3],[1,2,4],[1,3,4],[2,3,5],[2,4,5],
 [3,4,6],[3,5,7],[3,6,8],[3,7,9],[3,8,9],[4,5,10],[4,6,7],[4,7,8],
 [4,8,9],[4,9,10],[5,6,8],[5,6,10],[5,7,8],[6,7,9],[6,9,10]]

manifold_lex_d2_n10_o1_g1_#81=[[1,2,3],[1,2,4],[1,3,4],[2,3,5],[2,4,5],
 [3,4,6],[3,5,7],[3,6,8],[3,7,9],[3,8,9],[4,5,10],[4,6,7],[4,7,8],
 [4,8,9],[4,9,10],[5,6,8],[5,6,10],[5,7,8],[6,7,10],[7,9,10]]

manifold_lex_d2_n10_o1_g1_#82=[[1,2,3],[1,2,4],[1,3,4],[2,3,5],[2,4,5],
 [3,4,6],[3,5,7],[3,6,8],[3,7,9],[3,8,9],[4,5,10],[4,6,7],[4,7,8],
 [4,8,9],[4,9,10],[5,7,8],[5,8,10],[6,7,9],[6,8,10],[6,9,10]]

manifold_lex_d2_n10_o1_g1_#83=[[1,2,3],[1,2,4],[1,3,4],[2,3,5],[2,4,5],
 [3,4,6],[3,5,7],[3,6,8],[3,7,9],[3,8,9],[4,5,10],[4,6,7],[4,7,8],
 [4,8,9],[4,9,10],[5,7,8],[5,8,10],[6,7,10],[6,8,10],[7,9,10]]

manifold_lex_d2_n10_o1_g1_#84=[[1,2,3],[1,2,4],[1,3,4],[2,3,5],[2,4,5],
 [3,4,6],[3,5,7],[3,6,8],[3,7,9],[3,8,9],[4,5,10],[4,6,7],[4,7,8],
 [4,8,9],[4,9,10],[5,7,10],[6,7,9],[6,8,10],[6,9,10],[7,8,10]]

manifold_lex_d2_n10_o1_g1_#85=[[1,2,3],[1,2,4],[1,3,4],[2,3,5],[2,4,5],
 [3,4,6],[3,5,7],[3,6,8],[3,7,9],[3,8,9],[4,5,10],[4,6,9],[4,7,8],
 [4,7,9],[4,8,10],[5,6,7],[5,6,9],[5,8,9],[5,8,10],[6,7,8]]

manifold_lex_d2_n10_o1_g1_#86=[[1,2,3],[1,2,4],[1,3,4],[2,3,5],[2,4,5],
 [3,4,6],[3,5,7],[3,6,8],[3,7,9],[3,8,9],[4,5,10],[4,6,9],[4,7,8],
 [4,7,9],[4,8,10],[5,6,7],[5,6,9],[5,9,10],[6,7,8],[8,9,10]]

manifold_lex_d2_n10_o1_g1_#87=[[1,2,3],[1,2,4],[1,3,4],[2,3,5],[2,4,5],
 [3,4,6],[3,5,7],[3,6,8],[3,7,9],[3,8,9],[4,5,10],[4,6,9],[4,7,8],
 [4,7,9],[4,8,10],[5,6,7],[5,6,10],[6,7,8],[6,9,10],[8,9,10]]

manifold_lex_d2_n10_o1_g1_#88=[[1,2,3],[1,2,4],[1,3,4],[2,3,5],[2,4,5],
 [3,4,6],[3,5,7],[3,6,8],[3,7,9],[3,8,9],[4,5,10],[4,6,9],[4,7,8],
 [4,7,9],[4,8,10],[5,6,8],[5,6,9],[5,7,8],[5,9,10],[8,9,10]]

manifold_lex_d2_n10_o1_g1_#89=[[1,2,3],[1,2,4],[1,3,4],[2,3,5],[2,4,5],
 [3,4,6],[3,5,7],[3,6,8],[3,7,9],[3,8,9],[4,5,10],[4,6,9],[4,7,8],
 [4,7,9],[4,8,10],[5,6,8],[5,6,10],[5,7,8],[6,9,10],[8,9,10]]

manifold_lex_d2_n10_o1_g1_#90=[[1,2,3],[1,2,4],[1,3,4],[2,3,5],[2,4,5],
 [3,4,6],[3,5,7],[3,6,8],[3,7,9],[3,8,9],[4,5,10],[4,6,9],[4,7,8],
 [4,7,9],[4,8,10],[5,7,10],[6,7,8],[6,7,10],[6,9,10],[8,9,10]]

manifold_lex_d2_n10_o1_g1_#91=[[1,2,3],[1,2,4],[1,3,4],[2,3,5],[2,4,5],
 [3,4,6],[3,5,7],[3,6,8],[3,7,9],[3,8,10],[3,9,10],[4,5,7],[4,6,9],
 [4,7,10],[4,8,9],[4,8,10],[6,7,8],[6,7,10],[6,9,10],[7,8,9]]

manifold_lex_d2_n10_o1_g1_#92=[[1,2,3],[1,2,4],[1,3,4],[2,3,5],[2,4,5],
 [3,4,6],[3,5,7],[3,6,8],[3,7,9],[3,8,10],[3,9,10],[4,5,8],[4,6,7],
 [4,7,10],[4,8,9],[4,9,10],[5,7,8],[6,7,9],[6,8,9],[7,8,10]]

manifold_lex_d2_n10_o1_g1_#93=[[1,2,3],[1,2,4],[1,3,4],[2,3,5],[2,4,5],
 [3,4,6],[3,5,7],[3,6,8],[3,7,9],[3,8,10],[3,9,10],[4,5,8],[4,6,7],
 [4,7,10],[4,8,9],[4,9,10],[5,7,10],[5,8,10],[6,7,8],[7,8,9]]

manifold_lex_d2_n10_o1_g1_#94=[[1,2,3],[1,2,4],[1,3,4],[2,3,5],[2,4,5],
 [3,4,6],[3,5,7],[3,6,8],[3,7,9],[3,8,10],[3,9,10],[4,5,8],[4,6,7],
 [4,7,10],[4,8,9],[4,9,10],[5,7,10],[5,8,10],[6,7,9],[6,8,9]]

manifold_lex_d2_n10_o1_g1_#95=[[1,2,3],[1,2,4],[1,3,4],[2,3,5],[2,4,5],
 [3,4,6],[3,5,7],[3,6,8],[3,7,9],[3,8,10],[3,9,10],[4,5,8],[4,6,10],
 [4,7,8],[4,7,9],[4,9,10],[5,6,7],[5,6,10],[5,8,10],[6,7,8]]

manifold_lex_d2_n10_o1_g1_#96=[[1,2,3],[1,2,4],[1,3,4],[2,3,5],[2,4,5],
 [3,4,6],[3,5,7],[3,6,8],[3,7,9],[3,8,10],[3,9,10],[4,5,8],[4,6,10],
 [4,7,8],[4,7,9],[4,9,10],[5,7,10],[5,8,10],[6,7,8],[6,7,10]]

manifold_lex_d2_n10_o1_g1_#97=[[1,2,3],[1,2,4],[1,3,4],[2,3,5],[2,4,5],
 [3,4,6],[3,5,7],[3,6,8],[3,7,9],[3,8,10],[3,9,10],[4,5,9],[4,6,8],
 [4,7,8],[4,7,10],[4,9,10],[5,7,10],[5,8,9],[5,8,10],[7,8,9]]

manifold_lex_d2_n10_o1_g1_#98=[[1,2,3],[1,2,4],[1,3,4],[2,3,5],[2,4,5],
 [3,4,6],[3,5,7],[3,6,8],[3,7,9],[3,8,10],[3,9,10],[4,5,10],[4,6,9],
 [4,7,8],[4,7,9],[4,8,10],[5,6,7],[5,6,9],[5,9,10],[6,7,8]]

manifold_lex_d2_n10_o1_g1_#99=[[1,2,3],[1,2,4],[1,3,4],[2,3,5],[2,4,5],
 [3,4,6],[3,5,7],[3,6,8],[3,7,9],[3,8,10],[3,9,10],[4,5,10],[4,6,9],
 [4,7,8],[4,7,9],[4,8,10],[5,6,7],[5,6,10],[6,7,8],[6,9,10]]

manifold_lex_d2_n10_o1_g1_#100=[[1,2,3],[1,2,4],[1,3,4],[2,3,5],[2,4,5],
 [3,4,6],[3,5,7],[3,6,8],[3,7,9],[3,8,10],[3,9,10],[4,5,10],[4,6,9],
 [4,7,8],[4,7,9],[4,8,10],[5,6,8],[5,6,9],[5,7,8],[5,9,10]]

manifold_lex_d2_n10_o1_g1_#101=[[1,2,3],[1,2,4],[1,3,4],[2,3,5],[2,4,5],
 [3,4,6],[3,5,7],[3,6,8],[3,7,9],[3,8,10],[3,9,10],[4,5,10],[4,6,9],
 [4,7,8],[4,7,9],[4,8,10],[5,7,8],[5,8,9],[5,9,10],[6,8,9]]

manifold_lex_d2_n10_o1_g1_#102=[[1,2,3],[1,2,4],[1,3,4],[2,3,5],[2,4,5],
 [3,4,6],[3,5,7],[3,6,8],[3,7,9],[3,8,10],[3,9,10],[4,5,10],[4,6,9],
 [4,7,8],[4,7,9],[4,8,10],[5,7,10],[6,7,8],[6,7,10],[6,9,10]]

manifold_lex_d2_n10_o1_g1_#103=[[1,2,3],[1,2,4],[1,3,4],[2,3,5],[2,4,6],
 [2,5,6],[3,4,7],[3,5,6],[3,6,8],[3,7,9],[3,8,10],[3,9,10],[4,6,9],
 [4,7,10],[4,8,9],[4,8,10],[6,7,8],[6,7,10],[6,9,10],[7,8,9]]

manifold_lex_d2_n10_o1_g1_#104=[[1,2,3],[1,2,4],[1,3,4],[2,3,5],[2,4,6],
 [2,5,6],[3,4,7],[3,5,7],[4,5,8],[4,5,9],[4,6,8],[4,7,10],[4,9,10],
 [5,6,10],[5,7,9],[5,8,10],[6,7,8],[6,7,9],[6,9,10],[7,8,10]]

manifold_lex_d2_n10_o1_g1_#105=[[1,2,3],[1,2,4],[1,3,4],[2,3,5],[2,4,6],
 [2,5,6],[3,4,7],[3,5,7],[4,5,8],[4,5,9],[4,6,8],[4,7,10],[4,9,10],
 [5,6,10],[5,7,9],[5,8,10],[6,8,9],[6,9,10],[7,8,9],[7,8,10]]

manifold_lex_d2_n10_o1_g1_#106=[[1,2,3],[1,2,4],[1,3,4],[2,3,5],[2,4,6],
 [2,5,6],[3,4,7],[3,5,7],[4,6,8],[4,7,9],[4,8,10],[4,9,10],[5,6,9],
 [5,7,10],[5,8,9],[5,8,10],[6,7,8],[6,7,10],[6,9,10],[7,8,9]]

manifold_lex_d2_n10_o1_g1_#107=[[1,2,3],[1,2,4],[1,3,4],[2,3,5],[2,4,6],
 [2,5,6],[3,4,7],[3,5,8],[3,6,7],[3,6,8],[4,5,7],[4,5,9],[4,6,9],
 [5,6,10],[5,7,8],[5,9,10],[6,7,9],[6,8,10],[7,8,9],[8,9,10]]

manifold_lex_d2_n10_o1_g1_#108=[[1,2,3],[1,2,4],[1,3,4],[2,3,5],[2,4,6],
 [2,5,6],[3,4,7],[3,5,8],[3,6,7],[3,6,8],[4,5,7],[4,5,9],[4,6,9],
 [5,6,10],[5,7,8],[5,9,10],[6,7,9],[6,8,10],[7,8,10],[7,9,10]]

manifold_lex_d2_n10_o1_g1_#109=[[1,2,3],[1,2,4],[1,3,4],[2,3,5],[2,4,6],
 [2,5,6],[3,4,7],[3,5,8],[3,6,7],[3,6,8],[4,5,7],[4,5,9],[4,6,10],
 [4,8,9],[4,8,10],[5,6,9],[5,7,8],[6,7,10],[6,8,9],[7,8,10]]

manifold_lex_d2_n10_o1_g1_#110=[[1,2,3],[1,2,4],[1,3,4],[2,3,5],[2,4,6],
 [2,5,6],[3,4,7],[3,5,8],[3,6,7],[3,6,8],[4,5,7],[4,5,9],[4,6,10],
 [4,8,9],[4,8,10],[5,6,9],[5,7,10],[5,8,10],[6,7,10],[6,8,9]]

manifold_lex_d2_n10_o1_g1_#111=[[1,2,3],[1,2,4],[1,3,4],[2,3,5],[2,4,6],
 [2,5,6],[3,4,7],[3,5,8],[3,6,7],[3,6,8],[4,5,7],[4,5,9],[4,6,10],
 [4,9,10],[5,6,9],[5,7,8],[6,7,10],[6,8,9],[7,8,9],[7,9,10]]

manifold_lex_d2_n10_o1_g1_#112=[[1,2,3],[1,2,4],[1,3,4],[2,3,5],[2,4,6],
 [2,5,6],[3,4,7],[3,5,8],[3,6,7],[3,6,8],[4,5,7],[4,5,9],[4,6,10],
 [4,9,10],[5,6,9],[5,7,8],[6,7,10],[6,8,9],[7,8,10],[8,9,10]]

manifold_lex_d2_n10_o1_g1_#113=[[1,2,3],[1,2,4],[1,3,4],[2,3,5],[2,4,6],
 [2,5,6],[3,4,7],[3,5,8],[3,6,7],[3,6,8],[4,5,7],[4,5,9],[4,6,10],
 [4,9,10],[5,6,9],[5,7,10],[5,8,10],[6,7,10],[6,8,9],[8,9,10]]

manifold_lex_d2_n10_o1_g1_#114=[[1,2,3],[1,2,4],[1,3,4],[2,3,5],[2,4,6],
 [2,5,6],[3,4,7],[3,5,8],[3,6,7],[3,6,8],[4,5,8],[4,5,9],[4,6,9],
 [4,7,8],[5,6,10],[5,7,9],[5,7,10],[6,7,9],[6,8,10],[7,8,10]]

manifold_lex_d2_n10_o1_g1_#115=[[1,2,3],[1,2,4],[1,3,4],[2,3,5],[2,4,6],
 [2,5,6],[3,4,7],[3,5,8],[3,6,7],[3,6,8],[4,5,8],[4,5,9],[4,6,9],
 [4,7,8],[5,6,10],[5,9,10],[6,7,9],[6,8,10],[7,8,9],[8,9,10]]

manifold_lex_d2_n10_o1_g1_#116=[[1,2,3],[1,2,4],[1,3,4],[2,3,5],[2,4,6],
 [2,5,6],[3,4,7],[3,5,8],[3,6,7],[3,6,8],[4,5,8],[4,5,9],[4,6,9],
 [4,7,8],[5,6,10],[5,9,10],[6,7,9],[6,8,10],[7,8,10],[7,9,10]]

manifold_lex_d2_n10_o1_g1_#117=[[1,2,3],[1,2,4],[1,3,4],[2,3,5],[2,4,6],
 [2,5,6],[3,4,7],[3,5,8],[3,6,7],[3,6,8],[4,5,8],[4,5,9],[4,6,9],
 [4,7,10],[4,8,10],[5,6,10],[5,7,9],[5,7,10],[6,7,9],[6,8,10]]

manifold_lex_d2_n10_o1_g1_#118=[[1,2,3],[1,2,4],[1,3,4],[2,3,5],[2,4,6],
 [2,5,6],[3,4,7],[3,5,8],[3,6,7],[3,6,8],[4,5,8],[4,5,9],[4,6,9],
 [4,7,10],[4,8,10],[5,6,10],[5,9,10],[6,7,9],[6,8,10],[7,9,10]]

manifold_lex_d2_n10_o1_g1_#119=[[1,2,3],[1,2,4],[1,3,4],[2,3,5],[2,4,6],
 [2,5,6],[3,4,7],[3,5,8],[3,6,7],[3,6,8],[4,5,8],[4,5,9],[4,6,10],
 [4,7,8],[4,9,10],[5,6,9],[6,7,10],[6,8,9],[7,8,9],[7,9,10]]

manifold_lex_d2_n10_o1_g1_#120=[[1,2,3],[1,2,4],[1,3,4],[2,3,5],[2,4,6],
 [2,5,6],[3,4,7],[3,5,8],[3,6,7],[3,6,8],[4,5,8],[4,5,9],[4,6,10],
 [4,7,8],[4,9,10],[5,6,9],[6,7,10],[6,8,9],[7,8,10],[8,9,10]]

manifold_lex_d2_n10_o1_g1_#121=[[1,2,3],[1,2,4],[1,3,4],[2,3,5],[2,4,6],
 [2,5,6],[3,4,7],[3,5,8],[3,6,7],[3,6,8],[4,6,9],[4,7,8],[4,8,9],
 [5,6,10],[5,7,9],[5,7,10],[5,8,9],[6,7,9],[6,8,10],[7,8,10]]

manifold_lex_d2_n10_o1_g1_#122=[[1,2,3],[1,2,4],[1,3,4],[2,3,5],[2,4,6],
 [2,5,6],[3,4,7],[3,5,8],[3,6,7],[3,6,8],[4,6,9],[4,7,8],[4,8,9],
 [5,6,10],[5,8,9],[5,9,10],[6,7,9],[6,8,10],[7,8,10],[7,9,10]]

manifold_lex_d2_n10_o1_g1_#123=[[1,2,3],[1,2,4],[1,3,4],[2,3,5],[2,4,6],
 [2,5,6],[3,4,7],[3,5,8],[3,6,7],[3,6,8],[4,6,9],[4,7,10],[4,8,9],
 [4,8,10],[5,6,10],[5,7,8],[5,7,10],[6,7,9],[6,8,10],[7,8,9]]

manifold_lex_d2_n10_o1_g1_#124=[[1,2,3],[1,2,4],[1,3,4],[2,3,5],[2,4,6],
 [2,5,6],[3,4,7],[3,5,8],[3,6,7],[3,6,8],[4,6,9],[4,7,10],[4,8,9],
 [4,8,10],[5,6,10],[5,7,9],[5,7,10],[5,8,9],[6,7,9],[6,8,10]]

manifold_lex_d2_n10_o1_g1_#125=[[1,2,3],[1,2,4],[1,3,4],[2,3,5],[2,4,6],
 [2,5,6],[3,4,7],[3,5,8],[3,6,7],[3,6,8],[4,6,9],[4,7,10],[4,8,9],
 [4,8,10],[5,6,10],[5,8,9],[5,9,10],[6,7,9],[6,8,10],[7,9,10]]

manifold_lex_d2_n10_o1_g1_#126=[[1,2,3],[1,2,4],[1,3,4],[2,3,5],[2,4,6],
 [2,5,6],[3,4,7],[3,5,8],[3,6,7],[3,6,8],[4,6,9],[4,7,10],[4,9,10],
 [5,6,10],[5,7,8],[5,7,10],[6,7,9],[6,8,10],[7,8,9],[8,9,10]]

manifold_lex_d2_n10_o1_g1_#127=[[1,2,3],[1,2,4],[1,3,4],[2,3,5],[2,4,6],
 [2,5,6],[3,4,7],[3,5,8],[3,6,7],[3,6,8],[4,6,9],[4,7,10],[4,9,10],
 [5,6,10],[5,7,9],[5,7,10],[5,8,9],[6,7,9],[6,8,10],[8,9,10]]

manifold_lex_d2_n10_o1_g1_#128=[[1,2,3],[1,2,4],[1,3,4],[2,3,5],[2,4,6],
 [2,5,6],[3,4,7],[3,5,8],[3,6,7],[3,6,9],[3,8,9],[4,5,7],[4,5,9],
 [4,6,8],[4,8,9],[5,6,9],[5,7,8],[6,7,10],[6,8,10],[7,8,10]]

manifold_lex_d2_n10_o1_g1_#129=[[1,2,3],[1,2,4],[1,3,4],[2,3,5],[2,4,6],
 [2,5,6],[3,4,7],[3,5,8],[3,6,7],[3,6,9],[3,8,9],[4,5,7],[4,5,9],
 [4,6,8],[4,8,9],[5,6,9],[5,7,10],[5,8,10],[6,7,10],[6,8,10]]

manifold_lex_d2_n10_o1_g1_#130=[[1,2,3],[1,2,4],[1,3,4],[2,3,5],[2,4,6],
 [2,5,6],[3,4,7],[3,5,8],[3,6,7],[3,6,9],[3,8,9],[4,5,7],[4,5,9],
 [4,6,8],[4,8,9],[5,6,10],[5,7,8],[5,9,10],[6,7,8],[6,9,10]]

manifold_lex_d2_n10_o1_g1_#131=[[1,2,3],[1,2,4],[1,3,4],[2,3,5],[2,4,6],
 [2,5,6],[3,4,7],[3,5,8],[3,6,7],[3,6,9],[3,8,9],[4,5,7],[4,5,9],
 [4,6,8],[4,8,10],[4,9,10],[5,6,9],[5,7,8],[6,7,8],[8,9,10]]

manifold_lex_d2_n10_o1_g1_#132=[[1,2,3],[1,2,4],[1,3,4],[2,3,5],[2,4,6],
 [2,5,6],[3,4,7],[3,5,8],[3,6,7],[3,6,9],[3,8,9],[4,5,7],[4,5,9],
 [4,6,10],[4,8,9],[4,8,10],[5,6,9],[5,7,8],[6,7,8],[6,8,10]]

manifold_lex_d2_n10_o1_g1_#133=[[1,2,3],[1,2,4],[1,3,4],[2,3,5],[2,4,6],
 [2,5,6],[3,4,7],[3,5,8],[3,6,7],[3,6,9],[3,8,9],[4,5,7],[4,5,9],
 [4,6,10],[4,8,9],[4,8,10],[5,6,9],[5,7,8],[6,7,10],[7,8,10]]

manifold_lex_d2_n10_o1_g1_#134=[[1,2,3],[1,2,4],[1,3,4],[2,3,5],[2,4,6],
 [2,5,6],[3,4,7],[3,5,8],[3,6,7],[3,6,9],[3,8,9],[4,5,7],[4,5,9],
 [4,6,10],[4,8,9],[4,8,10],[5,6,9],[5,7,10],[5,8,10],[6,7,10]]

manifold_lex_d2_n10_o1_g1_#135=[[1,2,3],[1,2,4],[1,3,4],[2,3,5],[2,4,6],
 [2,5,6],[3,4,7],[3,5,8],[3,6,7],[3,6,9],[3,8,9],[4,5,7],[4,5,9],
 [4,6,10],[4,9,10],[5,6,9],[5,7,8],[6,7,8],[6,8,10],[8,9,10]]

manifold_lex_d2_n10_o1_g1_#136=[[1,2,3],[1,2,4],[1,3,4],[2,3,5],[2,4,6],
 [2,5,6],[3,4,7],[3,5,8],[3,6,7],[3,6,9],[3,8,9],[4,5,7],[4,5,9],
 [4,6,10],[4,9,10],[5,6,9],[5,7,8],[6,7,10],[7,8,9],[7,9,10]]

manifold_lex_d2_n10_o1_g1_#137=[[1,2,3],[1,2,4],[1,3,4],[2,3,5],[2,4,6],
 [2,5,6],[3,4,7],[3,5,8],[3,6,7],[3,6,9],[3,8,9],[4,5,7],[4,5,9],
 [4,6,10],[4,9,10],[5,6,9],[5,7,8],[6,7,10],[7,8,10],[8,9,10]]

manifold_lex_d2_n10_o1_g1_#138=[[1,2,3],[1,2,4],[1,3,4],[2,3,5],[2,4,6],
 [2,5,6],[3,4,7],[3,5,8],[3,6,7],[3,6,9],[3,8,9],[4,5,7],[4,5,10],
 [4,6,8],[4,8,9],[4,9,10],[5,6,9],[5,7,8],[5,9,10],[6,7,8]]

manifold_lex_d2_n10_o1_g1_#139=[[1,2,3],[1,2,4],[1,3,4],[2,3,5],[2,4,6],
 [2,5,6],[3,4,7],[3,5,8],[3,6,7],[3,6,9],[3,8,9],[4,5,7],[4,5,10],
 [4,6,8],[4,8,9],[4,9,10],[5,6,10],[5,7,8],[6,7,8],[6,9,10]]

manifold_lex_d2_n10_o1_g1_#140=[[1,2,3],[1,2,4],[1,3,4],[2,3,5],[2,4,6],
 [2,5,6],[3,4,7],[3,5,8],[3,6,7],[3,6,9],[3,8,9],[4,5,7],[4,5,10],
 [4,6,8],[4,8,10],[5,6,9],[5,7,8],[5,9,10],[6,7,8],[8,9,10]]

manifold_lex_d2_n10_o1_g1_#141=[[1,2,3],[1,2,4],[1,3,4],[2,3,5],[2,4,6],
 [2,5,6],[3,4,7],[3,5,8],[3,6,7],[3,6,9],[3,8,9],[4,5,8],[4,5,9],
 [4,6,10],[4,7,8],[4,9,10],[5,6,9],[6,7,8],[6,8,10],[8,9,10]]

manifold_lex_d2_n10_o1_g1_#142=[[1,2,3],[1,2,4],[1,3,4],[2,3,5],[2,4,6],
 [2,5,6],[3,4,7],[3,5,8],[3,6,7],[3,6,9],[3,8,9],[4,5,8],[4,5,9],
 [4,6,10],[4,7,8],[4,9,10],[5,6,9],[6,7,10],[7,8,9],[7,9,10]]

manifold_lex_d2_n10_o1_g1_#143=[[1,2,3],[1,2,4],[1,3,4],[2,3,5],[2,4,6],
 [2,5,6],[3,4,7],[3,5,8],[3,6,7],[3,6,9],[3,8,9],[4,5,8],[4,5,9],
 [4,6,10],[4,7,8],[4,9,10],[5,6,9],[6,7,10],[7,8,10],[8,9,10]]

manifold_lex_d2_n10_o1_g1_#144=[[1,2,3],[1,2,4],[1,3,4],[2,3,5],[2,4,6],
 [2,5,6],[3,4,7],[3,5,8],[3,6,7],[3,6,9],[3,8,9],[4,5,8],[4,5,10],
 [4,6,10],[4,7,8],[5,6,9],[5,7,9],[5,7,10],[6,7,10],[7,8,9]]

manifold_lex_d2_n10_o1_g1_#145=[[1,2,3],[1,2,4],[1,3,4],[2,3,5],[2,4,6],
 [2,5,6],[3,4,7],[3,5,8],[3,6,7],[3,6,9],[3,8,9],[4,5,8],[4,5,10],
 [4,6,10],[4,7,8],[5,6,9],[5,9,10],[6,7,8],[6,8,10],[8,9,10]]

manifold_lex_d2_n10_o1_g1_#146=[[1,2,3],[1,2,4],[1,3,4],[2,3,5],[2,4,6],
 [2,5,6],[3,4,7],[3,5,8],[3,6,7],[3,6,9],[3,8,9],[4,5,8],[4,5,10],
 [4,6,10],[4,7,8],[5,6,9],[5,9,10],[6,7,10],[7,8,9],[7,9,10]]

manifold_lex_d2_n10_o1_g1_#147=[[1,2,3],[1,2,4],[1,3,4],[2,3,5],[2,4,6],
 [2,5,6],[3,4,7],[3,5,8],[3,6,7],[3,6,9],[3,8,9],[4,5,8],[4,5,10],
 [4,6,10],[4,7,8],[5,6,9],[5,9,10],[6,7,10],[7,8,10],[8,9,10]]

manifold_lex_d2_n10_o1_g1_#148=[[1,2,3],[1,2,4],[1,3,4],[2,3,5],[2,4,6],
 [2,5,6],[3,4,7],[3,5,8],[3,6,7],[3,6,9],[3,8,9],[4,5,8],[4,5,10],
 [4,6,10],[4,7,9],[4,8,9],[5,6,9],[5,7,9],[5,7,10],[6,7,10]]

manifold_lex_d2_n10_o1_g1_#149=[[1,2,3],[1,2,4],[1,3,4],[2,3,5],[2,4,6],
 [2,5,6],[3,4,7],[3,5,8],[3,6,7],[3,6,9],[3,8,9],[4,5,8],[4,5,10],
 [4,6,10],[4,7,9],[4,8,9],[5,6,9],[5,9,10],[6,7,10],[7,9,10]]

manifold_lex_d2_n10_o1_g1_#150=[[1,2,3],[1,2,4],[1,3,4],[2,3,5],[2,4,6],
 [2,5,6],[3,4,7],[3,5,8],[3,6,7],[3,6,9],[3,8,9],[4,5,9],[4,5,10],
 [4,6,8],[4,7,10],[4,8,9],[5,6,9],[5,7,8],[5,7,10],[6,7,8]]

manifold_lex_d2_n10_o1_g1_#151=[[1,2,3],[1,2,4],[1,3,4],[2,3,5],[2,4,6],
 [2,5,6],[3,4,7],[3,5,8],[3,6,7],[3,6,9],[3,8,9],[4,5,9],[4,5,10],
 [4,6,8],[4,7,10],[4,8,9],[5,6,9],[5,8,10],[6,7,8],[7,8,10]]

manifold_lex_d2_n10_o1_g1_#152=[[1,2,3],[1,2,4],[1,3,4],[2,3,5],[2,4,6],
 [2,5,6],[3,4,7],[3,5,8],[3,6,7],[3,6,9],[3,8,9],[4,5,9],[4,5,10],
 [4,6,8],[4,7,10],[4,8,9],[5,6,9],[5,8,10],[6,7,10],[6,8,10]]

manifold_lex_d2_n10_o1_g1_#153=[[1,2,3],[1,2,4],[1,3,4],[2,3,5],[2,4,6],
 [2,5,6],[3,4,7],[3,5,8],[3,6,7],[3,6,9],[3,8,9],[4,6,8],[4,7,8],
 [5,6,9],[5,7,9],[5,7,10],[5,8,10],[6,7,10],[6,8,10],[7,8,9]]

manifold_lex_d2_n10_o1_g1_#154=[[1,2,3],[1,2,4],[1,3,4],[2,3,5],[2,4,6],
 [2,5,6],[3,4,7],[3,5,8],[3,6,7],[3,6,9],[3,8,9],[4,6,8],[4,7,8],
 [5,6,9],[5,8,10],[5,9,10],[6,7,10],[6,8,10],[7,8,9],[7,9,10]]

manifold_lex_d2_n10_o1_g1_#155=[[1,2,3],[1,2,4],[1,3,4],[2,3,5],[2,4,6],
 [2,5,6],[3,4,7],[3,5,8],[3,6,7],[3,6,9],[3,8,9],[4,6,8],[4,7,9],
 [4,8,9],[5,6,9],[5,7,8],[5,7,9],[6,7,10],[6,8,10],[7,8,10]]

manifold_lex_d2_n10_o1_g1_#156=[[1,2,3],[1,2,4],[1,3,4],[2,3,5],[2,4,6],
 [2,5,6],[3,4,7],[3,5,8],[3,6,7],[3,6,9],[3,8,9],[4,6,8],[4,7,9],
 [4,8,9],[5,6,9],[5,7,8],[5,7,10],[5,9,10],[6,7,8],[7,9,10]]

manifold_lex_d2_n10_o1_g1_#157=[[1,2,3],[1,2,4],[1,3,4],[2,3,5],[2,4,6],
 [2,5,6],[3,4,7],[3,5,8],[3,6,7],[3,6,9],[3,8,9],[4,6,8],[4,7,9],
 [4,8,9],[5,6,9],[5,7,9],[5,7,10],[5,8,10],[6,7,8],[7,8,10]]

manifold_lex_d2_n10_o1_g1_#158=[[1,2,3],[1,2,4],[1,3,4],[2,3,5],[2,4,6],
 [2,5,6],[3,4,7],[3,5,8],[3,6,7],[3,6,9],[3,8,9],[4,6,8],[4,7,9],
 [4,8,9],[5,6,9],[5,7,9],[5,7,10],[5,8,10],[6,7,10],[6,8,10]]

manifold_lex_d2_n10_o1_g1_#159=[[1,2,3],[1,2,4],[1,3,4],[2,3,5],[2,4,6],
 [2,5,6],[3,4,7],[3,5,8],[3,6,7],[3,6,9],[3,8,9],[4,6,8],[4,7,9],
 [4,8,9],[5,6,9],[5,8,10],[5,9,10],[6,7,8],[7,8,10],[7,9,10]]

manifold_lex_d2_n10_o1_g1_#160=[[1,2,3],[1,2,4],[1,3,4],[2,3,5],[2,4,6],
 [2,5,6],[3,4,7],[3,5,8],[3,6,7],[3,6,9],[3,8,9],[4,6,8],[4,7,9],
 [4,8,9],[5,6,9],[5,8,10],[5,9,10],[6,7,10],[6,8,10],[7,9,10]]

manifold_lex_d2_n10_o1_g1_#161=[[1,2,3],[1,2,4],[1,3,4],[2,3,5],[2,4,6],
 [2,5,6],[3,4,7],[3,5,8],[3,6,7],[3,6,9],[3,8,9],[4,6,8],[4,7,9],
 [4,8,9],[5,6,10],[5,7,8],[5,7,9],[5,9,10],[6,7,8],[6,9,10]]

manifold_lex_d2_n10_o1_g1_#162=[[1,2,3],[1,2,4],[1,3,4],[2,3,5],[2,4,6],
 [2,5,6],[3,4,7],[3,5,8],[3,6,7],[3,6,9],[3,8,9],[4,6,8],[4,7,9],
 [4,8,9],[5,6,10],[5,7,8],[5,7,10],[6,7,8],[6,9,10],[7,9,10]]

manifold_lex_d2_n10_o1_g1_#163=[[1,2,3],[1,2,4],[1,3,4],[2,3,5],[2,4,6],
 [2,5,6],[3,4,7],[3,5,8],[3,6,7],[3,6,9],[3,8,9],[4,6,8],[4,7,9],
 [4,8,9],[5,6,10],[5,8,10],[6,7,8],[6,9,10],[7,8,10],[7,9,10]]

manifold_lex_d2_n10_o1_g1_#164=[[1,2,3],[1,2,4],[1,3,4],[2,3,5],[2,4,6],
 [2,5,6],[3,4,7],[3,5,8],[3,6,7],[3,6,9],[3,8,9],[4,6,8],[4,7,9],
 [4,8,10],[4,9,10],[5,6,9],[5,7,8],[5,7,9],[6,7,8],[8,9,10]]

manifold_lex_d2_n10_o1_g1_#165=[[1,2,3],[1,2,4],[1,3,4],[2,3,5],[2,4,6],
 [2,5,6],[3,4,7],[3,5,8],[3,6,7],[3,6,9],[3,8,9],[4,6,8],[4,7,10],
 [4,8,9],[4,9,10],[5,6,9],[5,7,8],[5,7,9],[6,7,8],[7,9,10]]

manifold_lex_d2_n10_o1_g1_#166=[[1,2,3],[1,2,4],[1,3,4],[2,3,5],[2,4,6],
 [2,5,6],[3,4,7],[3,5,8],[3,6,7],[3,6,9],[3,8,9],[4,6,8],[4,7,10],
 [4,8,9],[4,9,10],[5,6,9],[5,7,8],[5,7,10],[5,9,10],[6,7,8]]

manifold_lex_d2_n10_o1_g1_#167=[[1,2,3],[1,2,4],[1,3,4],[2,3,5],[2,4,6],
 [2,5,6],[3,4,7],[3,5,8],[3,6,7],[3,6,9],[3,8,9],[4,6,8],[4,7,10],
 [4,8,9],[4,9,10],[5,6,9],[5,8,10],[5,9,10],[6,7,8],[7,8,10]]

manifold_lex_d2_n10_o1_g1_#168=[[1,2,3],[1,2,4],[1,3,4],[2,3,5],[2,4,6],
 [2,5,6],[3,4,7],[3,5,8],[3,6,7],[3,6,9],[3,8,9],[4,6,8],[4,7,10],
 [4,8,9],[4,9,10],[5,6,9],[5,8,10],[5,9,10],[6,7,10],[6,8,10]]

manifold_lex_d2_n10_o1_g1_#169=[[1,2,3],[1,2,4],[1,3,4],[2,3,5],[2,4,6],
 [2,5,6],[3,4,7],[3,5,8],[3,6,7],[3,6,9],[3,8,9],[4,6,8],[4,7,10],
 [4,8,9],[4,9,10],[5,6,10],[5,7,8],[5,7,10],[6,7,8],[6,9,10]]

manifold_lex_d2_n10_o1_g1_#170=[[1,2,3],[1,2,4],[1,3,4],[2,3,5],[2,4,6],
 [2,5,6],[3,4,7],[3,5,8],[3,6,7],[3,6,9],[3,8,9],[4,6,8],[4,7,10],
 [4,8,9],[4,9,10],[5,6,10],[5,8,10],[6,7,8],[6,9,10],[7,8,10]]

manifold_lex_d2_n10_o1_g1_#171=[[1,2,3],[1,2,4],[1,3,4],[2,3,5],[2,4,6],
 [2,5,6],[3,4,7],[3,5,8],[3,6,7],[3,6,9],[3,8,9],[4,6,8],[4,7,10],
 [4,8,10],[5,6,9],[5,7,8],[5,7,9],[6,7,8],[7,9,10],[8,9,10]]

manifold_lex_d2_n10_o1_g1_#172=[[1,2,3],[1,2,4],[1,3,4],[2,3,5],[2,4,6],
 [2,5,6],[3,4,7],[3,5,8],[3,6,7],[3,6,9],[3,8,9],[4,6,8],[4,7,10],
 [4,8,10],[5,6,9],[5,7,8],[5,7,10],[5,9,10],[6,7,8],[8,9,10]]

manifold_lex_d2_n10_o1_g1_#173=[[1,2,3],[1,2,4],[1,3,4],[2,3,5],[2,4,6],
 [2,5,6],[3,4,7],[3,5,8],[3,6,7],[3,6,9],[3,8,9],[4,6,8],[4,7,10],
 [4,8,10],[5,6,10],[5,7,8],[5,7,10],[6,7,8],[6,9,10],[8,9,10]]

manifold_lex_d2_n10_o1_g1_#174=[[1,2,3],[1,2,4],[1,3,4],[2,3,5],[2,4,6],
 [2,5,6],[3,4,7],[3,5,8],[3,6,7],[3,6,9],[3,8,9],[4,6,10],[4,7,8],
 [4,8,10],[5,6,9],[5,7,9],[5,7,10],[5,8,10],[6,7,10],[7,8,9]]

manifold_lex_d2_n10_o1_g1_#175=[[1,2,3],[1,2,4],[1,3,4],[2,3,5],[2,4,6],
 [2,5,6],[3,4,7],[3,5,8],[3,6,7],[3,6,9],[3,8,9],[4,6,10],[4,7,8],
 [4,8,10],[5,6,9],[5,8,10],[5,9,10],[6,7,10],[7,8,9],[7,9,10]]

manifold_lex_d2_n10_o1_g1_#176=[[1,2,3],[1,2,4],[1,3,4],[2,3,5],[2,4,6],
 [2,5,6],[3,4,7],[3,5,8],[3,6,7],[3,6,9],[3,8,9],[4,6,10],[4,7,9],
 [4,8,9],[4,8,10],[5,6,9],[5,7,8],[5,7,9],[6,7,8],[6,8,10]]

manifold_lex_d2_n10_o1_g1_#177=[[1,2,3],[1,2,4],[1,3,4],[2,3,5],[2,4,6],
 [2,5,6],[3,4,7],[3,5,8],[3,6,7],[3,6,9],[3,8,9],[4,6,10],[4,7,9],
 [4,8,9],[4,8,10],[5,6,9],[5,7,8],[5,7,9],[6,7,10],[7,8,10]]

manifold_lex_d2_n10_o1_g1_#178=[[1,2,3],[1,2,4],[1,3,4],[2,3,5],[2,4,6],
 [2,5,6],[3,4,7],[3,5,8],[3,6,7],[3,6,9],[3,8,9],[4,6,10],[4,7,9],
 [4,8,9],[4,8,10],[5,6,9],[5,7,9],[5,7,10],[5,8,10],[6,7,10]]

manifold_lex_d2_n10_o1_g1_#179=[[1,2,3],[1,2,4],[1,3,4],[2,3,5],[2,4,6],
 [2,5,6],[3,4,7],[3,5,8],[3,6,7],[3,6,9],[3,8,9],[4,6,10],[4,7,9],
 [4,8,9],[4,8,10],[5,6,9],[5,8,10],[5,9,10],[6,7,10],[7,9,10]]

manifold_lex_d2_n10_o1_g1_#180=[[1,2,3],[1,2,4],[1,3,4],[2,3,5],[2,4,6],
 [2,5,6],[3,4,7],[3,5,8],[3,6,7],[3,6,9],[3,8,9],[4,6,10],[4,7,9],
 [4,9,10],[5,6,9],[5,7,8],[5,7,9],[6,7,8],[6,8,10],[8,9,10]]

manifold_lex_d2_n10_o1_g1_#181=[[1,2,3],[1,2,4],[1,3,4],[2,3,5],[2,4,6],
 [2,5,6],[3,4,7],[3,5,8],[3,6,7],[3,6,9],[3,8,9],[4,6,10],[4,7,9],
 [4,9,10],[5,6,9],[5,7,8],[5,7,9],[6,7,10],[7,8,10],[8,9,10]]

manifold_lex_d2_n10_o1_g1_#182=[[1,2,3],[1,2,4],[1,3,4],[2,3,5],[2,4,6],
 [2,5,6],[3,4,7],[3,5,8],[3,6,7],[3,6,9],[3,8,9],[4,6,10],[4,7,9],
 [4,9,10],[5,6,9],[5,7,9],[5,7,10],[5,8,10],[6,7,10],[8,9,10]]

manifold_lex_d2_n10_o1_g1_#183=[[1,2,3],[1,2,4],[1,3,4],[2,3,5],[2,4,6],
 [2,5,6],[3,4,7],[3,5,8],[3,6,7],[3,6,9],[3,8,9],[4,6,10],[4,7,10],
 [5,6,9],[5,7,8],[5,7,9],[6,7,8],[6,8,10],[7,9,10],[8,9,10]]

manifold_lex_d2_n10_o1_g1_#184=[[1,2,3],[1,2,4],[1,3,4],[2,3,5],[2,4,6],
 [2,5,6],[3,4,7],[3,5,8],[3,6,7],[3,6,9],[3,8,9],[4,6,10],[4,7,10],
 [5,6,9],[5,7,8],[5,7,10],[5,9,10],[6,7,8],[6,8,10],[8,9,10]]

manifold_lex_d2_n10_o1_g1_#185=[[1,2,3],[1,2,4],[1,3,4],[2,3,5],[2,4,6],
 [2,5,6],[3,4,7],[3,5,8],[3,6,7],[3,6,9],[3,8,10],[3,9,10],[4,5,7],
 [4,5,9],[4,6,8],[4,8,10],[4,9,10],[5,6,9],[5,7,8],[6,7,8]]

manifold_lex_d2_n10_o1_g1_#186=[[1,2,3],[1,2,4],[1,3,4],[2,3,5],[2,4,6],
 [2,5,6],[3,4,7],[3,5,8],[3,6,7],[3,6,9],[3,8,10],[3,9,10],[4,5,8],
 [4,5,9],[4,6,10],[4,7,8],[4,9,10],[5,6,9],[6,7,8],[6,8,10]]

manifold_lex_d2_n10_o1_g1_#187=[[1,2,3],[1,2,4],[1,3,4],[2,3,5],[2,4,6],
 [2,5,6],[3,4,7],[3,5,8],[3,6,7],[3,6,9],[3,8,10],[3,9,10],[4,5,8],
 [4,5,9],[4,6,10],[4,7,8],[4,9,10],[5,6,9],[6,7,10],[7,8,10]]

manifold_lex_d2_n10_o1_g1_#188=[[1,2,3],[1,2,4],[1,3,4],[2,3,5],[2,4,6],
 [2,5,6],[3,4,7],[3,5,8],[3,6,7],[3,6,9],[3,8,10],[3,9,10],[4,5,8],
 [4,5,10],[4,6,10],[4,7,8],[5,6,9],[5,9,10],[6,7,8],[6,8,10]]

manifold_lex_d2_n10_o1_g1_#189=[[1,2,3],[1,2,4],[1,3,4],[2,3,5],[2,4,6],
 [2,5,6],[3,4,7],[3,5,8],[3,6,7],[3,6,9],[3,8,10],[3,9,10],[4,5,8],
 [4,5,10],[4,6,10],[4,7,8],[5,6,9],[5,9,10],[6,7,10],[7,8,10]]

manifold_lex_d2_n10_o1_g1_#190=[[1,2,3],[1,2,4],[1,3,4],[2,3,5],[2,4,6],
 [2,5,6],[3,4,7],[3,5,8],[3,6,7],[3,6,9],[3,8,10],[3,9,10],[4,6,8],
 [4,7,9],[4,8,9],[5,6,9],[5,7,8],[5,7,9],[6,7,8],[8,9,10]]

manifold_lex_d2_n10_o1_g1_#191=[[1,2,3],[1,2,4],[1,3,4],[2,3,5],[2,4,6],
 [2,5,6],[3,4,7],[3,5,8],[3,6,7],[3,6,9],[3,8,10],[3,9,10],[4,6,8],
 [4,7,9],[4,8,10],[4,9,10],[5,6,9],[5,7,8],[5,7,9],[6,7,8]]

manifold_lex_d2_n10_o1_g1_#192=[[1,2,3],[1,2,4],[1,3,4],[2,3,5],[2,4,6],
 [2,5,6],[3,4,7],[3,5,8],[3,6,7],[3,6,9],[3,8,10],[3,9,10],[4,6,8],
 [4,7,9],[4,8,10],[4,9,10],[5,6,9],[5,8,9],[6,7,8],[7,8,9]]

manifold_lex_d2_n10_o1_g1_#193=[[1,2,3],[1,2,4],[1,3,4],[2,3,5],[2,4,6],
 [2,5,6],[3,4,7],[3,5,8],[3,6,7],[3,6,9],[3,8,10],[3,9,10],[4,6,8],
 [4,7,10],[4,8,10],[5,6,9],[5,7,8],[5,7,9],[6,7,8],[7,9,10]]

manifold_lex_d2_n10_o1_g1_#194=[[1,2,3],[1,2,4],[1,3,4],[2,3,5],[2,4,6],
 [2,5,6],[3,4,7],[3,5,8],[3,6,7],[3,6,9],[3,8,10],[3,9,10],[4,6,8],
 [4,7,10],[4,8,10],[5,6,9],[5,7,8],[5,7,10],[5,9,10],[6,7,8]]

manifold_lex_d2_n10_o1_g1_#195=[[1,2,3],[1,2,4],[1,3,4],[2,3,5],[2,4,6],
 [2,5,6],[3,4,7],[3,5,8],[3,6,7],[3,6,9],[3,8,10],[3,9,10],[4,6,8],
 [4,7,10],[4,8,10],[5,6,9],[5,8,9],[6,7,8],[7,8,9],[7,9,10]]

manifold_lex_d2_n10_o1_g1_#196=[[1,2,3],[1,2,4],[1,3,4],[2,3,5],[2,4,6],
 [2,5,6],[3,4,7],[3,5,8],[3,6,7],[3,6,9],[3,8,10],[3,9,10],[4,6,8],
 [4,7,10],[4,8,10],[5,6,10],[5,7,8],[5,7,10],[6,7,8],[6,9,10]]

manifold_lex_d2_n10_o1_g1_#197=[[1,2,3],[1,2,4],[1,3,4],[2,3,5],[2,4,6],
 [2,5,6],[3,4,7],[3,5,8],[3,6,7],[3,6,9],[3,8,10],[3,9,10],[4,6,10],
 [4,7,8],[4,8,9],[4,9,10],[5,6,8],[6,7,10],[6,8,9],[7,8,10]]

manifold_lex_d2_n10_o1_g1_#198=[[1,2,3],[1,2,4],[1,3,4],[2,3,5],[2,4,6],
 [2,5,6],[3,4,7],[3,5,8],[3,6,7],[3,6,9],[3,8,10],[3,9,10],[4,6,10],
 [4,7,8],[4,8,9],[4,9,10],[5,6,9],[5,8,9],[6,7,8],[6,8,10]]

manifold_lex_d2_n10_o1_g1_#199=[[1,2,3],[1,2,4],[1,3,4],[2,3,5],[2,4,6],
 [2,5,6],[3,4,7],[3,5,8],[3,6,7],[3,6,9],[3,8,10],[3,9,10],[4,6,10],
 [4,7,8],[4,8,9],[4,9,10],[5,6,9],[5,8,9],[6,7,10],[7,8,10]]

manifold_lex_d2_n10_o1_g1_#200=[[1,2,3],[1,2,4],[1,3,4],[2,3,5],[2,4,6],
 [2,5,6],[3,4,7],[3,5,8],[3,6,7],[3,6,9],[3,8,10],[3,9,10],[4,6,10],
 [4,7,9],[4,9,10],[5,6,8],[6,7,10],[6,8,9],[7,8,9],[7,8,10]]

manifold_lex_d2_n10_o1_g1_#201=[[1,2,3],[1,2,4],[1,3,4],[2,3,5],[2,4,6],
 [2,5,6],[3,4,7],[3,5,8],[3,6,7],[3,6,9],[3,8,10],[3,9,10],[4,6,10],
 [4,7,9],[4,9,10],[5,6,9],[5,7,8],[5,7,9],[6,7,8],[6,8,10]]

manifold_lex_d2_n10_o1_g1_#202=[[1,2,3],[1,2,4],[1,3,4],[2,3,5],[2,4,6],
 [2,5,6],[3,4,7],[3,5,8],[3,6,7],[3,6,9],[3,8,10],[3,9,10],[4,6,10],
 [4,7,9],[4,9,10],[5,6,9],[5,7,8],[5,7,9],[6,7,10],[7,8,10]]

manifold_lex_d2_n10_o1_g1_#203=[[1,2,3],[1,2,4],[1,3,4],[2,3,5],[2,4,6],
 [2,5,6],[3,4,7],[3,5,8],[3,6,7],[3,6,9],[3,8,10],[3,9,10],[4,6,10],
 [4,7,9],[4,9,10],[5,6,9],[5,7,9],[5,7,10],[5,8,10],[6,7,10]]

manifold_lex_d2_n10_o1_g1_#204=[[1,2,3],[1,2,4],[1,3,4],[2,3,5],[2,4,6],
 [2,5,6],[3,4,7],[3,5,8],[3,6,7],[3,6,9],[3,8,10],[3,9,10],[4,6,10],
 [4,7,9],[4,9,10],[5,6,9],[5,8,9],[6,7,8],[6,8,10],[7,8,9]]

manifold_lex_d2_n10_o1_g1_#205=[[1,2,3],[1,2,4],[1,3,4],[2,3,5],[2,4,6],
 [2,5,6],[3,4,7],[3,5,8],[3,6,7],[3,6,9],[3,8,10],[3,9,10],[4,6,10],
 [4,7,9],[4,9,10],[5,6,9],[5,8,9],[6,7,10],[7,8,9],[7,8,10]]

manifold_lex_d2_n10_o1_g1_#206=[[1,2,3],[1,2,4],[1,3,4],[2,3,5],[2,4,6],
 [2,5,6],[3,4,7],[3,5,8],[3,6,7],[3,6,9],[3,8,10],[3,9,10],[4,6,10],
 [4,7,10],[5,6,9],[5,7,8],[5,7,9],[6,7,8],[6,8,10],[7,9,10]]

manifold_lex_d2_n10_o1_g1_#207=[[1,2,3],[1,2,4],[1,3,4],[2,3,5],[2,4,6],
 [2,5,6],[3,4,7],[3,5,8],[3,6,7],[3,6,9],[3,8,10],[3,9,10],[4,6,10],
 [4,7,10],[5,6,9],[5,7,8],[5,7,10],[5,9,10],[6,7,8],[6,8,10]]

manifold_lex_d2_n10_o1_g1_#208=[[1,2,3],[1,2,4],[1,3,4],[2,3,5],[2,4,6],
 [2,5,6],[3,4,7],[3,5,8],[3,6,7],[3,6,9],[3,8,10],[3,9,10],[4,6,10],
 [4,7,10],[5,6,9],[5,8,9],[6,7,8],[6,8,10],[7,8,9],[7,9,10]]

manifold_lex_d2_n10_o1_g1_#209=[[1,2,3],[1,2,4],[1,3,4],[2,3,5],[2,4,6],
 [2,5,6],[3,4,7],[3,5,8],[3,6,8],[3,6,9],[3,7,9],[4,5,8],[4,5,9],
 [4,6,9],[4,7,8],[5,6,7],[5,7,9],[6,7,10],[6,8,10],[7,8,10]]

manifold_lex_d2_n10_o1_g1_#210=[[1,2,3],[1,2,4],[1,3,4],[2,3,5],[2,4,6],
 [2,5,6],[3,4,7],[3,5,8],[3,6,8],[3,6,9],[3,7,9],[4,5,8],[4,5,9],
 [4,6,9],[4,7,8],[5,6,10],[5,7,9],[5,7,10],[6,7,8],[6,7,10]]

manifold_lex_d2_n10_o1_g1_#211=[[1,2,3],[1,2,4],[1,3,4],[2,3,5],[2,4,6],
 [2,5,6],[3,4,7],[3,5,8],[3,6,8],[3,6,9],[3,7,9],[4,5,8],[4,5,9],
 [4,6,9],[4,7,8],[5,6,10],[5,7,9],[5,7,10],[6,8,10],[7,8,10]]

manifold_lex_d2_n10_o1_g1_#212=[[1,2,3],[1,2,4],[1,3,4],[2,3,5],[2,4,6],
 [2,5,6],[3,4,7],[3,5,8],[3,6,8],[3,6,9],[3,7,9],[4,5,8],[4,5,9],
 [4,6,9],[4,7,8],[5,6,10],[5,9,10],[6,8,10],[7,8,9],[8,9,10]]

manifold_lex_d2_n10_o1_g1_#213=[[1,2,3],[1,2,4],[1,3,4],[2,3,5],[2,4,6],
 [2,5,6],[3,4,7],[3,5,8],[3,6,8],[3,6,9],[3,7,9],[4,5,8],[4,5,9],
 [4,6,9],[4,7,8],[5,6,10],[5,9,10],[6,8,10],[7,8,10],[7,9,10]]

manifold_lex_d2_n10_o1_g1_#214=[[1,2,3],[1,2,4],[1,3,4],[2,3,5],[2,4,6],
 [2,5,6],[3,4,7],[3,5,8],[3,6,8],[3,6,9],[3,7,9],[4,5,8],[4,5,9],
 [4,6,9],[4,7,10],[4,8,10],[5,6,7],[5,7,9],[6,7,8],[7,8,10]]

manifold_lex_d2_n10_o1_g1_#215=[[1,2,3],[1,2,4],[1,3,4],[2,3,5],[2,4,6],
 [2,5,6],[3,4,7],[3,5,8],[3,6,8],[3,6,9],[3,7,9],[4,5,8],[4,5,9],
 [4,6,9],[4,7,10],[4,8,10],[5,6,7],[5,7,9],[6,7,10],[6,8,10]]

manifold_lex_d2_n10_o1_g1_#216=[[1,2,3],[1,2,4],[1,3,4],[2,3,5],[2,4,6],
 [2,5,6],[3,4,7],[3,5,8],[3,6,8],[3,6,9],[3,7,9],[4,5,8],[4,5,9],
 [4,6,9],[4,7,10],[4,8,10],[5,6,10],[5,7,9],[5,7,10],[6,8,10]]

manifold_lex_d2_n10_o1_g1_#217=[[1,2,3],[1,2,4],[1,3,4],[2,3,5],[2,4,6],
 [2,5,6],[3,4,7],[3,5,8],[3,6,8],[3,6,9],[3,7,9],[4,5,8],[4,5,9],
 [4,6,9],[4,7,10],[4,8,10],[5,6,10],[5,9,10],[6,8,10],[7,9,10]]

manifold_lex_d2_n10_o1_g1_#218=[[1,2,3],[1,2,4],[1,3,4],[2,3,5],[2,4,6],
 [2,5,6],[3,4,7],[3,5,8],[3,6,8],[3,6,9],[3,7,9],[4,5,8],[4,5,9],
 [4,6,10],[4,7,8],[4,9,10],[5,6,7],[5,7,9],[6,7,8],[6,9,10]]

manifold_lex_d2_n10_o1_g1_#219=[[1,2,3],[1,2,4],[1,3,4],[2,3,5],[2,4,6],
 [2,5,6],[3,4,7],[3,5,8],[3,6,8],[3,6,9],[3,7,9],[4,5,8],[4,5,10],
 [4,6,9],[4,7,8],[4,9,10],[5,6,7],[5,7,9],[5,9,10],[6,7,8]]

manifold_lex_d2_n10_o1_g1_#220=[[1,2,3],[1,2,4],[1,3,4],[2,3,5],[2,4,6],
 [2,5,6],[3,4,7],[3,5,8],[3,6,8],[3,6,9],[3,7,9],[4,5,8],[4,5,10],
 [4,6,9],[4,7,8],[4,9,10],[5,6,7],[5,7,10],[6,7,8],[7,9,10]]

manifold_lex_d2_n10_o1_g1_#221=[[1,2,3],[1,2,4],[1,3,4],[2,3,5],[2,4,6],
 [2,5,6],[3,4,7],[3,5,8],[3,6,8],[3,6,9],[3,7,9],[4,5,8],[4,5,10],
 [4,6,9],[4,7,8],[4,9,10],[5,6,10],[6,7,8],[6,7,10],[7,9,10]]

manifold_lex_d2_n10_o1_g1_#222=[[1,2,3],[1,2,4],[1,3,4],[2,3,5],[2,4,6],
 [2,5,6],[3,4,7],[3,5,8],[3,6,8],[3,6,9],[3,7,9],[4,5,8],[4,5,10],
 [4,6,9],[4,7,8],[4,9,10],[5,6,10],[6,8,10],[7,8,9],[8,9,10]]

manifold_lex_d2_n10_o1_g1_#223=[[1,2,3],[1,2,4],[1,3,4],[2,3,5],[2,4,6],
 [2,5,6],[3,4,7],[3,5,8],[3,6,8],[3,6,9],[3,7,9],[4,5,8],[4,5,10],
 [4,6,9],[4,7,8],[4,9,10],[5,6,10],[6,8,10],[7,8,10],[7,9,10]]

manifold_lex_d2_n10_o1_g1_#224=[[1,2,3],[1,2,4],[1,3,4],[2,3,5],[2,4,6],
 [2,5,6],[3,4,7],[3,5,8],[3,6,8],[3,6,9],[3,7,9],[4,5,8],[4,5,10],
 [4,6,10],[4,7,8],[5,6,7],[5,7,9],[5,9,10],[6,7,8],[6,9,10]]

manifold_lex_d2_n10_o1_g1_#225=[[1,2,3],[1,2,4],[1,3,4],[2,3,5],[2,4,6],
 [2,5,6],[3,4,7],[3,5,8],[3,6,8],[3,6,9],[3,7,9],[4,5,8],[4,5,10],
 [4,6,10],[4,7,8],[5,6,7],[5,7,10],[6,7,8],[6,9,10],[7,9,10]]

manifold_lex_d2_n10_o1_g1_#226=[[1,2,3],[1,2,4],[1,3,4],[2,3,5],[2,4,6],
 [2,5,6],[3,4,7],[3,5,8],[3,6,8],[3,6,9],[3,7,9],[4,5,9],[4,5,10],
 [4,6,9],[4,7,8],[4,8,10],[5,6,7],[5,7,9],[5,8,10],[6,7,8]]

manifold_lex_d2_n10_o1_g1_#227=[[1,2,3],[1,2,4],[1,3,4],[2,3,5],[2,4,6],
 [2,5,6],[3,4,7],[3,5,8],[3,6,8],[3,6,9],[3,7,9],[4,6,9],[4,7,8],
 [4,8,9],[5,6,7],[5,7,9],[5,8,9],[6,7,10],[6,8,10],[7,8,10]]

manifold_lex_d2_n10_o1_g1_#228=[[1,2,3],[1,2,4],[1,3,4],[2,3,5],[2,4,6],
 [2,5,6],[3,4,7],[3,5,8],[3,6,8],[3,6,9],[3,7,9],[4,6,9],[4,7,8],
 [4,8,9],[5,6,7],[5,7,9],[5,8,10],[5,9,10],[6,7,8],[8,9,10]]

manifold_lex_d2_n10_o1_g1_#229=[[1,2,3],[1,2,4],[1,3,4],[2,3,5],[2,4,6],
 [2,5,6],[3,4,7],[3,5,8],[3,6,8],[3,6,9],[3,7,9],[4,6,9],[4,7,8],
 [4,8,9],[5,6,7],[5,7,10],[5,8,9],[5,9,10],[6,7,8],[7,9,10]]

manifold_lex_d2_n10_o1_g1_#230=[[1,2,3],[1,2,4],[1,3,4],[2,3,5],[2,4,6],
 [2,5,6],[3,4,7],[3,5,8],[3,6,8],[3,6,9],[3,7,9],[4,6,9],[4,7,8],
 [4,8,9],[5,6,7],[5,7,10],[5,8,10],[6,7,8],[7,9,10],[8,9,10]]

manifold_lex_d2_n10_o1_g1_#231=[[1,2,3],[1,2,4],[1,3,4],[2,3,5],[2,4,6],
 [2,5,6],[3,4,7],[3,5,8],[3,6,8],[3,6,9],[3,7,9],[4,6,9],[4,7,8],
 [4,8,9],[5,6,10],[5,7,9],[5,7,10],[5,8,9],[6,7,8],[6,7,10]]

manifold_lex_d2_n10_o1_g1_#232=[[1,2,3],[1,2,4],[1,3,4],[2,3,5],[2,4,6],
 [2,5,6],[3,4,7],[3,5,8],[3,6,8],[3,6,9],[3,7,9],[4,6,9],[4,7,8],
 [4,8,9],[5,6,10],[5,7,9],[5,7,10],[5,8,9],[6,8,10],[7,8,10]]

manifold_lex_d2_n10_o1_g1_#233=[[1,2,3],[1,2,4],[1,3,4],[2,3,5],[2,4,6],
 [2,5,6],[3,4,7],[3,5,8],[3,6,8],[3,6,9],[3,7,9],[4,6,9],[4,7,8],
 [4,8,9],[5,6,10],[5,8,9],[5,9,10],[6,7,8],[6,7,10],[7,9,10]]

manifold_lex_d2_n10_o1_g1_#234=[[1,2,3],[1,2,4],[1,3,4],[2,3,5],[2,4,6],
 [2,5,6],[3,4,7],[3,5,8],[3,6,8],[3,6,9],[3,7,9],[4,6,9],[4,7,8],
 [4,8,9],[5,6,10],[5,8,9],[5,9,10],[6,8,10],[7,8,10],[7,9,10]]

manifold_lex_d2_n10_o1_g1_#235=[[1,2,3],[1,2,4],[1,3,4],[2,3,5],[2,4,6],
 [2,5,6],[3,4,7],[3,5,8],[3,6,8],[3,6,9],[3,7,9],[4,6,9],[4,7,8],
 [4,8,9],[5,6,10],[5,8,10],[6,7,8],[6,7,10],[7,9,10],[8,9,10]]

manifold_lex_d2_n10_o1_g1_#236=[[1,2,3],[1,2,4],[1,3,4],[2,3,5],[2,4,6],
 [2,5,6],[3,4,7],[3,5,8],[3,6,8],[3,6,9],[3,7,9],[4,6,9],[4,7,8],
 [4,8,10],[4,9,10],[5,6,7],[5,7,9],[5,8,9],[6,7,8],[8,9,10]]

manifold_lex_d2_n10_o1_g1_#237=[[1,2,3],[1,2,4],[1,3,4],[2,3,5],[2,4,6],
 [2,5,6],[3,4,7],[3,5,8],[3,6,8],[3,6,9],[3,7,9],[4,6,9],[4,7,8],
 [4,8,10],[4,9,10],[5,6,7],[5,7,9],[5,8,10],[5,9,10],[6,7,8]]

manifold_lex_d2_n10_o1_g1_#238=[[1,2,3],[1,2,4],[1,3,4],[2,3,5],[2,4,6],
 [2,5,6],[3,4,7],[3,5,8],[3,6,8],[3,6,9],[3,7,9],[4,6,9],[4,7,8],
 [4,8,10],[4,9,10],[5,6,7],[5,7,10],[5,8,10],[6,7,8],[7,9,10]]

manifold_lex_d2_n10_o1_g1_#239=[[1,2,3],[1,2,4],[1,3,4],[2,3,5],[2,4,6],
 [2,5,6],[3,4,7],[3,5,8],[3,6,8],[3,6,9],[3,7,9],[4,6,9],[4,7,8],
 [4,8,10],[4,9,10],[5,6,10],[5,8,10],[6,7,8],[6,7,10],[7,9,10]]

manifold_lex_d2_n10_o1_g1_#240=[[1,2,3],[1,2,4],[1,3,4],[2,3,5],[2,4,6],
 [2,5,6],[3,4,7],[3,5,8],[3,6,8],[3,6,9],[3,7,9],[4,6,9],[4,7,10],
 [4,8,9],[4,8,10],[5,6,7],[5,7,8],[6,7,10],[6,8,10],[7,8,9]]

manifold_lex_d2_n10_o1_g1_#241=[[1,2,3],[1,2,4],[1,3,4],[2,3,5],[2,4,6],
 [2,5,6],[3,4,7],[3,5,8],[3,6,8],[3,6,9],[3,7,9],[4,6,9],[4,7,10],
 [4,8,9],[4,8,10],[5,6,7],[5,7,9],[5,8,9],[6,7,8],[7,8,10]]

manifold_lex_d2_n10_o1_g1_#242=[[1,2,3],[1,2,4],[1,3,4],[2,3,5],[2,4,6],
 [2,5,6],[3,4,7],[3,5,8],[3,6,8],[3,6,9],[3,7,9],[4,6,9],[4,7,10],
 [4,8,9],[4,8,10],[5,6,7],[5,7,9],[5,8,9],[6,7,10],[6,8,10]]

manifold_lex_d2_n10_o1_g1_#243=[[1,2,3],[1,2,4],[1,3,4],[2,3,5],[2,4,6],
 [2,5,6],[3,4,7],[3,5,8],[3,6,8],[3,6,9],[3,7,9],[4,6,9],[4,7,10],
 [4,8,9],[4,8,10],[5,6,10],[5,7,8],[5,7,10],[6,8,10],[7,8,9]]

manifold_lex_d2_n10_o1_g1_#244=[[1,2,3],[1,2,4],[1,3,4],[2,3,5],[2,4,6],
 [2,5,6],[3,4,7],[3,5,8],[3,6,8],[3,6,9],[3,7,9],[4,6,9],[4,7,10],
 [4,8,9],[4,8,10],[5,6,10],[5,7,9],[5,7,10],[5,8,9],[6,8,10]]

manifold_lex_d2_n10_o1_g1_#245=[[1,2,3],[1,2,4],[1,3,4],[2,3,5],[2,4,6],
 [2,5,6],[3,4,7],[3,5,8],[3,6,8],[3,6,9],[3,7,9],[4,6,9],[4,7,10],
 [4,8,9],[4,8,10],[5,6,10],[5,8,9],[5,9,10],[6,8,10],[7,9,10]]

manifold_lex_d2_n10_o1_g1_#246=[[1,2,3],[1,2,4],[1,3,4],[2,3,5],[2,4,6],
 [2,5,6],[3,4,7],[3,5,8],[3,6,8],[3,6,9],[3,7,9],[4,6,9],[4,7,10],
 [4,9,10],[5,6,7],[5,7,8],[6,7,10],[6,8,10],[7,8,9],[8,9,10]]

manifold_lex_d2_n10_o1_g1_#247=[[1,2,3],[1,2,4],[1,3,4],[2,3,5],[2,4,6],
 [2,5,6],[3,4,7],[3,5,8],[3,6,8],[3,6,9],[3,7,9],[4,6,9],[4,7,10],
 [4,9,10],[5,6,7],[5,7,9],[5,8,9],[6,7,8],[7,8,10],[8,9,10]]

manifold_lex_d2_n10_o1_g1_#248=[[1,2,3],[1,2,4],[1,3,4],[2,3,5],[2,4,6],
 [2,5,6],[3,4,7],[3,5,8],[3,6,8],[3,6,9],[3,7,9],[4,6,9],[4,7,10],
 [4,9,10],[5,6,7],[5,7,9],[5,8,9],[6,7,10],[6,8,10],[8,9,10]]

manifold_lex_d2_n10_o1_g1_#249=[[1,2,3],[1,2,4],[1,3,4],[2,3,5],[2,4,6],
 [2,5,6],[3,4,7],[3,5,8],[3,6,8],[3,6,9],[3,7,9],[4,6,9],[4,7,10],
 [4,9,10],[5,6,7],[5,7,9],[5,8,10],[5,9,10],[6,7,8],[7,8,10]]

manifold_lex_d2_n10_o1_g1_#250=[[1,2,3],[1,2,4],[1,3,4],[2,3,5],[2,4,6],
 [2,5,6],[3,4,7],[3,5,8],[3,6,8],[3,6,9],[3,7,9],[4,6,9],[4,7,10],
 [4,9,10],[5,6,7],[5,7,9],[5,8,10],[5,9,10],[6,7,10],[6,8,10]]

manifold_lex_d2_n10_o1_g1_#251=[[1,2,3],[1,2,4],[1,3,4],[2,3,5],[2,4,6],
 [2,5,6],[3,4,7],[3,5,8],[3,6,8],[3,6,9],[3,7,9],[4,6,9],[4,7,10],
 [4,9,10],[5,6,10],[5,7,8],[5,7,10],[6,8,10],[7,8,9],[8,9,10]]

manifold_lex_d2_n10_o1_g1_#252=[[1,2,3],[1,2,4],[1,3,4],[2,3,5],[2,4,6],
 [2,5,6],[3,4,7],[3,5,8],[3,6,8],[3,6,9],[3,7,9],[4,6,9],[4,7,10],
 [4,9,10],[5,6,10],[5,7,9],[5,7,10],[5,8,9],[6,8,10],[8,9,10]]

manifold_lex_d2_n10_o1_g1_#253=[[1,2,3],[1,2,4],[1,3,4],[2,3,5],[2,4,6],
 [2,5,6],[3,4,7],[3,5,8],[3,6,8],[3,6,9],[3,7,9],[4,6,10],[4,7,8],
 [4,8,9],[4,9,10],[5,6,7],[5,7,9],[5,8,9],[6,7,8],[6,9,10]]

manifold_lex_d2_n10_o1_g1_#254=[[1,2,3],[1,2,4],[1,3,4],[2,3,5],[2,4,6],
 [2,5,6],[3,4,7],[3,5,8],[3,6,8],[3,6,9],[3,7,9],[4,6,10],[4,7,8],
 [4,8,10],[5,6,7],[5,7,9],[5,8,9],[6,7,8],[6,9,10],[8,9,10]]

manifold_lex_d2_n10_o1_g1_#255=[[1,2,3],[1,2,4],[1,3,4],[2,3,5],[2,4,6],
 [2,5,6],[3,4,7],[3,5,8],[3,6,8],[3,6,9],[3,7,9],[4,6,10],[4,7,8],
 [4,8,10],[5,6,7],[5,7,9],[5,8,10],[5,9,10],[6,7,8],[6,9,10]]

manifold_lex_d2_n10_o1_g1_#256=[[1,2,3],[1,2,4],[1,3,4],[2,3,5],[2,4,6],
 [2,5,6],[3,4,7],[3,5,8],[3,6,8],[3,6,9],[3,7,9],[4,6,10],[4,7,8],
 [4,8,10],[5,6,7],[5,7,10],[5,8,10],[6,7,8],[6,9,10],[7,9,10]]

manifold_lex_d2_n10_o1_g1_#257=[[1,2,3],[1,2,4],[1,3,4],[2,3,5],[2,4,6],
 [2,5,6],[3,4,7],[3,5,8],[3,6,8],[3,6,9],[3,7,9],[4,6,10],[4,7,10],
 [5,6,7],[5,7,9],[5,8,9],[6,7,8],[6,9,10],[7,8,10],[8,9,10]]

manifold_lex_d2_n10_o1_g1_#258=[[1,2,3],[1,2,4],[1,3,4],[2,3,5],[2,4,6],
 [2,5,6],[3,4,7],[3,5,8],[3,6,8],[3,6,9],[3,7,9],[4,6,10],[4,7,10],
 [5,6,7],[5,7,9],[5,8,10],[5,9,10],[6,7,8],[6,9,10],[7,8,10]]

manifold_lex_d2_n10_o1_g1_#259=[[1,2,3],[1,2,4],[1,3,4],[2,3,5],[2,4,6],
 [2,5,6],[3,4,7],[3,5,8],[3,6,8],[3,6,9],[3,7,10],[3,9,10],[4,5,8],
 [4,5,9],[4,6,9],[4,7,10],[4,8,10],[5,6,10],[5,9,10],[6,8,10]]

manifold_lex_d2_n10_o1_g1_#260=[[1,2,3],[1,2,4],[1,3,4],[2,3,5],[2,4,6],
 [2,5,6],[3,4,7],[3,5,8],[3,6,8],[3,6,9],[3,7,10],[3,9,10],[4,5,8],
 [4,5,10],[4,6,9],[4,7,8],[4,9,10],[5,6,7],[5,7,10],[6,7,8]]

manifold_lex_d2_n10_o1_g1_#261=[[1,2,3],[1,2,4],[1,3,4],[2,3,5],[2,4,6],
 [2,5,6],[3,4,7],[3,5,8],[3,6,8],[3,6,9],[3,7,10],[3,9,10],[4,5,8],
 [4,5,10],[4,6,9],[4,7,8],[4,9,10],[5,6,10],[6,7,8],[6,7,10]]

manifold_lex_d2_n10_o1_g1_#262=[[1,2,3],[1,2,4],[1,3,4],[2,3,5],[2,4,6],
 [2,5,6],[3,4,7],[3,5,8],[3,6,8],[3,6,9],[3,7,10],[3,9,10],[4,5,8],
 [4,5,10],[4,6,9],[4,7,8],[4,9,10],[5,6,10],[6,8,10],[7,8,10]]

manifold_lex_d2_n10_o1_g1_#263=[[1,2,3],[1,2,4],[1,3,4],[2,3,5],[2,4,6],
 [2,5,6],[3,4,7],[3,5,8],[3,6,8],[3,6,9],[3,7,10],[3,9,10],[4,6,9],
 [4,7,8],[4,8,9],[5,6,7],[5,7,9],[5,8,9],[6,7,8],[7,9,10]]

manifold_lex_d2_n10_o1_g1_#264=[[1,2,3],[1,2,4],[1,3,4],[2,3,5],[2,4,6],
 [2,5,6],[3,4,7],[3,5,8],[3,6,8],[3,6,9],[3,7,10],[3,9,10],[4,6,9],
 [4,7,8],[4,8,9],[5,6,7],[5,7,10],[5,8,9],[5,9,10],[6,7,8]]

manifold_lex_d2_n10_o1_g1_#265=[[1,2,3],[1,2,4],[1,3,4],[2,3,5],[2,4,6],
 [2,5,6],[3,4,7],[3,5,8],[3,6,8],[3,6,9],[3,7,10],[3,9,10],[4,6,9],
 [4,7,8],[4,8,9],[5,6,7],[5,7,10],[5,8,10],[6,7,8],[8,9,10]]

manifold_lex_d2_n10_o1_g1_#266=[[1,2,3],[1,2,4],[1,3,4],[2,3,5],[2,4,6],
 [2,5,6],[3,4,7],[3,5,8],[3,6,8],[3,6,9],[3,7,10],[3,9,10],[4,6,9],
 [4,7,8],[4,8,9],[5,6,10],[5,8,9],[5,9,10],[6,7,8],[6,7,10]]

manifold_lex_d2_n10_o1_g1_#267=[[1,2,3],[1,2,4],[1,3,4],[2,3,5],[2,4,6],
 [2,5,6],[3,4,7],[3,5,8],[3,6,8],[3,6,9],[3,7,10],[3,9,10],[4,6,9],
 [4,7,8],[4,8,9],[5,6,10],[5,8,9],[5,9,10],[6,8,10],[7,8,10]]

manifold_lex_d2_n10_o1_g1_#268=[[1,2,3],[1,2,4],[1,3,4],[2,3,5],[2,4,6],
 [2,5,6],[3,4,7],[3,5,8],[3,6,8],[3,6,9],[3,7,10],[3,9,10],[4,6,9],
 [4,7,8],[4,8,9],[5,6,10],[5,8,10],[6,7,8],[6,7,10],[8,9,10]]

manifold_lex_d2_n10_o1_g1_#269=[[1,2,3],[1,2,4],[1,3,4],[2,3,5],[2,4,6],
 [2,5,6],[3,4,7],[3,5,8],[3,6,8],[3,6,9],[3,7,10],[3,9,10],[4,6,9],
 [4,7,8],[4,8,10],[4,9,10],[5,6,7],[5,7,10],[5,8,10],[6,7,8]]

manifold_lex_d2_n10_o1_g1_#270=[[1,2,3],[1,2,4],[1,3,4],[2,3,5],[2,4,6],
 [2,5,6],[3,4,7],[3,5,8],[3,6,8],[3,6,9],[3,7,10],[3,9,10],[4,6,9],
 [4,7,8],[4,8,10],[4,9,10],[5,6,10],[5,8,10],[6,7,8],[6,7,10]]

manifold_lex_d2_n10_o1_g1_#271=[[1,2,3],[1,2,4],[1,3,4],[2,3,5],[2,4,6],
 [2,5,6],[3,4,7],[3,5,8],[3,6,8],[3,6,9],[3,7,10],[3,9,10],[4,6,9],
 [4,7,9],[5,6,7],[5,7,10],[5,8,9],[5,9,10],[6,7,8],[7,8,9]]

manifold_lex_d2_n10_o1_g1_#272=[[1,2,3],[1,2,4],[1,3,4],[2,3,5],[2,4,6],
 [2,5,6],[3,4,7],[3,5,8],[3,6,8],[3,6,9],[3,7,10],[3,9,10],[4,6,9],
 [4,7,9],[5,6,7],[5,7,10],[5,8,10],[6,7,8],[7,8,9],[8,9,10]]

manifold_lex_d2_n10_o1_g1_#273=[[1,2,3],[1,2,4],[1,3,4],[2,3,5],[2,4,6],
 [2,5,6],[3,4,7],[3,5,8],[3,6,8],[3,6,9],[3,7,10],[3,9,10],[4,6,9],
 [4,7,9],[5,6,10],[5,7,8],[5,7,9],[5,9,10],[6,7,8],[6,7,10]]

manifold_lex_d2_n10_o1_g1_#274=[[1,2,3],[1,2,4],[1,3,4],[2,3,5],[2,4,6],
 [2,5,6],[3,4,7],[3,5,8],[3,6,8],[3,6,9],[3,7,10],[3,9,10],[4,6,9],
 [4,7,9],[5,6,10],[5,7,8],[5,7,9],[5,9,10],[6,8,10],[7,8,10]]

manifold_lex_d2_n10_o1_g1_#275=[[1,2,3],[1,2,4],[1,3,4],[2,3,5],[2,4,6],
 [2,5,6],[3,4,7],[3,5,8],[3,6,8],[3,6,9],[3,7,10],[3,9,10],[4,6,9],
 [4,7,9],[5,6,10],[5,8,9],[5,9,10],[6,7,8],[6,7,10],[7,8,9]]

manifold_lex_d2_n10_o1_g1_#276=[[1,2,3],[1,2,4],[1,3,4],[2,3,5],[2,4,6],
 [2,5,6],[3,4,7],[3,5,8],[3,6,8],[3,6,9],[3,7,10],[3,9,10],[4,6,9],
 [4,7,9],[5,6,10],[5,8,9],[5,9,10],[6,8,10],[7,8,9],[7,8,10]]

manifold_lex_d2_n10_o1_g1_#277=[[1,2,3],[1,2,4],[1,3,4],[2,3,5],[2,4,6],
 [2,5,6],[3,4,7],[3,5,8],[3,6,8],[3,6,9],[3,7,10],[3,9,10],[4,6,9],
 [4,7,9],[5,6,10],[5,8,10],[6,7,8],[6,7,10],[7,8,9],[8,9,10]]

manifold_lex_d2_n10_o1_g1_#278=[[1,2,3],[1,2,4],[1,3,4],[2,3,5],[2,4,6],
 [2,5,6],[3,4,7],[3,5,8],[3,6,8],[3,6,9],[3,7,10],[3,9,10],[4,6,9],
 [4,7,10],[4,8,9],[4,8,10],[5,6,10],[5,8,9],[5,9,10],[6,8,10]]

manifold_lex_d2_n10_o1_g1_#279=[[1,2,3],[1,2,4],[1,3,4],[2,3,5],[2,4,6],
 [2,5,6],[3,4,7],[3,5,8],[3,6,8],[3,6,9],[3,7,10],[3,9,10],[4,6,10],
 [4,7,8],[4,8,10],[5,6,7],[5,7,10],[5,8,10],[6,7,8],[6,9,10]]

manifold_lex_d2_n10_o1_g1_#280=[[1,2,3],[1,2,4],[1,3,4],[2,3,5],[2,4,6],
 [2,5,6],[3,4,7],[3,5,8],[3,6,9],[3,6,10],[3,7,9],[3,8,10],[4,5,8],
 [4,5,10],[4,6,9],[4,7,8],[4,9,10],[5,6,10],[7,8,9],[8,9,10]]

manifold_lex_d2_n10_o1_g1_#281=[[1,2,3],[1,2,4],[1,3,4],[2,3,5],[2,4,6],
 [2,5,6],[3,4,7],[3,5,8],[3,6,9],[3,6,10],[3,7,9],[3,8,10],[4,5,8],
 [4,5,10],[4,6,9],[4,7,8],[4,9,10],[5,6,10],[7,8,10],[7,9,10]]

manifold_lex_d2_n10_o1_g1_#282=[[1,2,3],[1,2,4],[1,3,4],[2,3,5],[2,4,6],
 [2,5,6],[3,4,7],[3,5,8],[3,6,9],[3,6,10],[3,7,9],[3,8,10],[4,5,9],
 [4,5,10],[4,6,8],[4,7,9],[4,8,10],[5,6,10],[5,8,9],[6,8,9]]

manifold_lex_d2_n10_o1_g1_#283=[[1,2,3],[1,2,4],[1,3,4],[2,3,5],[2,4,6],
 [2,5,6],[3,4,7],[3,5,8],[3,6,9],[3,6,10],[3,7,9],[3,8,10],[4,6,8],
 [4,7,8],[5,6,7],[5,7,9],[5,8,9],[6,7,10],[6,8,9],[7,8,10]]

manifold_lex_d2_n10_o1_g1_#284=[[1,2,3],[1,2,4],[1,3,4],[2,3,5],[2,4,6],
 [2,5,6],[3,4,7],[3,5,8],[3,6,9],[3,6,10],[3,7,9],[3,8,10],[4,6,8],
 [4,7,8],[5,6,10],[5,7,9],[5,7,10],[5,8,9],[6,8,9],[7,8,10]]

manifold_lex_d2_n10_o1_g1_#285=[[1,2,3],[1,2,4],[1,3,4],[2,3,5],[2,4,6],
 [2,5,6],[3,4,7],[3,5,8],[3,6,9],[3,6,10],[3,7,9],[3,8,10],[4,6,8],
 [4,7,8],[5,6,10],[5,8,9],[5,9,10],[6,8,9],[7,8,10],[7,9,10]]

manifold_lex_d2_n10_o1_g1_#286=[[1,2,3],[1,2,4],[1,3,4],[2,3,5],[2,4,6],
 [2,5,6],[3,4,7],[3,5,8],[3,6,9],[3,6,10],[3,7,9],[3,8,10],[4,6,8],
 [4,7,9],[4,8,10],[4,9,10],[5,6,10],[5,8,9],[5,9,10],[6,8,9]]

manifold_lex_d2_n10_o1_g1_#287=[[1,2,3],[1,2,4],[1,3,4],[2,3,5],[2,4,6],
 [2,5,6],[3,4,7],[3,5,8],[3,6,9],[3,6,10],[3,7,9],[3,8,10],[4,6,8],
 [4,7,10],[4,8,10],[5,6,7],[5,7,8],[6,7,10],[6,8,9],[7,8,9]]

manifold_lex_d2_n10_o1_g1_#288=[[1,2,3],[1,2,4],[1,3,4],[2,3,5],[2,4,6],
 [2,5,6],[3,4,7],[3,5,8],[3,6,9],[3,6,10],[3,7,9],[3,8,10],[4,6,8],
 [4,7,10],[4,8,10],[5,6,7],[5,7,9],[5,8,9],[6,7,10],[6,8,9]]

manifold_lex_d2_n10_o1_g1_#289=[[1,2,3],[1,2,4],[1,3,4],[2,3,5],[2,4,6],
 [2,5,6],[3,4,7],[3,5,8],[3,6,9],[3,6,10],[3,7,9],[3,8,10],[4,6,8],
 [4,7,10],[4,8,10],[5,6,10],[5,7,8],[5,7,10],[6,7,8],[6,7,9]]

manifold_lex_d2_n10_o1_g1_#290=[[1,2,3],[1,2,4],[1,3,4],[2,3,5],[2,4,6],
 [2,5,6],[3,4,7],[3,5,8],[3,6,9],[3,6,10],[3,7,9],[3,8,10],[4,6,8],
 [4,7,10],[4,8,10],[5,6,10],[5,7,8],[5,7,10],[6,8,9],[7,8,9]]

manifold_lex_d2_n10_o1_g1_#291=[[1,2,3],[1,2,4],[1,3,4],[2,3,5],[2,4,6],
 [2,5,6],[3,4,7],[3,5,8],[3,6,9],[3,6,10],[3,7,9],[3,8,10],[4,6,8],
 [4,7,10],[4,8,10],[5,6,10],[5,7,9],[5,7,10],[5,8,9],[6,8,9]]

manifold_lex_d2_n10_o1_g1_#292=[[1,2,3],[1,2,4],[1,3,4],[2,3,5],[2,4,6],
 [2,5,6],[3,4,7],[3,5,8],[3,6,9],[3,6,10],[3,7,9],[3,8,10],[4,6,8],
 [4,7,10],[4,8,10],[5,6,10],[5,8,9],[5,9,10],[6,8,9],[7,9,10]]

manifold_lex_d2_n10_o1_g1_#293=[[1,2,3],[1,2,4],[1,3,4],[2,3,5],[2,4,6],
 [2,5,6],[3,4,7],[3,5,8],[3,6,9],[3,6,10],[3,7,9],[3,8,10],[4,6,9],
 [4,7,8],[4,8,9],[5,6,7],[5,7,9],[5,8,9],[6,7,8],[6,8,10]]

manifold_lex_d2_n10_o1_g1_#294=[[1,2,3],[1,2,4],[1,3,4],[2,3,5],[2,4,6],
 [2,5,6],[3,4,7],[3,5,8],[3,6,9],[3,6,10],[3,7,9],[3,8,10],[4,6,9],
 [4,7,8],[4,8,9],[5,6,7],[5,7,9],[5,8,9],[6,7,10],[7,8,10]]

manifold_lex_d2_n10_o1_g1_#295=[[1,2,3],[1,2,4],[1,3,4],[2,3,5],[2,4,6],
 [2,5,6],[3,4,7],[3,5,8],[3,6,9],[3,6,10],[3,7,9],[3,8,10],[4,6,9],
 [4,7,8],[4,8,9],[5,6,10],[5,7,9],[5,7,10],[5,8,9],[7,8,10]]

manifold_lex_d2_n10_o1_g1_#296=[[1,2,3],[1,2,4],[1,3,4],[2,3,5],[2,4,6],
 [2,5,6],[3,4,7],[3,5,8],[3,6,9],[3,6,10],[3,7,9],[3,8,10],[4,6,9],
 [4,7,8],[4,8,9],[5,6,10],[5,8,9],[5,9,10],[7,8,10],[7,9,10]]

manifold_lex_d2_n10_o1_g1_#297=[[1,2,3],[1,2,4],[1,3,4],[2,3,5],[2,4,6],
 [2,5,6],[3,4,7],[3,5,8],[3,6,9],[3,6,10],[3,7,9],[3,8,10],[4,6,9],
 [4,7,10],[4,8,9],[4,8,10],[5,6,7],[5,7,8],[6,7,10],[7,8,9]]

manifold_lex_d2_n10_o1_g1_#298=[[1,2,3],[1,2,4],[1,3,4],[2,3,5],[2,4,6],
 [2,5,6],[3,4,7],[3,5,8],[3,6,9],[3,6,10],[3,7,9],[3,8,10],[4,6,9],
 [4,7,10],[4,8,9],[4,8,10],[5,6,7],[5,7,9],[5,8,9],[6,7,10]]

manifold_lex_d2_n10_o1_g1_#299=[[1,2,3],[1,2,4],[1,3,4],[2,3,5],[2,4,6],
 [2,5,6],[3,4,7],[3,5,8],[3,6,9],[3,6,10],[3,7,9],[3,8,10],[4,6,9],
 [4,7,10],[4,8,9],[4,8,10],[5,6,8],[6,7,8],[6,7,10],[7,8,9]]

manifold_lex_d2_n10_o1_g1_#300=[[1,2,3],[1,2,4],[1,3,4],[2,3,5],[2,4,6],
 [2,5,6],[3,4,7],[3,5,8],[3,6,9],[3,6,10],[3,7,9],[3,8,10],[4,6,9],
 [4,7,10],[4,8,9],[4,8,10],[5,6,10],[5,7,8],[5,7,10],[7,8,9]]

manifold_lex_d2_n10_o1_g1_#301=[[1,2,3],[1,2,4],[1,3,4],[2,3,5],[2,4,6],
 [2,5,6],[3,4,7],[3,5,8],[3,6,9],[3,6,10],[3,7,9],[3,8,10],[4,6,9],
 [4,7,10],[4,8,9],[4,8,10],[5,6,10],[5,7,9],[5,7,10],[5,8,9]]

manifold_lex_d2_n10_o1_g1_#302=[[1,2,3],[1,2,4],[1,3,4],[2,3,5],[2,4,6],
 [2,5,6],[3,4,7],[3,5,8],[3,6,9],[3,6,10],[3,7,9],[3,8,10],[4,6,9],
 [4,7,10],[4,8,9],[4,8,10],[5,6,10],[5,8,9],[5,9,10],[7,9,10]]

manifold_lex_d2_n10_o1_g1_#303=[[1,2,3],[1,2,4],[1,3,4],[2,3,5],[2,4,6],
 [2,5,6],[3,4,7],[3,5,8],[3,6,9],[3,6,10],[3,7,9],[3,8,10],[4,6,9],
 [4,7,10],[4,9,10],[5,6,7],[5,7,8],[6,7,10],[7,8,9],[8,9,10]]

manifold_lex_d2_n10_o1_g1_#304=[[1,2,3],[1,2,4],[1,3,4],[2,3,5],[2,4,6],
 [2,5,6],[3,4,7],[3,5,8],[3,6,9],[3,6,10],[3,7,9],[3,8,10],[4,6,9],
 [4,7,10],[4,9,10],[5,6,7],[5,7,9],[5,8,9],[6,7,10],[8,9,10]]

manifold_lex_d2_n10_o1_g1_#305=[[1,2,3],[1,2,4],[1,3,4],[2,3,5],[2,4,6],
 [2,5,6],[3,4,7],[3,5,8],[3,6,9],[3,6,10],[3,7,9],[3,8,10],[4,6,9],
 [4,7,10],[4,9,10],[5,6,7],[5,7,9],[5,8,10],[5,9,10],[6,7,10]]

manifold_lex_d2_n10_o1_g1_#306=[[1,2,3],[1,2,4],[1,3,4],[2,3,5],[2,4,6],
 [2,5,6],[3,4,7],[3,5,8],[3,6,9],[3,6,10],[3,7,9],[3,8,10],[4,6,9],
 [4,7,10],[4,9,10],[5,6,8],[6,7,8],[6,7,10],[7,8,9],[8,9,10]]

manifold_lex_d2_n10_o1_g1_#307=[[1,2,3],[1,2,4],[1,3,4],[2,3,5],[2,4,6],
 [2,5,6],[3,4,7],[3,5,8],[3,6,9],[3,6,10],[3,7,9],[3,8,10],[4,6,9],
 [4,7,10],[4,9,10],[5,6,10],[5,7,8],[5,7,10],[7,8,9],[8,9,10]]

manifold_lex_d2_n10_o1_g1_#308=[[1,2,3],[1,2,4],[1,3,4],[2,3,5],[2,4,6],
 [2,5,6],[3,4,7],[3,5,8],[3,6,9],[3,6,10],[3,7,9],[3,8,10],[4,6,9],
 [4,7,10],[4,9,10],[5,6,10],[5,7,9],[5,7,10],[5,8,9],[8,9,10]]

manifold_lex_d2_n10_o1_g1_#309=[[1,2,3],[1,2,4],[1,3,4],[2,3,5],[2,4,6],
 [2,5,6],[3,4,7],[3,5,8],[3,7,8],[4,6,8],[4,7,9],[4,8,10],[4,9,10],
 [5,6,7],[5,7,10],[5,8,9],[5,9,10],[6,7,9],[6,8,9],[7,8,10]]

manifold_lex_d2_n10_o1_g1_#310=[[1,2,3],[1,2,4],[1,3,4],[2,3,5],[2,4,6],
 [2,5,6],[3,4,7],[3,5,8],[3,7,8],[4,6,8],[4,7,9],[4,8,10],[4,9,10],
 [5,6,10],[5,8,9],[5,9,10],[6,7,9],[6,7,10],[6,8,9],[7,8,10]]

manifold_lex_d2_n10_o1_g1_#311=[[1,2,3],[1,2,4],[1,3,4],[2,3,5],[2,4,6],
 [2,5,6],[3,4,7],[3,5,8],[3,7,8],[4,6,9],[4,7,10],[4,8,9],[4,8,10],
 [5,6,10],[5,7,9],[5,7,10],[5,8,9],[6,7,8],[6,7,9],[6,8,10]]

manifold_lex_d2_n10_o1_g1_#312=[[1,2,3],[1,2,4],[1,3,4],[2,3,5],[2,4,6],
 [2,5,6],[3,4,7],[3,5,8],[3,7,8],[4,6,9],[4,7,10],[4,8,9],[4,8,10],
 [5,6,10],[5,8,9],[5,9,10],[6,7,8],[6,7,9],[6,8,10],[7,9,10]]

manifold_lex_d2_n10_o1_g1_#313=[[1,2,3],[1,2,4],[1,3,4],[2,3,5],[2,4,6],
 [2,5,6],[3,4,7],[3,5,8],[3,7,8],[4,6,9],[4,7,10],[4,9,10],[5,6,7],
 [5,7,9],[5,8,10],[5,9,10],[6,7,10],[6,8,9],[6,8,10],[7,8,9]]

manifold_lex_d2_n10_o1_g1_#314=[[1,2,3],[1,2,4],[1,3,4],[2,3,5],[2,4,6],
 [2,5,6],[3,4,7],[3,5,8],[3,7,8],[4,6,9],[4,7,10],[4,9,10],[5,6,10],
 [5,7,9],[5,7,10],[5,8,9],[6,7,8],[6,7,9],[6,8,10],[8,9,10]]

manifold_lex_d2_n10_o1_g1_#315=[[1,2,3],[1,2,4],[1,3,4],[2,3,5],[2,4,6],
 [2,5,6],[3,4,7],[3,5,8],[3,7,9],[3,8,9],[4,6,8],[4,7,10],[4,8,9],
 [4,9,10],[5,6,7],[5,7,9],[5,8,10],[5,9,10],[6,7,8],[7,8,10]]

manifold_lex_d2_n10_o1_g1_#316=[[1,2,3],[1,2,4],[1,3,4],[2,3,5],[2,4,6],
 [2,5,6],[3,4,7],[3,5,8],[3,7,9],[3,8,9],[4,6,8],[4,7,10],[4,8,9],
 [4,9,10],[5,6,7],[5,7,9],[5,8,10],[5,9,10],[6,7,10],[6,8,10]]

manifold_lex_d2_n10_o1_g1_#317=[[1,2,3],[1,2,4],[1,3,4],[2,3,5],[2,4,6],
 [2,5,6],[3,4,7],[3,5,8],[3,7,9],[3,8,9],[4,6,8],[4,7,10],[4,8,9],
 [4,9,10],[5,6,9],[5,7,8],[5,7,10],[5,9,10],[6,7,8],[6,7,9]]

manifold_lex_d2_n10_o1_g1_#318=[[1,2,3],[1,2,4],[1,3,4],[2,3,5],[2,4,6],
 [2,5,6],[3,4,7],[3,5,8],[3,7,9],[3,8,9],[4,6,8],[4,7,10],[4,8,9],
 [4,9,10],[5,6,9],[5,8,10],[5,9,10],[6,7,8],[6,7,9],[7,8,10]]

manifold_lex_d2_n10_o1_g1_#319=[[1,2,3],[1,2,4],[1,3,4],[2,3,5],[2,4,6],
 [2,5,6],[3,4,7],[3,5,8],[3,7,9],[3,8,9],[4,6,8],[4,7,10],[4,8,9],
 [4,9,10],[5,6,9],[5,8,10],[5,9,10],[6,7,9],[6,7,10],[6,8,10]]

manifold_lex_d2_n10_o1_g1_#320=[[1,2,3],[1,2,4],[1,3,4],[2,3,5],[2,4,6],
 [2,5,6],[3,4,7],[3,5,8],[3,7,9],[3,8,9],[4,6,8],[4,7,10],[4,8,9],
 [4,9,10],[5,6,10],[5,7,8],[5,7,10],[6,7,8],[6,7,9],[6,9,10]]

manifold_lex_d2_n10_o1_g1_#321=[[1,2,3],[1,2,4],[1,3,4],[2,3,5],[2,4,6],
 [2,5,6],[3,4,7],[3,5,8],[3,7,9],[3,8,9],[4,6,8],[4,7,10],[4,8,9],
 [4,9,10],[5,6,10],[5,8,10],[6,7,8],[6,7,9],[6,9,10],[7,8,10]]

manifold_lex_d2_n10_o1_g1_#322=[[1,2,3],[1,2,4],[1,3,4],[2,3,5],[2,4,6],
 [2,5,6],[3,4,7],[3,5,8],[3,7,9],[3,8,9],[4,6,8],[4,7,10],[4,8,10],
 [5,6,9],[5,7,8],[5,7,10],[5,9,10],[6,7,8],[6,7,9],[8,9,10]]

manifold_lex_d2_n10_o1_g1_#323=[[1,2,3],[1,2,4],[1,3,4],[2,3,5],[2,4,6],
 [2,5,6],[3,4,7],[3,5,8],[3,7,9],[3,8,9],[4,6,9],[4,7,8],[4,8,10],
 [4,9,10],[5,6,7],[5,7,9],[5,8,10],[5,9,10],[6,7,8],[6,8,9]]

manifold_lex_d2_n10_o1_g1_#324=[[1,2,3],[1,2,4],[1,3,4],[2,3,5],[2,4,6],
 [2,5,6],[3,4,7],[3,5,8],[3,7,9],[3,8,9],[4,6,9],[4,7,8],[4,8,10],
 [4,9,10],[5,6,7],[5,7,10],[5,8,10],[6,7,8],[6,8,9],[7,9,10]]

manifold_lex_d2_n10_o1_g1_#325=[[1,2,3],[1,2,4],[1,3,4],[2,3,5],[2,4,6],
 [2,5,6],[3,4,7],[3,5,8],[3,7,9],[3,8,9],[4,6,9],[4,7,8],[4,8,10],
 [4,9,10],[5,6,10],[5,8,10],[6,7,8],[6,7,10],[6,8,9],[7,9,10]]

manifold_lex_d2_n10_o1_g1_#326=[[1,2,3],[1,2,4],[1,3,4],[2,3,5],[2,4,6],
 [2,5,6],[3,4,7],[3,5,8],[3,7,9],[3,8,9],[4,6,9],[4,7,10],[4,9,10],
 [5,6,7],[5,7,9],[5,8,10],[5,9,10],[6,7,8],[6,8,9],[7,8,10]]

manifold_lex_d2_n10_o1_g1_#327=[[1,2,3],[1,2,4],[1,3,4],[2,3,5],[2,4,6],
 [2,5,6],[3,4,7],[3,5,8],[3,7,9],[3,8,9],[4,6,9],[4,7,10],[4,9,10],
 [5,6,7],[5,7,9],[5,8,10],[5,9,10],[6,7,10],[6,8,9],[6,8,10]]

manifold_lex_d2_n10_o1_g1_#328=[[1,2,3],[1,2,4],[1,3,4],[2,3,5],[2,4,6],
 [2,5,6],[3,4,7],[3,5,8],[3,7,9],[3,8,10],[3,9,10],[4,6,9],[4,7,10],
 [4,8,9],[4,8,10],[5,6,7],[5,7,8],[6,7,10],[6,9,10],[7,8,9]]

manifold_lex_d2_n10_o1_g1_#329=[[1,2,3],[1,2,4],[1,3,4],[2,3,5],[2,4,6],
 [2,5,6],[3,4,7],[3,5,8],[3,7,9],[3,8,10],[3,9,10],[4,6,9],[4,7,10],
 [4,8,9],[4,8,10],[5,6,7],[5,7,9],[5,8,9],[6,7,10],[6,9,10]]

manifold_lex_d2_n10_o1_g1_#330=[[1,2,3],[1,2,4],[1,3,4],[2,3,5],[2,4,6],
 [2,5,6],[3,4,7],[3,5,8],[3,7,9],[3,8,10],[3,9,10],[4,6,9],[4,7,10],
 [4,8,9],[4,8,10],[5,6,8],[6,7,8],[6,7,10],[6,9,10],[7,8,9]]

manifold_lex_d2_n10_o1_g1_#331=[[1,2,3],[1,2,4],[1,3,4],[2,3,5],[2,4,6],
 [2,5,6],[3,4,7],[3,5,8],[3,7,9],[3,8,10],[3,9,10],[4,6,9],[4,7,10],
 [4,8,9],[4,8,10],[5,6,9],[5,7,8],[5,7,10],[5,9,10],[7,8,9]]

manifold_lex_d2_n10_o1_g1_#332=[[1,2,3],[1,2,4],[1,3,4],[2,3,5],[2,4,6],
 [2,5,6],[3,4,7],[3,5,8],[3,7,9],[3,8,10],[3,9,10],[4,6,9],[4,7,10],
 [4,8,9],[4,8,10],[5,6,10],[5,7,8],[5,7,10],[6,9,10],[7,8,9]]

manifold_lex_d2_n10_o1_g1_#333=[[1,2,3],[1,2,4],[1,3,4],[2,3,5],[2,4,6],
 [2,5,6],[3,4,7],[3,5,8],[3,7,9],[3,8,10],[3,9,10],[4,6,9],[4,7,10],
 [4,8,9],[4,8,10],[5,6,10],[5,7,9],[5,7,10],[5,8,9],[6,9,10]]

manifold_lex_d2_n10_o1_g1_#334=[[1,2,3],[1,2,4],[1,3,4],[2,3,5],[2,4,6],
 [2,5,7],[2,6,7],[3,4,7],[3,5,6],[3,6,8],[3,7,8],[4,5,8],[4,5,9],
 [4,6,8],[4,7,9],[5,6,9],[5,7,10],[5,8,10],[6,7,9],[7,8,10]]

manifold_lex_d2_n10_o1_g1_#335=[[1,2,3],[1,2,4],[1,3,4],[2,3,5],[2,4,6],
 [2,5,7],[2,6,7],[3,4,7],[3,5,6],[3,6,8],[3,7,8],[4,5,8],[4,5,9],
 [4,6,8],[4,7,9],[5,6,10],[5,7,8],[5,9,10],[6,7,10],[7,9,10]]

manifold_lex_d2_n10_o1_g1_#336=[[1,2,3],[1,2,4],[1,3,4],[2,3,5],[2,4,6],
 [2,5,7],[2,6,7],[3,4,7],[3,5,6],[3,6,8],[3,7,8],[4,5,8],[4,5,9],
 [4,6,8],[4,7,10],[4,9,10],[5,6,9],[5,7,8],[6,7,10],[6,9,10]]

manifold_lex_d2_n10_o1_g1_#337=[[1,2,3],[1,2,4],[1,3,4],[2,3,5],[2,4,6],
 [2,5,7],[2,6,7],[3,4,7],[3,5,6],[3,6,8],[3,7,8],[4,5,8],[4,5,9],
 [4,6,10],[4,7,9],[4,8,10],[5,6,9],[5,7,8],[6,7,9],[6,8,10]]

manifold_lex_d2_n10_o1_g1_#338=[[1,2,3],[1,2,4],[1,3,4],[2,3,5],[2,4,6],
 [2,5,7],[2,6,7],[3,4,7],[3,5,6],[3,6,8],[3,7,8],[4,5,9],[4,5,10],
 [4,6,8],[4,7,9],[4,8,10],[5,6,9],[5,7,8],[5,8,10],[6,7,9]]

manifold_lex_d2_n10_o1_g1_#339=[[1,2,3],[1,2,4],[1,3,4],[2,3,5],[2,4,6],
 [2,5,7],[2,6,7],[3,4,7],[3,5,6],[3,6,8],[3,7,8],[4,5,9],[4,5,10],
 [4,6,8],[4,7,9],[4,8,10],[5,6,9],[5,7,10],[6,7,9],[7,8,10]]

manifold_lex_d2_n10_o1_g1_#340=[[1,2,3],[1,2,4],[1,3,4],[2,3,5],[2,4,6],
 [2,5,7],[2,6,7],[3,4,7],[3,5,6],[3,6,8],[3,7,8],[4,5,9],[4,5,10],
 [4,6,9],[4,7,10],[5,6,10],[5,7,8],[5,8,9],[6,7,10],[6,8,9]]

manifold_lex_d2_n10_o1_g1_#341=[[1,2,3],[1,2,4],[1,3,4],[2,3,5],[2,4,6],
 [2,5,7],[2,6,7],[3,4,7],[3,5,6],[3,6,8],[3,7,8],[4,5,9],[4,5,10],
 [4,6,9],[4,7,10],[5,6,10],[5,7,9],[6,7,10],[6,8,9],[7,8,9]]

manifold_lex_d2_n10_o1_g1_#342=[[1,2,3],[1,2,4],[1,3,4],[2,3,5],[2,4,6],
 [2,5,7],[2,6,7],[3,4,7],[3,5,6],[3,6,8],[3,7,8],[4,6,8],[4,7,9],
 [4,8,9],[5,6,9],[5,7,8],[5,8,9],[6,7,10],[6,9,10],[7,9,10]]

manifold_lex_d2_n10_o1_g1_#343=[[1,2,3],[1,2,4],[1,3,4],[2,3,5],[2,4,6],
 [2,5,7],[2,6,7],[3,4,7],[3,5,6],[3,6,8],[3,7,8],[4,6,8],[4,7,9],
 [4,8,9],[5,6,9],[5,7,8],[5,8,10],[5,9,10],[6,7,9],[8,9,10]]

manifold_lex_d2_n10_o1_g1_#344=[[1,2,3],[1,2,4],[1,3,4],[2,3,5],[2,4,6],
 [2,5,7],[2,6,7],[3,4,7],[3,5,6],[3,6,8],[3,7,8],[4,6,8],[4,7,9],
 [4,8,9],[5,6,9],[5,7,10],[5,8,9],[5,8,10],[6,7,9],[7,8,10]]

manifold_lex_d2_n10_o1_g1_#345=[[1,2,3],[1,2,4],[1,3,4],[2,3,5],[2,4,6],
 [2,5,7],[2,6,7],[3,4,7],[3,5,6],[3,6,8],[3,7,8],[4,6,8],[4,7,9],
 [4,8,9],[5,6,9],[5,7,10],[5,9,10],[6,7,9],[7,8,10],[8,9,10]]

manifold_lex_d2_n10_o1_g1_#346=[[1,2,3],[1,2,4],[1,3,4],[2,3,5],[2,4,6],
 [2,5,7],[2,6,7],[3,4,7],[3,5,6],[3,6,8],[3,7,8],[4,6,8],[4,7,9],
 [4,8,9],[5,6,10],[5,7,8],[5,8,9],[5,9,10],[6,7,9],[6,9,10]]

manifold_lex_d2_n10_o1_g1_#347=[[1,2,3],[1,2,4],[1,3,4],[2,3,5],[2,4,6],
 [2,5,7],[2,6,7],[3,4,7],[3,5,6],[3,6,8],[3,7,8],[4,6,8],[4,7,9],
 [4,8,9],[5,6,10],[5,7,8],[5,8,9],[5,9,10],[6,7,10],[7,9,10]]

manifold_lex_d2_n10_o1_g1_#348=[[1,2,3],[1,2,4],[1,3,4],[2,3,5],[2,4,6],
 [2,5,7],[2,6,7],[3,4,7],[3,5,6],[3,6,8],[3,7,8],[4,6,8],[4,7,9],
 [4,8,9],[5,6,10],[5,7,8],[5,8,10],[6,7,9],[6,9,10],[8,9,10]]

manifold_lex_d2_n10_o1_g1_#349=[[1,2,3],[1,2,4],[1,3,4],[2,3,5],[2,4,6],
 [2,5,7],[2,6,7],[3,4,7],[3,5,6],[3,6,8],[3,7,8],[4,6,8],[4,7,9],
 [4,8,9],[5,6,10],[5,7,8],[5,8,10],[6,7,10],[7,9,10],[8,9,10]]

manifold_lex_d2_n10_o1_g1_#350=[[1,2,3],[1,2,4],[1,3,4],[2,3,5],[2,4,6],
 [2,5,7],[2,6,7],[3,4,7],[3,5,6],[3,6,8],[3,7,8],[4,6,8],[4,7,9],
 [4,8,9],[5,6,10],[5,7,10],[6,7,9],[6,9,10],[7,8,10],[8,9,10]]

manifold_lex_d2_n10_o1_g1_#351=[[1,2,3],[1,2,4],[1,3,4],[2,3,5],[2,4,6],
 [2,5,7],[2,6,7],[3,4,7],[3,5,6],[3,6,8],[3,7,8],[4,6,8],[4,7,9],
 [4,8,10],[4,9,10],[5,6,9],[5,7,8],[5,8,9],[6,7,9],[8,9,10]]

manifold_lex_d2_n10_o1_g1_#352=[[1,2,3],[1,2,4],[1,3,4],[2,3,5],[2,4,6],
 [2,5,7],[2,6,7],[3,4,7],[3,5,6],[3,6,8],[3,7,8],[4,6,8],[4,7,9],
 [4,8,10],[4,9,10],[5,6,9],[5,7,8],[5,8,10],[5,9,10],[6,7,9]]

manifold_lex_d2_n10_o1_g1_#353=[[1,2,3],[1,2,4],[1,3,4],[2,3,5],[2,4,6],
 [2,5,7],[2,6,7],[3,4,7],[3,5,6],[3,6,8],[3,7,8],[4,6,8],[4,7,9],
 [4,8,10],[4,9,10],[5,6,9],[5,7,10],[5,9,10],[6,7,9],[7,8,10]]

manifold_lex_d2_n10_o1_g1_#354=[[1,2,3],[1,2,4],[1,3,4],[2,3,5],[2,4,6],
 [2,5,7],[2,6,7],[3,4,7],[3,5,6],[3,6,8],[3,7,8],[4,6,8],[4,7,9],
 [4,8,10],[4,9,10],[5,6,10],[5,7,8],[5,8,10],[6,7,9],[6,9,10]]

manifold_lex_d2_n10_o1_g1_#355=[[1,2,3],[1,2,4],[1,3,4],[2,3,5],[2,4,6],
 [2,5,7],[2,6,7],[3,4,7],[3,5,6],[3,6,8],[3,7,8],[4,6,8],[4,7,9],
 [4,8,10],[4,9,10],[5,6,10],[5,7,8],[5,8,10],[6,7,10],[7,9,10]]

manifold_lex_d2_n10_o1_g1_#356=[[1,2,3],[1,2,4],[1,3,4],[2,3,5],[2,4,6],
 [2,5,7],[2,6,7],[3,4,7],[3,5,6],[3,6,8],[3,7,8],[4,6,8],[4,7,9],
 [4,8,10],[4,9,10],[5,6,10],[5,7,10],[6,7,9],[6,9,10],[7,8,10]]

manifold_lex_d2_n10_o1_g1_#357=[[1,2,3],[1,2,4],[1,3,4],[2,3,5],[2,4,6],
 [2,5,7],[2,6,7],[3,4,7],[3,5,6],[3,6,8],[3,7,8],[4,6,9],[4,7,9],
 [5,6,10],[5,7,8],[5,8,9],[5,9,10],[6,7,10],[6,8,9],[7,9,10]]

manifold_lex_d2_n10_o1_g1_#358=[[1,2,3],[1,2,4],[1,3,4],[2,3,5],[2,4,6],
 [2,5,7],[2,6,7],[3,4,7],[3,5,6],[3,6,8],[3,7,8],[4,6,9],[4,7,9],
 [5,6,10],[5,7,8],[5,8,10],[6,7,10],[6,8,9],[7,9,10],[8,9,10]]

manifold_lex_d2_n10_o1_g1_#359=[[1,2,3],[1,2,4],[1,3,4],[2,3,5],[2,4,6],
 [2,5,7],[2,6,7],[3,4,7],[3,5,6],[3,6,8],[3,7,8],[4,6,9],[4,7,10],
 [4,8,9],[4,8,10],[5,6,10],[5,7,8],[5,8,10],[6,7,10],[6,8,9]]

manifold_lex_d2_n10_o1_g1_#360=[[1,2,3],[1,2,4],[1,3,4],[2,3,5],[2,4,6],
 [2,5,7],[2,6,7],[3,4,7],[3,5,6],[3,6,8],[3,7,8],[4,6,9],[4,7,10],
 [4,9,10],[5,6,10],[5,7,8],[5,8,9],[5,9,10],[6,7,10],[6,8,9]]

manifold_lex_d2_n10_o1_g1_#361=[[1,2,3],[1,2,4],[1,3,4],[2,3,5],[2,4,6],
 [2,5,7],[2,6,7],[3,4,7],[3,5,6],[3,6,8],[3,7,8],[4,6,9],[4,7,10],
 [4,9,10],[5,6,10],[5,7,8],[5,8,10],[6,7,10],[6,8,9],[8,9,10]]

manifold_lex_d2_n10_o1_g1_#362=[[1,2,3],[1,2,4],[1,3,4],[2,3,5],[2,4,6],
 [2,5,7],[2,6,7],[3,4,7],[3,5,6],[3,6,8],[3,7,8],[4,6,9],[4,7,10],
 [4,9,10],[5,6,10],[5,7,9],[5,9,10],[6,7,10],[6,8,9],[7,8,9]]

manifold_lex_d2_n10_o1_g1_#363=[[1,2,3],[1,2,4],[1,3,4],[2,3,5],[2,4,6],
 [2,5,7],[2,6,7],[3,4,7],[3,5,6],[3,6,8],[3,7,9],[3,8,9],[4,5,8],
 [4,5,10],[4,6,8],[4,7,10],[5,6,10],[5,7,8],[6,7,10],[7,8,9]]

manifold_lex_d2_n10_o1_g1_#364=[[1,2,3],[1,2,4],[1,3,4],[2,3,5],[2,4,6],
 [2,5,7],[2,6,7],[3,4,7],[3,5,6],[3,6,8],[3,7,9],[3,8,9],[4,5,8],
 [4,5,10],[4,6,8],[4,7,10],[5,6,10],[5,7,9],[5,8,9],[6,7,10]]

manifold_lex_d2_n10_o1_g1_#365=[[1,2,3],[1,2,4],[1,3,4],[2,3,5],[2,4,6],
 [2,5,7],[2,6,7],[3,4,7],[3,5,6],[3,6,8],[3,7,9],[3,8,9],[4,5,9],
 [4,5,10],[4,6,8],[4,7,10],[4,8,9],[5,6,10],[5,7,9],[6,7,10]]

manifold_lex_d2_n10_o1_g1_#366=[[1,2,3],[1,2,4],[1,3,4],[2,3,5],[2,4,6],
 [2,5,7],[2,6,7],[3,4,7],[3,5,6],[3,6,8],[3,7,9],[3,8,9],[4,5,9],
 [4,5,10],[4,6,9],[4,7,10],[5,6,10],[5,7,9],[6,7,10],[6,8,9]]

manifold_lex_d2_n10_o1_g1_#367=[[1,2,3],[1,2,4],[1,3,4],[2,3,5],[2,4,6],
 [2,5,7],[2,6,7],[3,4,7],[3,5,6],[3,6,8],[3,7,9],[3,8,9],[4,6,8],
 [4,7,8],[5,6,9],[5,7,9],[6,7,10],[6,9,10],[7,8,10],[8,9,10]]

manifold_lex_d2_n10_o1_g1_#368=[[1,2,3],[1,2,4],[1,3,4],[2,3,5],[2,4,6],
 [2,5,7],[2,6,7],[3,4,7],[3,5,6],[3,6,8],[3,7,9],[3,8,9],[4,6,8],
 [4,7,8],[5,6,10],[5,7,9],[5,8,9],[5,8,10],[6,7,10],[7,8,10]]

manifold_lex_d2_n10_o1_g1_#369=[[1,2,3],[1,2,4],[1,3,4],[2,3,5],[2,4,6],
 [2,5,7],[2,6,7],[3,4,7],[3,5,6],[3,6,8],[3,7,9],[3,8,9],[4,6,8],
 [4,7,8],[5,6,10],[5,7,9],[5,9,10],[6,7,10],[7,8,10],[8,9,10]]

manifold_lex_d2_n10_o1_g1_#370=[[1,2,3],[1,2,4],[1,3,4],[2,3,5],[2,4,6],
 [2,5,7],[2,6,7],[3,4,7],[3,5,6],[3,6,8],[3,7,9],[3,8,9],[4,6,8],
 [4,7,10],[4,8,9],[4,9,10],[5,6,9],[5,7,9],[6,7,10],[6,9,10]]

manifold_lex_d2_n10_o1_g1_#371=[[1,2,3],[1,2,4],[1,3,4],[2,3,5],[2,4,6],
 [2,5,7],[2,6,7],[3,4,7],[3,5,6],[3,6,8],[3,7,9],[3,8,9],[4,6,8],
 [4,7,10],[4,8,9],[4,9,10],[5,6,10],[5,7,9],[5,9,10],[6,7,10]]

manifold_lex_d2_n10_o1_g1_#372=[[1,2,3],[1,2,4],[1,3,4],[2,3,5],[2,4,6],
 [2,5,7],[2,6,7],[3,4,7],[3,5,6],[3,6,8],[3,7,9],[3,8,9],[4,6,8],
 [4,7,10],[4,8,10],[5,6,9],[5,7,9],[6,7,10],[6,9,10],[8,9,10]]

manifold_lex_d2_n10_o1_g1_#373=[[1,2,3],[1,2,4],[1,3,4],[2,3,5],[2,4,6],
 [2,5,7],[2,6,7],[3,4,7],[3,5,6],[3,6,8],[3,7,9],[3,8,9],[4,6,8],
 [4,7,10],[4,8,10],[5,6,10],[5,7,8],[5,8,10],[6,7,10],[7,8,9]]

manifold_lex_d2_n10_o1_g1_#374=[[1,2,3],[1,2,4],[1,3,4],[2,3,5],[2,4,6],
 [2,5,7],[2,6,7],[3,4,7],[3,5,6],[3,6,8],[3,7,9],[3,8,9],[4,6,8],
 [4,7,10],[4,8,10],[5,6,10],[5,7,9],[5,8,9],[5,8,10],[6,7,10]]

manifold_lex_d2_n10_o1_g1_#375=[[1,2,3],[1,2,4],[1,3,4],[2,3,5],[2,4,6],
 [2,5,7],[2,6,7],[3,4,7],[3,5,6],[3,6,8],[3,7,9],[3,8,9],[4,6,8],
 [4,7,10],[4,8,10],[5,6,10],[5,7,9],[5,9,10],[6,7,10],[8,9,10]]

manifold_lex_d2_n10_o1_g1_#376=[[1,2,3],[1,2,4],[1,3,4],[2,3,5],[2,4,6],
 [2,5,7],[2,6,7],[3,4,7],[3,5,6],[3,6,8],[3,7,9],[3,8,9],[4,6,9],
 [4,7,10],[4,9,10],[5,6,10],[5,7,9],[5,9,10],[6,7,10],[6,8,9]]

manifold_lex_d2_n10_o1_g1_#377=[[1,2,3],[1,2,4],[1,3,4],[2,3,5],[2,4,6],
 [2,5,7],[2,6,7],[3,4,7],[3,5,6],[3,6,8],[3,7,9],[3,8,10],[3,9,10],
 [4,6,8],[4,7,8],[5,6,9],[5,7,9],[6,7,10],[6,9,10],[7,8,10]]

manifold_lex_d2_n10_o1_g1_#378=[[1,2,3],[1,2,4],[1,3,4],[2,3,5],[2,4,6],
 [2,5,7],[2,6,7],[3,4,7],[3,5,6],[3,6,8],[3,7,9],[3,8,10],[3,9,10],
 [4,6,8],[4,7,8],[5,6,10],[5,7,9],[5,9,10],[6,7,10],[7,8,10]]

manifold_lex_d2_n10_o1_g1_#379=[[1,2,3],[1,2,4],[1,3,4],[2,3,5],[2,4,6],
 [2,5,7],[2,6,7],[3,4,7],[3,5,6],[3,6,8],[3,7,9],[3,8,10],[3,9,10],
 [4,6,8],[4,7,10],[4,8,10],[5,6,9],[5,7,9],[6,7,10],[6,9,10]]

manifold_lex_d2_n10_o1_g1_#380=[[1,2,3],[1,2,4],[1,3,4],[2,3,5],[2,4,6],
 [2,5,7],[2,6,7],[3,4,7],[3,5,6],[3,6,8],[3,7,9],[3,8,10],[3,9,10],
 [4,6,8],[4,7,10],[4,8,10],[5,6,10],[5,7,9],[5,9,10],[6,7,10]]

manifold_lex_d2_n10_o1_g1_#381=[[1,2,3],[1,2,4],[1,3,4],[2,3,5],[2,4,6],
 [2,5,7],[2,6,7],[3,4,7],[3,5,8],[3,6,8],[3,6,9],[3,7,9],[4,5,8],
 [4,5,9],[4,6,9],[4,7,8],[5,7,9],[6,7,10],[6,8,10],[7,8,10]]

manifold_lex_d2_n10_o1_g1_#382=[[1,2,3],[1,2,4],[1,3,4],[2,3,5],[2,4,6],
 [2,5,7],[2,6,7],[3,4,7],[3,5,8],[3,6,8],[3,6,9],[3,7,9],[4,5,8],
 [4,5,9],[4,6,9],[4,7,10],[4,8,10],[5,7,9],[6,7,8],[7,8,10]]

manifold_lex_d2_n10_o1_g1_#383=[[1,2,3],[1,2,4],[1,3,4],[2,3,5],[2,4,6],
 [2,5,7],[2,6,7],[3,4,7],[3,5,8],[3,6,8],[3,6,9],[3,7,9],[4,5,8],
 [4,5,9],[4,6,9],[4,7,10],[4,8,10],[5,7,9],[6,7,10],[6,8,10]]

manifold_lex_d2_n10_o1_g1_#384=[[1,2,3],[1,2,4],[1,3,4],[2,3,5],[2,4,6],
 [2,5,7],[2,6,7],[3,4,7],[3,5,8],[3,6,8],[3,6,9],[3,7,9],[4,5,8],
 [4,5,9],[4,6,10],[4,7,8],[4,9,10],[5,7,9],[6,7,8],[6,9,10]]

manifold_lex_d2_n10_o1_g1_#385=[[1,2,3],[1,2,4],[1,3,4],[2,3,5],[2,4,6],
 [2,5,7],[2,6,7],[3,4,7],[3,5,8],[3,6,8],[3,6,9],[3,7,9],[4,5,8],
 [4,5,10],[4,6,9],[4,7,8],[4,9,10],[5,7,9],[5,9,10],[6,7,8]]

manifold_lex_d2_n10_o1_g1_#386=[[1,2,3],[1,2,4],[1,3,4],[2,3,5],[2,4,6],
 [2,5,7],[2,6,7],[3,4,7],[3,5,8],[3,6,8],[3,6,9],[3,7,9],[4,5,8],
 [4,5,10],[4,6,9],[4,7,8],[4,9,10],[5,7,10],[6,7,8],[7,9,10]]

manifold_lex_d2_n10_o1_g1_#387=[[1,2,3],[1,2,4],[1,3,4],[2,3,5],[2,4,6],
 [2,5,7],[2,6,7],[3,4,7],[3,5,8],[3,6,8],[3,6,9],[3,7,9],[4,5,8],
 [4,5,10],[4,6,10],[4,7,8],[5,6,9],[5,6,10],[5,7,9],[6,7,8]]

manifold_lex_d2_n10_o1_g1_#388=[[1,2,3],[1,2,4],[1,3,4],[2,3,5],[2,4,6],
 [2,5,7],[2,6,7],[3,4,7],[3,5,8],[3,6,8],[3,6,9],[3,7,9],[4,5,8],
 [4,5,10],[4,6,10],[4,7,8],[5,7,9],[5,9,10],[6,7,8],[6,9,10]]

manifold_lex_d2_n10_o1_g1_#389=[[1,2,3],[1,2,4],[1,3,4],[2,3,5],[2,4,6],
 [2,5,7],[2,6,7],[3,4,7],[3,5,8],[3,6,8],[3,6,9],[3,7,9],[4,5,8],
 [4,5,10],[4,6,10],[4,7,8],[5,7,10],[6,7,8],[6,9,10],[7,9,10]]

manifold_lex_d2_n10_o1_g1_#390=[[1,2,3],[1,2,4],[1,3,4],[2,3,5],[2,4,6],
 [2,5,7],[2,6,7],[3,4,7],[3,5,8],[3,6,8],[3,6,9],[3,7,9],[4,5,9],
 [4,5,10],[4,6,9],[4,7,8],[4,8,10],[5,7,9],[5,8,10],[6,7,8]]

manifold_lex_d2_n10_o1_g1_#391=[[1,2,3],[1,2,4],[1,3,4],[2,3,5],[2,4,6],
 [2,5,7],[2,6,7],[3,4,7],[3,5,8],[3,6,8],[3,6,9],[3,7,9],[4,6,9],
 [4,7,8],[4,8,9],[5,7,9],[5,8,9],[6,7,10],[6,8,10],[7,8,10]]

manifold_lex_d2_n10_o1_g1_#392=[[1,2,3],[1,2,4],[1,3,4],[2,3,5],[2,4,6],
 [2,5,7],[2,6,7],[3,4,7],[3,5,8],[3,6,8],[3,6,9],[3,7,9],[4,6,9],
 [4,7,8],[4,8,9],[5,7,9],[5,8,10],[5,9,10],[6,7,8],[8,9,10]]

manifold_lex_d2_n10_o1_g1_#393=[[1,2,3],[1,2,4],[1,3,4],[2,3,5],[2,4,6],
 [2,5,7],[2,6,7],[3,4,7],[3,5,8],[3,6,8],[3,6,9],[3,7,9],[4,6,9],
 [4,7,8],[4,8,9],[5,7,10],[5,8,9],[5,9,10],[6,7,8],[7,9,10]]

manifold_lex_d2_n10_o1_g1_#394=[[1,2,3],[1,2,4],[1,3,4],[2,3,5],[2,4,6],
 [2,5,7],[2,6,7],[3,4,7],[3,5,8],[3,6,8],[3,6,9],[3,7,9],[4,6,9],
 [4,7,8],[4,8,9],[5,7,10],[5,8,10],[6,7,8],[7,9,10],[8,9,10]]

manifold_lex_d2_n10_o1_g1_#395=[[1,2,3],[1,2,4],[1,3,4],[2,3,5],[2,4,6],
 [2,5,7],[2,6,7],[3,4,7],[3,5,8],[3,6,8],[3,6,9],[3,7,9],[4,6,9],
 [4,7,8],[4,8,10],[4,9,10],[5,7,9],[5,8,9],[6,7,8],[8,9,10]]

manifold_lex_d2_n10_o1_g1_#396=[[1,2,3],[1,2,4],[1,3,4],[2,3,5],[2,4,6],
 [2,5,7],[2,6,7],[3,4,7],[3,5,8],[3,6,8],[3,6,9],[3,7,9],[4,6,9],
 [4,7,8],[4,8,10],[4,9,10],[5,7,9],[5,8,10],[5,9,10],[6,7,8]]

manifold_lex_d2_n10_o1_g1_#397=[[1,2,3],[1,2,4],[1,3,4],[2,3,5],[2,4,6],
 [2,5,7],[2,6,7],[3,4,7],[3,5,8],[3,6,8],[3,6,9],[3,7,9],[4,6,9],
 [4,7,8],[4,8,10],[4,9,10],[5,7,10],[5,8,10],[6,7,8],[7,9,10]]

manifold_lex_d2_n10_o1_g1_#398=[[1,2,3],[1,2,4],[1,3,4],[2,3,5],[2,4,6],
 [2,5,7],[2,6,7],[3,4,7],[3,5,8],[3,6,8],[3,6,9],[3,7,9],[4,6,9],
 [4,7,10],[4,8,9],[4,8,10],[5,7,8],[6,7,10],[6,8,10],[7,8,9]]

manifold_lex_d2_n10_o1_g1_#399=[[1,2,3],[1,2,4],[1,3,4],[2,3,5],[2,4,6],
 [2,5,7],[2,6,7],[3,4,7],[3,5,8],[3,6,8],[3,6,9],[3,7,9],[4,6,9],
 [4,7,10],[4,8,9],[4,8,10],[5,7,9],[5,8,9],[6,7,8],[7,8,10]]

manifold_lex_d2_n10_o1_g1_#400=[[1,2,3],[1,2,4],[1,3,4],[2,3,5],[2,4,6],
 [2,5,7],[2,6,7],[3,4,7],[3,5,8],[3,6,8],[3,6,9],[3,7,9],[4,6,9],
 [4,7,10],[4,8,9],[4,8,10],[5,7,9],[5,8,9],[6,7,10],[6,8,10]]

manifold_lex_d2_n10_o1_g1_#401=[[1,2,3],[1,2,4],[1,3,4],[2,3,5],[2,4,6],
 [2,5,7],[2,6,7],[3,4,7],[3,5,8],[3,6,8],[3,6,9],[3,7,9],[4,6,9],
 [4,7,10],[4,9,10],[5,6,8],[5,6,10],[5,7,9],[5,9,10],[6,7,10]]

manifold_lex_d2_n10_o1_g1_#402=[[1,2,3],[1,2,4],[1,3,4],[2,3,5],[2,4,6],
 [2,5,7],[2,6,7],[3,4,7],[3,5,8],[3,6,8],[3,6,9],[3,7,9],[4,6,9],
 [4,7,10],[4,9,10],[5,7,8],[6,7,10],[6,8,10],[7,8,9],[8,9,10]]

manifold_lex_d2_n10_o1_g1_#403=[[1,2,3],[1,2,4],[1,3,4],[2,3,5],[2,4,6],
 [2,5,7],[2,6,7],[3,4,7],[3,5,8],[3,6,8],[3,6,9],[3,7,9],[4,6,9],
 [4,7,10],[4,9,10],[5,7,9],[5,8,9],[6,7,8],[7,8,10],[8,9,10]]

manifold_lex_d2_n10_o1_g1_#404=[[1,2,3],[1,2,4],[1,3,4],[2,3,5],[2,4,6],
 [2,5,7],[2,6,7],[3,4,7],[3,5,8],[3,6,8],[3,6,9],[3,7,9],[4,6,9],
 [4,7,10],[4,9,10],[5,7,9],[5,8,9],[6,7,10],[6,8,10],[8,9,10]]

manifold_lex_d2_n10_o1_g1_#405=[[1,2,3],[1,2,4],[1,3,4],[2,3,5],[2,4,6],
 [2,5,7],[2,6,7],[3,4,7],[3,5,8],[3,6,8],[3,6,9],[3,7,9],[4,6,9],
 [4,7,10],[4,9,10],[5,7,9],[5,8,10],[5,9,10],[6,7,8],[7,8,10]]

manifold_lex_d2_n10_o1_g1_#406=[[1,2,3],[1,2,4],[1,3,4],[2,3,5],[2,4,6],
 [2,5,7],[2,6,7],[3,4,7],[3,5,8],[3,6,8],[3,6,9],[3,7,9],[4,6,9],
 [4,7,10],[4,9,10],[5,7,9],[5,8,10],[5,9,10],[6,7,10],[6,8,10]]

manifold_lex_d2_n10_o1_g1_#407=[[1,2,3],[1,2,4],[1,3,4],[2,3,5],[2,4,6],
 [2,5,7],[2,6,7],[3,4,7],[3,5,8],[3,6,8],[3,6,9],[3,7,9],[4,6,10],
 [4,7,8],[4,8,9],[4,9,10],[5,7,9],[5,8,9],[6,7,8],[6,9,10]]

manifold_lex_d2_n10_o1_g1_#408=[[1,2,3],[1,2,4],[1,3,4],[2,3,5],[2,4,6],
 [2,5,7],[2,6,7],[3,4,7],[3,5,8],[3,6,8],[3,6,9],[3,7,9],[4,6,10],
 [4,7,8],[4,8,10],[5,6,9],[5,6,10],[5,7,9],[5,8,10],[6,7,8]]

manifold_lex_d2_n10_o1_g1_#409=[[1,2,3],[1,2,4],[1,3,4],[2,3,5],[2,4,6],
 [2,5,7],[2,6,7],[3,4,7],[3,5,8],[3,6,8],[3,6,9],[3,7,9],[4,6,10],
 [4,7,8],[4,8,10],[5,7,9],[5,8,9],[6,7,8],[6,9,10],[8,9,10]]

manifold_lex_d2_n10_o1_g1_#410=[[1,2,3],[1,2,4],[1,3,4],[2,3,5],[2,4,6],
 [2,5,7],[2,6,7],[3,4,7],[3,5,8],[3,6,8],[3,6,9],[3,7,9],[4,6,10],
 [4,7,8],[4,8,10],[5,7,9],[5,8,10],[5,9,10],[6,7,8],[6,9,10]]

manifold_lex_d2_n10_o1_g1_#411=[[1,2,3],[1,2,4],[1,3,4],[2,3,5],[2,4,6],
 [2,5,7],[2,6,7],[3,4,7],[3,5,8],[3,6,8],[3,6,9],[3,7,9],[4,6,10],
 [4,7,8],[4,8,10],[5,7,10],[5,8,10],[6,7,8],[6,9,10],[7,9,10]]

manifold_lex_d2_n10_o1_g1_#412=[[1,2,3],[1,2,4],[1,3,4],[2,3,5],[2,4,6],
 [2,5,7],[2,6,7],[3,4,7],[3,5,8],[3,6,8],[3,6,9],[3,7,9],[4,6,10],
 [4,7,10],[5,6,9],[5,6,10],[5,7,9],[5,8,10],[6,7,8],[7,8,10]]

manifold_lex_d2_n10_o1_g1_#413=[[1,2,3],[1,2,4],[1,3,4],[2,3,5],[2,4,6],
 [2,5,7],[2,6,7],[3,4,7],[3,5,8],[3,6,8],[3,6,9],[3,7,9],[4,6,10],
 [4,7,10],[5,7,9],[5,8,9],[6,7,8],[6,9,10],[7,8,10],[8,9,10]]

manifold_lex_d2_n10_o1_g1_#414=[[1,2,3],[1,2,4],[1,3,4],[2,3,5],[2,4,6],
 [2,5,7],[2,6,7],[3,4,7],[3,5,8],[3,6,8],[3,6,9],[3,7,9],[4,6,10],
 [4,7,10],[5,7,9],[5,8,10],[5,9,10],[6,7,8],[6,9,10],[7,8,10]]

manifold_lex_d2_n10_o1_g1_#415=[[1,2,3],[1,2,4],[1,3,4],[2,3,5],[2,4,6],
 [2,5,7],[2,6,7],[3,4,7],[3,5,8],[3,6,8],[3,6,9],[3,7,10],[3,9,10],
 [4,5,8],[4,5,10],[4,6,9],[4,7,8],[4,9,10],[5,7,10],[6,7,8]]

manifold_lex_d2_n10_o1_g1_#416=[[1,2,3],[1,2,4],[1,3,4],[2,3,5],[2,4,6],
 [2,5,7],[2,6,7],[3,4,7],[3,5,8],[3,6,8],[3,6,9],[3,7,10],[3,9,10],
 [4,6,9],[4,7,8],[4,8,9],[5,7,9],[5,8,9],[6,7,8],[7,9,10]]

manifold_lex_d2_n10_o1_g1_#417=[[1,2,3],[1,2,4],[1,3,4],[2,3,5],[2,4,6],
 [2,5,7],[2,6,7],[3,4,7],[3,5,8],[3,6,8],[3,6,9],[3,7,10],[3,9,10],
 [4,6,9],[4,7,8],[4,8,9],[5,7,10],[5,8,9],[5,9,10],[6,7,8]]

manifold_lex_d2_n10_o1_g1_#418=[[1,2,3],[1,2,4],[1,3,4],[2,3,5],[2,4,6],
 [2,5,7],[2,6,7],[3,4,7],[3,5,8],[3,6,8],[3,6,9],[3,7,10],[3,9,10],
 [4,6,9],[4,7,8],[4,8,9],[5,7,10],[5,8,10],[6,7,8],[8,9,10]]

manifold_lex_d2_n10_o1_g1_#419=[[1,2,3],[1,2,4],[1,3,4],[2,3,5],[2,4,6],
 [2,5,7],[2,6,7],[3,4,7],[3,5,8],[3,6,8],[3,6,9],[3,7,10],[3,9,10],
 [4,6,9],[4,7,8],[4,8,10],[4,9,10],[5,7,10],[5,8,10],[6,7,8]]

manifold_lex_d2_n10_o1_g1_#420=[[1,2,3],[1,2,4],[1,3,4],[2,3,5],[2,4,6],
 [2,5,7],[2,6,7],[3,4,7],[3,5,8],[3,6,8],[3,6,9],[3,7,10],[3,9,10],
 [4,6,9],[4,7,9],[5,7,10],[5,8,9],[5,9,10],[6,7,8],[7,8,9]]

manifold_lex_d2_n10_o1_g1_#421=[[1,2,3],[1,2,4],[1,3,4],[2,3,5],[2,4,6],
 [2,5,7],[2,6,7],[3,4,7],[3,5,8],[3,6,8],[3,6,9],[3,7,10],[3,9,10],
 [4,6,9],[4,7,9],[5,7,10],[5,8,10],[6,7,8],[7,8,9],[8,9,10]]

manifold_lex_d2_n10_o1_g1_#422=[[1,2,3],[1,2,4],[1,3,4],[2,3,5],[2,4,6],
 [2,5,7],[2,6,7],[3,4,7],[3,5,8],[3,6,8],[3,6,9],[3,7,10],[3,9,10],
 [4,6,10],[4,7,8],[4,8,10],[5,7,10],[5,8,10],[6,7,8],[6,9,10]]

manifold_lex_d2_n10_o1_g1_#423=[[1,2,3],[1,2,4],[1,3,4],[2,3,5],[2,4,6],
 [2,5,7],[2,6,7],[3,4,7],[3,5,8],[3,6,9],[3,6,10],[3,7,9],[3,8,10],
 [4,6,8],[4,7,8],[5,6,8],[5,6,9],[5,7,9],[6,7,10],[7,8,10]]

manifold_lex_d2_n10_o1_g1_#424=[[1,2,3],[1,2,4],[1,3,4],[2,3,5],[2,4,6],
 [2,5,7],[2,6,7],[3,4,7],[3,5,8],[3,6,9],[3,6,10],[3,7,9],[3,8,10],
 [4,6,8],[4,7,8],[5,7,9],[5,8,9],[6,7,10],[6,8,9],[7,8,10]]

manifold_lex_d2_n10_o1_g1_#425=[[1,2,3],[1,2,4],[1,3,4],[2,3,5],[2,4,6],
 [2,5,7],[2,6,7],[3,4,7],[3,5,8],[3,6,9],[3,6,10],[3,7,9],[3,8,10],
 [4,6,8],[4,7,10],[4,8,10],[5,6,8],[5,6,9],[5,7,9],[6,7,10]]

manifold_lex_d2_n10_o1_g1_#426=[[1,2,3],[1,2,4],[1,3,4],[2,3,5],[2,4,6],
 [2,5,7],[2,6,7],[3,4,7],[3,5,8],[3,6,9],[3,6,10],[3,7,9],[3,8,10],
 [4,6,8],[4,7,10],[4,8,10],[5,7,8],[6,7,10],[6,8,9],[7,8,9]]

manifold_lex_d2_n10_o1_g1_#427=[[1,2,3],[1,2,4],[1,3,4],[2,3,5],[2,4,6],
 [2,5,7],[2,6,7],[3,4,7],[3,5,8],[3,6,9],[3,6,10],[3,7,9],[3,8,10],
 [4,6,8],[4,7,10],[4,8,10],[5,7,9],[5,8,9],[6,7,10],[6,8,9]]

manifold_lex_d2_n10_o1_g1_#428=[[1,2,3],[1,2,4],[1,3,4],[2,3,5],[2,4,6],
 [2,5,7],[2,6,7],[3,4,7],[3,5,8],[3,6,9],[3,6,10],[3,7,9],[3,8,10],
 [4,6,9],[4,7,8],[4,8,9],[5,7,9],[5,8,9],[6,7,8],[6,8,10]]

manifold_lex_d2_n10_o1_g1_#429=[[1,2,3],[1,2,4],[1,3,4],[2,3,5],[2,4,6],
 [2,5,7],[2,6,7],[3,4,7],[3,5,8],[3,6,9],[3,6,10],[3,7,9],[3,8,10],
 [4,6,9],[4,7,8],[4,8,9],[5,7,9],[5,8,9],[6,7,10],[7,8,10]]

manifold_lex_d2_n10_o1_g1_#430=[[1,2,3],[1,2,4],[1,3,4],[2,3,5],[2,4,6],
 [2,5,7],[2,6,7],[3,4,7],[3,5,8],[3,6,9],[3,6,10],[3,7,9],[3,8,10],
 [4,6,9],[4,7,10],[4,8,9],[4,8,10],[5,7,8],[6,7,10],[7,8,9]]

manifold_lex_d2_n10_o1_g1_#431=[[1,2,3],[1,2,4],[1,3,4],[2,3,5],[2,4,6],
 [2,5,7],[2,6,7],[3,4,7],[3,5,8],[3,6,9],[3,6,10],[3,7,9],[3,8,10],
 [4,6,9],[4,7,10],[4,8,9],[4,8,10],[5,7,9],[5,8,9],[6,7,10]]

manifold_lex_d2_n10_o1_g1_#432=[[1,2,3],[1,2,4],[1,3,4],[2,3,5],[2,4,6],
 [2,5,7],[2,6,7],[3,4,7],[3,5,8],[3,6,9],[3,6,10],[3,7,9],[3,8,10],
 [4,6,9],[4,7,10],[4,9,10],[5,7,8],[6,7,10],[7,8,9],[8,9,10]]

manifold_lex_d2_n10_o1_g1_#433=[[1,2,3],[1,2,4],[1,3,4],[2,3,5],[2,4,6],
 [2,5,7],[2,6,7],[3,4,7],[3,5,8],[3,6,9],[3,6,10],[3,7,9],[3,8,10],
 [4,6,9],[4,7,10],[4,9,10],[5,7,9],[5,8,9],[6,7,10],[8,9,10]]

manifold_lex_d2_n10_o1_g1_#434=[[1,2,3],[1,2,4],[1,3,4],[2,3,5],[2,4,6],
 [2,5,7],[2,6,7],[3,4,7],[3,5,8],[3,6,9],[3,6,10],[3,7,9],[3,8,10],
 [4,6,9],[4,7,10],[4,9,10],[5,7,9],[5,8,10],[5,9,10],[6,7,10]]

manifold_lex_d2_n10_o1_g1_#435=[[1,2,3],[1,2,4],[1,3,4],[2,3,5],[2,4,6],
 [2,5,7],[2,6,7],[3,4,7],[3,5,8],[3,7,8],[4,6,8],[4,7,9],[4,8,9],
 [5,6,8],[5,6,9],[5,7,10],[5,9,10],[6,7,9],[7,8,10],[8,9,10]]

manifold_lex_d2_n10_o1_g1_#436=[[1,2,3],[1,2,4],[1,3,4],[2,3,5],[2,4,6],
 [2,5,7],[2,6,7],[3,4,7],[3,5,8],[3,7,8],[4,6,8],[4,7,9],[4,8,9],
 [5,6,8],[5,6,10],[5,7,10],[6,7,9],[6,9,10],[7,8,10],[8,9,10]]

manifold_lex_d2_n10_o1_g1_#437=[[1,2,3],[1,2,4],[1,3,4],[2,3,5],[2,4,6],
 [2,5,7],[2,6,7],[3,4,7],[3,5,8],[3,7,8],[4,6,8],[4,7,9],[4,8,10],
 [4,9,10],[5,6,8],[5,6,9],[5,7,10],[5,9,10],[6,7,9],[7,8,10]]

manifold_lex_d2_n10_o1_g1_#438=[[1,2,3],[1,2,4],[1,3,4],[2,3,5],[2,4,6],
 [2,5,7],[2,6,7],[3,4,7],[3,5,8],[3,7,8],[4,6,8],[4,7,9],[4,8,10],
 [4,9,10],[5,6,8],[5,6,10],[5,7,10],[6,7,9],[6,9,10],[7,8,10]]

manifold_lex_d2_n10_o1_g1_#439=[[1,2,3],[1,2,4],[1,3,4],[2,3,5],[2,4,6],
 [2,5,7],[2,6,7],[3,4,7],[3,5,8],[3,7,8],[4,6,8],[4,7,9],[4,8,10],
 [4,9,10],[5,7,10],[5,8,9],[5,9,10],[6,7,9],[6,8,9],[7,8,10]]

manifold_lex_d2_n10_o1_g1_#440=[[1,2,3],[1,2,4],[1,3,4],[2,3,5],[2,4,6],
 [2,5,7],[2,6,7],[3,4,7],[3,5,8],[3,7,8],[4,6,9],[4,7,10],[4,9,10],
 [5,6,8],[5,6,10],[5,7,9],[5,9,10],[6,7,10],[6,8,9],[7,8,9]]

manifold_lex_d2_n10_o1_g1_#441=[[1,2,3],[1,2,4],[1,3,4],[2,3,5],[2,4,6],
 [2,5,7],[2,6,7],[3,4,7],[3,5,8],[3,7,8],[4,6,9],[4,7,10],[4,9,10],
 [5,7,9],[5,8,10],[5,9,10],[6,7,10],[6,8,9],[6,8,10],[7,8,9]]

manifold_lex_d2_n10_o1_g1_#442=[[1,2,3],[1,2,4],[1,3,4],[2,3,5],[2,4,6],
 [2,5,7],[2,6,7],[3,4,7],[3,5,8],[3,7,9],[3,8,9],[4,6,8],[4,7,10],
 [4,8,9],[4,9,10],[5,6,8],[5,6,9],[5,7,9],[6,7,10],[6,9,10]]

manifold_lex_d2_n10_o1_g1_#443=[[1,2,3],[1,2,4],[1,3,4],[2,3,5],[2,4,6],
 [2,5,7],[2,6,7],[3,4,7],[3,5,8],[3,7,9],[3,8,9],[4,6,8],[4,7,10],
 [4,8,9],[4,9,10],[5,6,8],[5,6,10],[5,7,9],[5,9,10],[6,7,10]]

manifold_lex_d2_n10_o1_g1_#444=[[1,2,3],[1,2,4],[1,3,4],[2,3,5],[2,4,6],
 [2,5,7],[2,6,7],[3,4,7],[3,5,8],[3,7,9],[3,8,9],[4,6,8],[4,7,10],
 [4,8,9],[4,9,10],[5,7,9],[5,8,10],[5,9,10],[6,7,8],[7,8,10]]

manifold_lex_d2_n10_o1_g1_#445=[[1,2,3],[1,2,4],[1,3,4],[2,3,5],[2,4,6],
 [2,5,7],[2,6,7],[3,4,7],[3,5,8],[3,7,9],[3,8,9],[4,6,8],[4,7,10],
 [4,8,9],[4,9,10],[5,7,9],[5,8,10],[5,9,10],[6,7,10],[6,8,10]]

manifold_lex_d2_n10_o1_g1_#446=[[1,2,3],[1,2,4],[1,3,4],[2,3,5],[2,4,6],
 [2,5,7],[2,6,7],[3,4,7],[3,5,8],[3,7,9],[3,8,9],[4,6,8],[4,7,10],
 [4,8,10],[5,6,8],[5,6,9],[5,7,9],[6,7,10],[6,9,10],[8,9,10]]

manifold_lex_d2_n10_o1_g1_#447=[[1,2,3],[1,2,4],[1,3,4],[2,3,5],[2,4,6],
 [2,5,7],[2,6,7],[3,4,7],[3,5,8],[3,7,9],[3,8,9],[4,6,9],[4,7,8],
 [4,8,10],[4,9,10],[5,7,9],[5,8,10],[5,9,10],[6,7,8],[6,8,9]]

manifold_lex_d2_n10_o1_g1_#448=[[1,2,3],[1,2,4],[1,3,4],[2,3,5],[2,4,6],
 [2,5,7],[2,6,7],[3,4,7],[3,5,8],[3,7,9],[3,8,9],[4,6,9],[4,7,8],
 [4,8,10],[4,9,10],[5,7,10],[5,8,10],[6,7,8],[6,8,9],[7,9,10]]

manifold_lex_d2_n10_o1_g1_#449=[[1,2,3],[1,2,4],[1,3,4],[2,3,5],[2,4,6],
 [2,5,7],[2,6,7],[3,4,7],[3,5,8],[3,7,9],[3,8,9],[4,6,9],[4,7,10],
 [4,9,10],[5,6,8],[5,6,10],[5,7,9],[5,9,10],[6,7,10],[6,8,9]]

manifold_lex_d2_n10_o1_g1_#450=[[1,2,3],[1,2,4],[1,3,4],[2,3,5],[2,4,6],
 [2,5,7],[2,6,7],[3,4,7],[3,5,8],[3,7,9],[3,8,9],[4,6,9],[4,7,10],
 [4,9,10],[5,7,9],[5,8,10],[5,9,10],[6,7,8],[6,8,9],[7,8,10]]

manifold_lex_d2_n10_o1_g1_#451=[[1,2,3],[1,2,4],[1,3,4],[2,3,5],[2,4,6],
 [2,5,7],[2,6,7],[3,4,7],[3,5,8],[3,7,9],[3,8,9],[4,6,9],[4,7,10],
 [4,9,10],[5,7,9],[5,8,10],[5,9,10],[6,7,10],[6,8,9],[6,8,10]]

manifold_lex_d2_n10_o1_g1_#452=[[1,2,3],[1,2,4],[1,3,4],[2,3,5],[2,4,6],
 [2,5,7],[2,6,7],[3,4,7],[3,5,8],[3,7,9],[3,8,10],[3,9,10],[4,6,9],
 [4,7,10],[4,8,9],[4,8,10],[5,7,8],[6,7,10],[6,9,10],[7,8,9]]

manifold_lex_d2_n10_o1_g1_#453=[[1,2,3],[1,2,4],[1,3,4],[2,3,5],[2,4,6],
 [2,5,7],[2,6,7],[3,4,7],[3,5,8],[3,7,9],[3,8,10],[3,9,10],[4,6,9],
 [4,7,10],[4,8,9],[4,8,10],[5,7,9],[5,8,9],[6,7,10],[6,9,10]]

manifold_lex_d2_n10_o1_g1_#454=[[1,2,3],[1,2,4],[1,3,4],[2,3,5],[2,4,6],
 [2,5,7],[2,6,7],[3,4,8],[3,5,6],[3,6,9],[3,7,8],[3,7,9],[4,5,7],
 [4,5,8],[4,6,9],[4,7,9],[5,6,8],[6,7,10],[6,8,10],[7,8,10]]

manifold_lex_d2_n10_o1_g1_#455=[[1,2,3],[1,2,4],[1,3,4],[2,3,5],[2,4,6],
 [2,5,7],[2,6,7],[3,4,8],[3,5,6],[3,6,9],[3,7,8],[3,7,9],[4,5,7],
 [4,5,8],[4,6,9],[4,7,9],[5,6,10],[5,8,10],[6,7,10],[7,8,10]]

manifold_lex_d2_n10_o1_g1_#456=[[1,2,3],[1,2,4],[1,3,4],[2,3,5],[2,4,6],
 [2,5,7],[2,6,7],[3,4,8],[3,5,6],[3,6,9],[3,7,8],[3,7,9],[4,5,7],
 [4,5,8],[4,6,10],[4,7,10],[5,6,8],[6,7,8],[6,9,10],[7,9,10]]

manifold_lex_d2_n10_o1_g1_#457=[[1,2,3],[1,2,4],[1,3,4],[2,3,5],[2,4,6],
 [2,5,7],[2,6,7],[3,4,8],[3,5,6],[3,6,9],[3,7,8],[3,7,9],[4,5,7],
 [4,5,10],[4,6,9],[4,7,9],[4,8,10],[5,6,10],[6,7,8],[6,8,10]]

manifold_lex_d2_n10_o1_g1_#458=[[1,2,3],[1,2,4],[1,3,4],[2,3,5],[2,4,6],
 [2,5,7],[2,6,7],[3,4,8],[3,5,6],[3,6,9],[3,7,8],[3,7,9],[4,5,7],
 [4,5,10],[4,6,9],[4,7,9],[4,8,10],[5,6,10],[6,7,10],[7,8,10]]

manifold_lex_d2_n10_o1_g1_#459=[[1,2,3],[1,2,4],[1,3,4],[2,3,5],[2,4,6],
 [2,5,7],[2,6,7],[3,4,8],[3,5,6],[3,6,9],[3,7,8],[3,7,9],[4,5,8],
 [4,5,9],[4,6,9],[5,6,8],[5,7,9],[6,7,10],[6,8,10],[7,8,10]]

manifold_lex_d2_n10_o1_g1_#460=[[1,2,3],[1,2,4],[1,3,4],[2,3,5],[2,4,6],
 [2,5,7],[2,6,7],[3,4,8],[3,5,6],[3,6,9],[3,7,8],[3,7,9],[4,5,8],
 [4,5,9],[4,6,9],[5,6,8],[5,7,10],[5,9,10],[6,7,8],[7,9,10]]

manifold_lex_d2_n10_o1_g1_#461=[[1,2,3],[1,2,4],[1,3,4],[2,3,5],[2,4,6],
 [2,5,7],[2,6,7],[3,4,8],[3,5,6],[3,6,9],[3,7,8],[3,7,9],[4,5,8],
 [4,5,9],[4,6,9],[5,6,10],[5,7,9],[5,8,10],[6,7,10],[7,8,10]]

manifold_lex_d2_n10_o1_g1_#462=[[1,2,3],[1,2,4],[1,3,4],[2,3,5],[2,4,6],
 [2,5,7],[2,6,7],[3,4,8],[3,5,6],[3,6,9],[3,7,8],[3,7,9],[4,5,8],
 [4,5,9],[4,6,10],[4,9,10],[5,6,8],[5,7,9],[6,7,8],[6,9,10]]

manifold_lex_d2_n10_o1_g1_#463=[[1,2,3],[1,2,4],[1,3,4],[2,3,5],[2,4,6],
 [2,5,7],[2,6,7],[3,4,8],[3,5,6],[3,6,9],[3,7,8],[3,7,9],[4,5,8],
 [4,5,10],[4,6,9],[4,7,9],[4,7,10],[5,6,8],[5,7,10],[6,7,8]]

manifold_lex_d2_n10_o1_g1_#464=[[1,2,3],[1,2,4],[1,3,4],[2,3,5],[2,4,6],
 [2,5,7],[2,6,7],[3,4,8],[3,5,6],[3,6,9],[3,7,8],[3,7,9],[4,5,8],
 [4,5,10],[4,6,9],[4,9,10],[5,6,8],[5,7,9],[5,9,10],[6,7,8]]

manifold_lex_d2_n10_o1_g1_#465=[[1,2,3],[1,2,4],[1,3,4],[2,3,5],[2,4,6],
 [2,5,7],[2,6,7],[3,4,8],[3,5,6],[3,6,9],[3,7,8],[3,7,9],[4,5,8],
 [4,5,10],[4,6,9],[4,9,10],[5,6,8],[5,7,10],[6,7,8],[7,9,10]]

manifold_lex_d2_n10_o1_g1_#466=[[1,2,3],[1,2,4],[1,3,4],[2,3,5],[2,4,6],
 [2,5,7],[2,6,7],[3,4,8],[3,5,6],[3,6,9],[3,7,8],[3,7,9],[4,5,8],
 [4,5,10],[4,6,10],[5,6,8],[5,7,9],[5,9,10],[6,7,8],[6,9,10]]

manifold_lex_d2_n10_o1_g1_#467=[[1,2,3],[1,2,4],[1,3,4],[2,3,5],[2,4,6],
 [2,5,7],[2,6,7],[3,4,8],[3,5,6],[3,6,9],[3,7,8],[3,7,9],[4,5,8],
 [4,5,10],[4,6,10],[5,6,8],[5,7,10],[6,7,8],[6,9,10],[7,9,10]]

manifold_lex_d2_n10_o1_g1_#468=[[1,2,3],[1,2,4],[1,3,4],[2,3,5],[2,4,6],
 [2,5,7],[2,6,7],[3,4,8],[3,5,6],[3,6,9],[3,7,8],[3,7,9],[4,5,9],
 [4,5,10],[4,6,9],[4,7,8],[4,7,10],[5,6,10],[5,7,9],[6,7,10]]

manifold_lex_d2_n10_o1_g1_#469=[[1,2,3],[1,2,4],[1,3,4],[2,3,5],[2,4,6],
 [2,5,7],[2,6,7],[3,4,8],[3,5,6],[3,6,9],[3,7,8],[3,7,9],[4,5,9],
 [4,5,10],[4,6,9],[4,8,10],[5,6,10],[5,7,9],[6,7,8],[6,8,10]]

manifold_lex_d2_n10_o1_g1_#470=[[1,2,3],[1,2,4],[1,3,4],[2,3,5],[2,4,6],
 [2,5,7],[2,6,7],[3,4,8],[3,5,6],[3,6,9],[3,7,8],[3,7,9],[4,5,9],
 [4,5,10],[4,6,9],[4,8,10],[5,6,10],[5,7,9],[6,7,10],[7,8,10]]

manifold_lex_d2_n10_o1_g1_#471=[[1,2,3],[1,2,4],[1,3,4],[2,3,5],[2,4,6],
 [2,5,7],[2,6,7],[3,4,8],[3,5,6],[3,6,9],[3,7,8],[3,7,9],[4,6,9],
 [4,7,8],[4,7,10],[4,9,10],[5,6,10],[5,7,9],[5,9,10],[6,7,10]]

manifold_lex_d2_n10_o1_g1_#472=[[1,2,3],[1,2,4],[1,3,4],[2,3,5],[2,4,6],
 [2,5,7],[2,6,7],[3,4,8],[3,5,6],[3,6,9],[3,7,8],[3,7,9],[4,6,9],
 [4,7,9],[4,7,10],[4,8,10],[5,6,8],[5,7,10],[5,8,10],[6,7,8]]

manifold_lex_d2_n10_o1_g1_#473=[[1,2,3],[1,2,4],[1,3,4],[2,3,5],[2,4,6],
 [2,5,7],[2,6,7],[3,4,8],[3,5,6],[3,6,9],[3,7,8],[3,7,9],[4,6,9],
 [4,7,9],[4,7,10],[4,8,10],[5,6,10],[5,7,10],[6,7,8],[6,8,10]]

manifold_lex_d2_n10_o1_g1_#474=[[1,2,3],[1,2,4],[1,3,4],[2,3,5],[2,4,6],
 [2,5,7],[2,6,7],[3,4,8],[3,5,6],[3,6,9],[3,7,8],[3,7,9],[4,6,9],
 [4,8,9],[5,6,8],[5,7,9],[5,8,9],[6,7,10],[6,8,10],[7,8,10]]

manifold_lex_d2_n10_o1_g1_#475=[[1,2,3],[1,2,4],[1,3,4],[2,3,5],[2,4,6],
 [2,5,7],[2,6,7],[3,4,8],[3,5,6],[3,6,9],[3,7,8],[3,7,9],[4,6,9],
 [4,8,9],[5,6,8],[5,7,9],[5,8,10],[5,9,10],[6,7,8],[8,9,10]]

manifold_lex_d2_n10_o1_g1_#476=[[1,2,3],[1,2,4],[1,3,4],[2,3,5],[2,4,6],
 [2,5,7],[2,6,7],[3,4,8],[3,5,6],[3,6,9],[3,7,8],[3,7,9],[4,6,9],
 [4,8,9],[5,6,8],[5,7,10],[5,8,9],[5,9,10],[6,7,8],[7,9,10]]

manifold_lex_d2_n10_o1_g1_#477=[[1,2,3],[1,2,4],[1,3,4],[2,3,5],[2,4,6],
 [2,5,7],[2,6,7],[3,4,8],[3,5,6],[3,6,9],[3,7,8],[3,7,9],[4,6,9],
 [4,8,9],[5,6,8],[5,7,10],[5,8,10],[6,7,8],[7,9,10],[8,9,10]]

manifold_lex_d2_n10_o1_g1_#478=[[1,2,3],[1,2,4],[1,3,4],[2,3,5],[2,4,6],
 [2,5,7],[2,6,7],[3,4,8],[3,5,6],[3,6,9],[3,7,8],[3,7,9],[4,6,9],
 [4,8,9],[5,6,10],[5,7,9],[5,8,9],[5,8,10],[6,7,8],[6,8,10]]

manifold_lex_d2_n10_o1_g1_#479=[[1,2,3],[1,2,4],[1,3,4],[2,3,5],[2,4,6],
 [2,5,7],[2,6,7],[3,4,8],[3,5,6],[3,6,9],[3,7,8],[3,7,9],[4,6,9],
 [4,8,9],[5,6,10],[5,7,9],[5,8,9],[5,8,10],[6,7,10],[7,8,10]]

manifold_lex_d2_n10_o1_g1_#480=[[1,2,3],[1,2,4],[1,3,4],[2,3,5],[2,4,6],
 [2,5,7],[2,6,7],[3,4,8],[3,5,6],[3,6,9],[3,7,8],[3,7,9],[4,6,9],
 [4,8,9],[5,6,10],[5,7,9],[5,9,10],[6,7,8],[6,8,10],[8,9,10]]

manifold_lex_d2_n10_o1_g1_#481=[[1,2,3],[1,2,4],[1,3,4],[2,3,5],[2,4,6],
 [2,5,7],[2,6,7],[3,4,8],[3,5,6],[3,6,9],[3,7,8],[3,7,9],[4,6,9],
 [4,8,9],[5,6,10],[5,7,9],[5,9,10],[6,7,10],[7,8,10],[8,9,10]]

manifold_lex_d2_n10_o1_g1_#482=[[1,2,3],[1,2,4],[1,3,4],[2,3,5],[2,4,6],
 [2,5,7],[2,6,7],[3,4,8],[3,5,6],[3,6,9],[3,7,8],[3,7,9],[4,6,9],
 [4,8,9],[5,6,10],[5,7,10],[6,7,8],[6,8,10],[7,9,10],[8,9,10]]

manifold_lex_d2_n10_o1_g1_#483=[[1,2,3],[1,2,4],[1,3,4],[2,3,5],[2,4,6],
 [2,5,7],[2,6,7],[3,4,8],[3,5,6],[3,6,9],[3,7,8],[3,7,9],[4,6,9],
 [4,8,10],[4,9,10],[5,6,8],[5,7,9],[5,8,9],[6,7,8],[8,9,10]]

manifold_lex_d2_n10_o1_g1_#484=[[1,2,3],[1,2,4],[1,3,4],[2,3,5],[2,4,6],
 [2,5,7],[2,6,7],[3,4,8],[3,5,6],[3,6,9],[3,7,8],[3,7,9],[4,6,9],
 [4,8,10],[4,9,10],[5,6,8],[5,7,9],[5,8,10],[5,9,10],[6,7,8]]

manifold_lex_d2_n10_o1_g1_#485=[[1,2,3],[1,2,4],[1,3,4],[2,3,5],[2,4,6],
 [2,5,7],[2,6,7],[3,4,8],[3,5,6],[3,6,9],[3,7,8],[3,7,9],[4,6,9],
 [4,8,10],[4,9,10],[5,6,8],[5,7,10],[5,8,10],[6,7,8],[7,9,10]]

manifold_lex_d2_n10_o1_g1_#486=[[1,2,3],[1,2,4],[1,3,4],[2,3,5],[2,4,6],
 [2,5,7],[2,6,7],[3,4,8],[3,5,6],[3,6,9],[3,7,8],[3,7,9],[4,6,9],
 [4,8,10],[4,9,10],[5,6,10],[5,7,9],[5,9,10],[6,7,8],[6,8,10]]

manifold_lex_d2_n10_o1_g1_#487=[[1,2,3],[1,2,4],[1,3,4],[2,3,5],[2,4,6],
 [2,5,7],[2,6,7],[3,4,8],[3,5,6],[3,6,9],[3,7,8],[3,7,9],[4,6,9],
 [4,8,10],[4,9,10],[5,6,10],[5,7,9],[5,9,10],[6,7,10],[7,8,10]]

manifold_lex_d2_n10_o1_g1_#488=[[1,2,3],[1,2,4],[1,3,4],[2,3,5],[2,4,6],
 [2,5,7],[2,6,7],[3,4,8],[3,5,6],[3,6,9],[3,7,8],[3,7,9],[4,6,9],
 [4,8,10],[4,9,10],[5,6,10],[5,7,10],[6,7,8],[6,8,10],[7,9,10]]

manifold_lex_d2_n10_o1_g1_#489=[[1,2,3],[1,2,4],[1,3,4],[2,3,5],[2,4,6],
 [2,5,7],[2,6,7],[3,4,8],[3,5,6],[3,6,9],[3,7,8],[3,7,9],[4,6,10],
 [4,8,9],[4,9,10],[5,6,8],[5,7,9],[5,8,9],[6,7,8],[6,9,10]]

manifold_lex_d2_n10_o1_g1_#490=[[1,2,3],[1,2,4],[1,3,4],[2,3,5],[2,4,6],
 [2,5,7],[2,6,7],[3,4,8],[3,5,6],[3,6,9],[3,7,8],[3,7,9],[4,6,10],
 [4,8,10],[5,6,8],[5,7,9],[5,8,9],[6,7,8],[6,9,10],[8,9,10]]

manifold_lex_d2_n10_o1_g1_#491=[[1,2,3],[1,2,4],[1,3,4],[2,3,5],[2,4,6],
 [2,5,7],[2,6,7],[3,4,8],[3,5,6],[3,6,9],[3,7,8],[3,7,9],[4,6,10],
 [4,8,10],[5,6,8],[5,7,9],[5,8,10],[5,9,10],[6,7,8],[6,9,10]]

manifold_lex_d2_n10_o1_g1_#492=[[1,2,3],[1,2,4],[1,3,4],[2,3,5],[2,4,6],
 [2,5,7],[2,6,7],[3,4,8],[3,5,6],[3,6,9],[3,7,8],[3,7,9],[4,6,10],
 [4,8,10],[5,6,8],[5,7,10],[5,8,10],[6,7,8],[6,9,10],[7,9,10]]

manifold_lex_d2_n10_o1_g1_#493=[[1,2,3],[1,2,4],[1,3,4],[2,3,5],[2,4,6],
 [2,5,7],[2,6,7],[3,4,8],[3,5,6],[3,6,9],[3,7,8],[3,7,10],[3,9,10],
 [4,5,7],[4,5,8],[4,6,9],[4,7,10],[4,9,10],[5,6,8],[6,7,8]]

manifold_lex_d2_n10_o1_g1_#494=[[1,2,3],[1,2,4],[1,3,4],[2,3,5],[2,4,6],
 [2,5,7],[2,6,7],[3,4,8],[3,5,6],[3,6,9],[3,7,8],[3,7,10],[3,9,10],
 [4,5,8],[4,5,9],[4,6,9],[5,6,8],[5,7,9],[6,7,8],[7,9,10]]

manifold_lex_d2_n10_o1_g1_#495=[[1,2,3],[1,2,4],[1,3,4],[2,3,5],[2,4,6],
 [2,5,7],[2,6,7],[3,4,8],[3,5,6],[3,6,9],[3,7,8],[3,7,10],[3,9,10],
 [4,5,8],[4,5,9],[4,6,9],[5,6,8],[5,7,10],[5,9,10],[6,7,8]]

manifold_lex_d2_n10_o1_g1_#496=[[1,2,3],[1,2,4],[1,3,4],[2,3,5],[2,4,6],
 [2,5,7],[2,6,7],[3,4,8],[3,5,6],[3,6,9],[3,7,8],[3,7,10],[3,9,10],
 [4,5,8],[4,5,10],[4,6,9],[4,9,10],[5,6,8],[5,7,10],[6,7,8]]

manifold_lex_d2_n10_o1_g1_#497=[[1,2,3],[1,2,4],[1,3,4],[2,3,5],[2,4,6],
 [2,5,7],[2,6,7],[3,4,8],[3,5,6],[3,6,9],[3,7,8],[3,7,10],[3,9,10],
 [4,6,9],[4,8,9],[5,6,8],[5,7,9],[5,8,9],[6,7,8],[7,9,10]]

manifold_lex_d2_n10_o1_g1_#498=[[1,2,3],[1,2,4],[1,3,4],[2,3,5],[2,4,6],
 [2,5,7],[2,6,7],[3,4,8],[3,5,6],[3,6,9],[3,7,8],[3,7,10],[3,9,10],
 [4,6,9],[4,8,9],[5,6,8],[5,7,10],[5,8,9],[5,9,10],[6,7,8]]

manifold_lex_d2_n10_o1_g1_#499=[[1,2,3],[1,2,4],[1,3,4],[2,3,5],[2,4,6],
 [2,5,7],[2,6,7],[3,4,8],[3,5,6],[3,6,9],[3,7,8],[3,7,10],[3,9,10],
 [4,6,9],[4,8,9],[5,6,8],[5,7,10],[5,8,10],[6,7,8],[8,9,10]]

manifold_lex_d2_n10_o1_g1_#500=[[1,2,3],[1,2,4],[1,3,4],[2,3,5],[2,4,6],
 [2,5,7],[2,6,7],[3,4,8],[3,5,6],[3,6,9],[3,7,8],[3,7,10],[3,9,10],
 [4,6,9],[4,8,9],[5,6,10],[5,7,10],[6,7,8],[6,8,10],[8,9,10]]

manifold_lex_d2_n10_o1_g1_#501=[[1,2,3],[1,2,4],[1,3,4],[2,3,5],[2,4,6],
 [2,5,7],[2,6,7],[3,4,8],[3,5,6],[3,6,9],[3,7,8],[3,7,10],[3,9,10],
 [4,6,9],[4,8,10],[4,9,10],[5,6,8],[5,7,10],[5,8,10],[6,7,8]]

manifold_lex_d2_n10_o1_g1_#502=[[1,2,3],[1,2,4],[1,3,4],[2,3,5],[2,4,6],
 [2,5,7],[2,6,7],[3,4,8],[3,5,6],[3,6,9],[3,7,8],[3,7,10],[3,9,10],
 [4,6,9],[4,8,10],[4,9,10],[5,6,10],[5,7,10],[6,7,8],[6,8,10]]

manifold_lex_d2_n10_o1_g1_#503=[[1,2,3],[1,2,4],[1,3,4],[2,3,5],[2,4,6],
 [2,5,7],[2,6,7],[3,4,8],[3,5,6],[3,6,9],[3,7,8],[3,7,10],[3,9,10],
 [4,6,10],[4,8,10],[5,6,8],[5,7,10],[5,8,10],[6,7,8],[6,9,10]]

manifold_lex_d2_n10_o1_g1_#504=[[1,2,3],[1,2,4],[1,3,4],[2,3,5],[2,4,6],
 [2,5,7],[2,6,7],[3,4,8],[3,5,6],[3,6,9],[3,7,9],[3,7,10],[3,8,10],
 [4,5,7],[4,5,8],[4,6,9],[4,7,9],[5,6,8],[6,7,8],[7,8,10]]

manifold_lex_d2_n10_o1_g1_#505=[[1,2,3],[1,2,4],[1,3,4],[2,3,5],[2,4,6],
 [2,5,7],[2,6,7],[3,4,8],[3,5,6],[3,6,9],[3,7,9],[3,7,10],[3,8,10],
 [4,5,7],[4,5,8],[4,6,9],[4,7,9],[5,6,8],[6,7,10],[6,8,10]]

manifold_lex_d2_n10_o1_g1_#506=[[1,2,3],[1,2,4],[1,3,4],[2,3,5],[2,4,6],
 [2,5,7],[2,6,7],[3,4,8],[3,5,6],[3,6,9],[3,7,9],[3,7,10],[3,8,10],
 [4,5,7],[4,5,8],[4,6,9],[4,7,9],[5,6,10],[5,8,10],[6,7,10]]

manifold_lex_d2_n10_o1_g1_#507=[[1,2,3],[1,2,4],[1,3,4],[2,3,5],[2,4,6],
 [2,5,7],[2,6,7],[3,4,8],[3,5,6],[3,6,9],[3,7,9],[3,7,10],[3,8,10],
 [4,5,7],[4,5,10],[4,6,9],[4,7,9],[4,8,10],[5,6,10],[6,7,10]]

manifold_lex_d2_n10_o1_g1_#508=[[1,2,3],[1,2,4],[1,3,4],[2,3,5],[2,4,6],
 [2,5,7],[2,6,7],[3,4,8],[3,5,6],[3,6,9],[3,7,9],[3,7,10],[3,8,10],
 [4,5,8],[4,5,9],[4,6,9],[5,6,8],[5,7,9],[6,7,8],[7,8,10]]

manifold_lex_d2_n10_o1_g1_#509=[[1,2,3],[1,2,4],[1,3,4],[2,3,5],[2,4,6],
 [2,5,7],[2,6,7],[3,4,8],[3,5,6],[3,6,9],[3,7,9],[3,7,10],[3,8,10],
 [4,5,8],[4,5,9],[4,6,9],[5,6,8],[5,7,9],[6,7,10],[6,8,10]]

manifold_lex_d2_n10_o1_g1_#510=[[1,2,3],[1,2,4],[1,3,4],[2,3,5],[2,4,6],
 [2,5,7],[2,6,7],[3,4,8],[3,5,6],[3,6,9],[3,7,9],[3,7,10],[3,8,10],
 [4,5,8],[4,5,9],[4,6,9],[5,6,10],[5,7,9],[5,8,10],[6,7,10]]

manifold_lex_d2_n10_o1_g1_#511=[[1,2,3],[1,2,4],[1,3,4],[2,3,5],[2,4,6],
 [2,5,7],[2,6,7],[3,4,8],[3,5,6],[3,6,9],[3,7,9],[3,7,10],[3,8,10],
 [4,5,9],[4,5,10],[4,6,9],[4,8,10],[5,6,10],[5,7,9],[6,7,10]]

manifold_lex_d2_n10_o1_g1_#512=[[1,2,3],[1,2,4],[1,3,4],[2,3,5],[2,4,6],
 [2,5,7],[2,6,7],[3,4,8],[3,5,6],[3,6,9],[3,7,9],[3,7,10],[3,8,10],
 [4,6,9],[4,7,8],[4,7,9],[5,6,8],[5,7,8],[6,7,10],[6,8,10]]

manifold_lex_d2_n10_o1_g1_#513=[[1,2,3],[1,2,4],[1,3,4],[2,3,5],[2,4,6],
 [2,5,7],[2,6,7],[3,4,8],[3,5,6],[3,6,9],[3,7,9],[3,7,10],[3,8,10],
 [4,6,9],[4,7,8],[4,7,9],[5,6,10],[5,7,8],[5,8,10],[6,7,10]]

manifold_lex_d2_n10_o1_g1_#514=[[1,2,3],[1,2,4],[1,3,4],[2,3,5],[2,4,6],
 [2,5,7],[2,6,7],[3,4,8],[3,5,6],[3,6,9],[3,7,9],[3,7,10],[3,8,10],
 [4,6,9],[4,8,9],[5,6,8],[5,7,8],[6,7,10],[6,8,10],[7,8,9]]

manifold_lex_d2_n10_o1_g1_#515=[[1,2,3],[1,2,4],[1,3,4],[2,3,5],[2,4,6],
 [2,5,7],[2,6,7],[3,4,8],[3,5,6],[3,6,9],[3,7,9],[3,7,10],[3,8,10],
 [4,6,9],[4,8,9],[5,6,8],[5,7,9],[5,8,9],[6,7,8],[7,8,10]]

manifold_lex_d2_n10_o1_g1_#516=[[1,2,3],[1,2,4],[1,3,4],[2,3,5],[2,4,6],
 [2,5,7],[2,6,7],[3,4,8],[3,5,6],[3,6,9],[3,7,9],[3,7,10],[3,8,10],
 [4,6,9],[4,8,9],[5,6,8],[5,7,9],[5,8,9],[6,7,10],[6,8,10]]

manifold_lex_d2_n10_o1_g1_#517=[[1,2,3],[1,2,4],[1,3,4],[2,3,5],[2,4,6],
 [2,5,7],[2,6,7],[3,4,8],[3,5,6],[3,6,9],[3,7,9],[3,7,10],[3,8,10],
 [4,6,9],[4,8,9],[5,6,10],[5,7,8],[5,8,10],[6,7,10],[7,8,9]]

manifold_lex_d2_n10_o1_g1_#518=[[1,2,3],[1,2,4],[1,3,4],[2,3,5],[2,4,6],
 [2,5,7],[2,6,7],[3,4,8],[3,5,6],[3,6,9],[3,7,9],[3,7,10],[3,8,10],
 [4,6,9],[4,8,9],[5,6,10],[5,7,9],[5,8,9],[5,8,10],[6,7,10]]

manifold_lex_d2_n10_o1_g1_#519=[[1,2,3],[1,2,4],[1,3,4],[2,3,5],[2,4,6],
 [2,5,7],[2,6,7],[3,4,8],[3,5,6],[3,6,9],[3,7,9],[3,7,10],[3,8,10],
 [4,6,9],[4,8,9],[5,6,10],[5,7,9],[5,9,10],[6,7,10],[8,9,10]]

manifold_lex_d2_n10_o1_g1_#520=[[1,2,3],[1,2,4],[1,3,4],[2,3,5],[2,4,6],
 [2,5,7],[2,6,7],[3,4,8],[3,5,6],[3,6,9],[3,7,9],[3,7,10],[3,8,10],
 [4,6,9],[4,8,10],[4,9,10],[5,6,10],[5,7,9],[5,9,10],[6,7,10]]

manifold_lex_d2_n10_o1_g1_#521=[[1,2,3],[1,2,4],[1,3,4],[2,3,5],[2,4,6],
 [2,5,7],[2,6,7],[3,4,8],[3,5,6],[3,6,9],[3,8,9],[4,5,7],[4,5,8],
 [4,6,9],[4,7,9],[5,6,8],[6,7,10],[6,8,10],[7,8,9],[7,8,10]]

manifold_lex_d2_n10_o1_g1_#522=[[1,2,3],[1,2,4],[1,3,4],[2,3,5],[2,4,6],
 [2,5,7],[2,6,7],[3,4,8],[3,5,6],[3,6,9],[3,8,9],[4,5,7],[4,5,8],
 [4,6,9],[4,7,9],[5,6,8],[6,7,10],[6,8,10],[7,9,10],[8,9,10]]

manifold_lex_d2_n10_o1_g1_#523=[[1,2,3],[1,2,4],[1,3,4],[2,3,5],[2,4,6],
 [2,5,7],[2,6,7],[3,4,8],[3,5,6],[3,6,9],[3,8,9],[4,5,7],[4,5,8],
 [4,6,9],[4,7,9],[5,6,10],[5,8,9],[5,9,10],[6,7,10],[7,9,10]]

manifold_lex_d2_n10_o1_g1_#524=[[1,2,3],[1,2,4],[1,3,4],[2,3,5],[2,4,6],
 [2,5,7],[2,6,7],[3,4,8],[3,5,6],[3,6,9],[3,8,9],[4,5,7],[4,5,8],
 [4,6,9],[4,7,9],[5,6,10],[5,8,10],[6,7,8],[6,8,10],[7,8,9]]

manifold_lex_d2_n10_o1_g1_#525=[[1,2,3],[1,2,4],[1,3,4],[2,3,5],[2,4,6],
 [2,5,7],[2,6,7],[3,4,8],[3,5,6],[3,6,9],[3,8,9],[4,5,7],[4,5,8],
 [4,6,9],[4,7,9],[5,6,10],[5,8,10],[6,7,10],[7,8,9],[7,8,10]]

manifold_lex_d2_n10_o1_g1_#526=[[1,2,3],[1,2,4],[1,3,4],[2,3,5],[2,4,6],
 [2,5,7],[2,6,7],[3,4,8],[3,5,6],[3,6,9],[3,8,9],[4,5,7],[4,5,8],
 [4,6,9],[4,7,9],[5,6,10],[5,8,10],[6,7,10],[7,9,10],[8,9,10]]

manifold_lex_d2_n10_o1_g1_#527=[[1,2,3],[1,2,4],[1,3,4],[2,3,5],[2,4,6],
 [2,5,7],[2,6,7],[3,4,8],[3,5,6],[3,6,9],[3,8,9],[4,5,7],[4,5,8],
 [4,6,9],[4,7,10],[4,9,10],[5,6,8],[6,7,8],[7,8,9],[7,9,10]]

manifold_lex_d2_n10_o1_g1_#528=[[1,2,3],[1,2,4],[1,3,4],[2,3,5],[2,4,6],
 [2,5,7],[2,6,7],[3,4,8],[3,5,6],[3,6,9],[3,8,9],[4,5,7],[4,5,8],
 [4,6,9],[4,7,10],[4,9,10],[5,6,8],[6,7,8],[7,8,10],[8,9,10]]

manifold_lex_d2_n10_o1_g1_#529=[[1,2,3],[1,2,4],[1,3,4],[2,3,5],[2,4,6],
 [2,5,7],[2,6,7],[3,4,8],[3,5,6],[3,6,9],[3,8,9],[4,5,7],[4,5,8],
 [4,6,9],[4,7,10],[4,9,10],[5,6,8],[6,7,10],[6,8,10],[8,9,10]]

manifold_lex_d2_n10_o1_g1_#530=[[1,2,3],[1,2,4],[1,3,4],[2,3,5],[2,4,6],
 [2,5,7],[2,6,7],[3,4,8],[3,5,6],[3,6,9],[3,8,9],[4,5,7],[4,5,8],
 [4,6,9],[4,7,10],[4,9,10],[5,6,10],[5,8,9],[5,9,10],[6,7,10]]

manifold_lex_d2_n10_o1_g1_#531=[[1,2,3],[1,2,4],[1,3,4],[2,3,5],[2,4,6],
 [2,5,7],[2,6,7],[3,4,8],[3,5,6],[3,6,9],[3,8,9],[4,5,7],[4,5,8],
 [4,6,9],[4,7,10],[4,9,10],[5,6,10],[5,8,10],[6,7,10],[8,9,10]]

manifold_lex_d2_n10_o1_g1_#532=[[1,2,3],[1,2,4],[1,3,4],[2,3,5],[2,4,6],
 [2,5,7],[2,6,7],[3,4,8],[3,5,6],[3,6,9],[3,8,9],[4,5,7],[4,5,8],
 [4,6,10],[4,7,9],[4,9,10],[5,6,8],[6,7,8],[6,9,10],[7,8,9]]

manifold_lex_d2_n10_o1_g1_#533=[[1,2,3],[1,2,4],[1,3,4],[2,3,5],[2,4,6],
 [2,5,7],[2,6,7],[3,4,8],[3,5,6],[3,6,9],[3,8,9],[4,5,7],[4,5,8],
 [4,6,10],[4,7,10],[5,6,8],[6,7,8],[6,9,10],[7,8,9],[7,9,10]]

manifold_lex_d2_n10_o1_g1_#534=[[1,2,3],[1,2,4],[1,3,4],[2,3,5],[2,4,6],
 [2,5,7],[2,6,7],[3,4,8],[3,5,6],[3,6,9],[3,8,9],[4,5,7],[4,5,8],
 [4,6,10],[4,7,10],[5,6,8],[6,7,8],[6,9,10],[7,8,10],[8,9,10]]

manifold_lex_d2_n10_o1_g1_#535=[[1,2,3],[1,2,4],[1,3,4],[2,3,5],[2,4,6],
 [2,5,7],[2,6,7],[3,4,8],[3,5,6],[3,6,9],[3,8,9],[4,5,7],[4,5,10],
 [4,6,9],[4,7,9],[4,8,10],[5,6,8],[5,8,10],[6,7,8],[7,8,9]]

manifold_lex_d2_n10_o1_g1_#536=[[1,2,3],[1,2,4],[1,3,4],[2,3,5],[2,4,6],
 [2,5,7],[2,6,7],[3,4,8],[3,5,6],[3,6,9],[3,8,9],[4,5,7],[4,5,10],
 [4,6,9],[4,7,9],[4,8,10],[5,6,10],[6,7,8],[6,8,10],[7,8,9]]

manifold_lex_d2_n10_o1_g1_#537=[[1,2,3],[1,2,4],[1,3,4],[2,3,5],[2,4,6],
 [2,5,7],[2,6,7],[3,4,8],[3,5,6],[3,6,9],[3,8,9],[4,5,7],[4,5,10],
 [4,6,9],[4,7,9],[4,8,10],[5,6,10],[6,7,10],[7,8,9],[7,8,10]]

manifold_lex_d2_n10_o1_g1_#538=[[1,2,3],[1,2,4],[1,3,4],[2,3,5],[2,4,6],
 [2,5,7],[2,6,7],[3,4,8],[3,5,6],[3,6,9],[3,8,9],[4,5,7],[4,5,10],
 [4,6,9],[4,7,9],[4,8,10],[5,6,10],[6,7,10],[7,9,10],[8,9,10]]

manifold_lex_d2_n10_o1_g1_#539=[[1,2,3],[1,2,4],[1,3,4],[2,3,5],[2,4,6],
 [2,5,7],[2,6,7],[3,4,8],[3,5,6],[3,6,9],[3,8,9],[4,5,8],[4,5,9],
 [4,6,9],[5,6,8],[5,7,9],[6,7,8],[7,8,10],[7,9,10],[8,9,10]]

manifold_lex_d2_n10_o1_g1_#540=[[1,2,3],[1,2,4],[1,3,4],[2,3,5],[2,4,6],
 [2,5,7],[2,6,7],[3,4,8],[3,5,6],[3,6,9],[3,8,9],[4,5,8],[4,5,9],
 [4,6,9],[5,6,8],[5,7,9],[6,7,10],[6,8,10],[7,9,10],[8,9,10]]

manifold_lex_d2_n10_o1_g1_#541=[[1,2,3],[1,2,4],[1,3,4],[2,3,5],[2,4,6],
 [2,5,7],[2,6,7],[3,4,8],[3,5,6],[3,6,9],[3,8,9],[4,5,8],[4,5,9],
 [4,6,9],[5,6,8],[5,7,10],[5,9,10],[6,7,8],[7,8,9],[7,9,10]]

manifold_lex_d2_n10_o1_g1_#542=[[1,2,3],[1,2,4],[1,3,4],[2,3,5],[2,4,6],
 [2,5,7],[2,6,7],[3,4,8],[3,5,6],[3,6,9],[3,8,9],[4,5,8],[4,5,9],
 [4,6,9],[5,6,8],[5,7,10],[5,9,10],[6,7,8],[7,8,10],[8,9,10]]

manifold_lex_d2_n10_o1_g1_#543=[[1,2,3],[1,2,4],[1,3,4],[2,3,5],[2,4,6],
 [2,5,7],[2,6,7],[3,4,8],[3,5,6],[3,6,9],[3,8,9],[4,5,8],[4,5,9],
 [4,6,9],[5,6,8],[5,7,10],[5,9,10],[6,7,10],[6,8,10],[8,9,10]]

manifold_lex_d2_n10_o1_g1_#544=[[1,2,3],[1,2,4],[1,3,4],[2,3,5],[2,4,6],
 [2,5,7],[2,6,7],[3,4,8],[3,5,6],[3,6,9],[3,8,9],[4,5,8],[4,5,9],
 [4,6,9],[5,6,10],[5,7,9],[5,8,10],[6,7,8],[6,8,10],[7,8,9]]

manifold_lex_d2_n10_o1_g1_#545=[[1,2,3],[1,2,4],[1,3,4],[2,3,5],[2,4,6],
 [2,5,7],[2,6,7],[3,4,8],[3,5,6],[3,6,9],[3,8,9],[4,5,8],[4,5,9],
 [4,6,9],[5,6,10],[5,7,9],[5,8,10],[6,7,10],[7,8,9],[7,8,10]]

manifold_lex_d2_n10_o1_g1_#546=[[1,2,3],[1,2,4],[1,3,4],[2,3,5],[2,4,6],
 [2,5,7],[2,6,7],[3,4,8],[3,5,6],[3,6,9],[3,8,9],[4,5,8],[4,5,9],
 [4,6,9],[5,6,10],[5,7,9],[5,8,10],[6,7,10],[7,9,10],[8,9,10]]

manifold_lex_d2_n10_o1_g1_#547=[[1,2,3],[1,2,4],[1,3,4],[2,3,5],[2,4,6],
 [2,5,7],[2,6,7],[3,4,8],[3,5,6],[3,6,9],[3,8,9],[4,5,8],[4,5,9],
 [4,6,10],[4,9,10],[5,6,8],[5,7,9],[6,7,8],[6,9,10],[7,8,9]]

manifold_lex_d2_n10_o1_g1_#548=[[1,2,3],[1,2,4],[1,3,4],[2,3,5],[2,4,6],
 [2,5,7],[2,6,7],[3,4,8],[3,5,6],[3,6,9],[3,8,9],[4,5,8],[4,5,10],
 [4,6,9],[4,7,9],[4,7,10],[5,6,8],[5,7,10],[6,7,8],[7,8,9]]

manifold_lex_d2_n10_o1_g1_#549=[[1,2,3],[1,2,4],[1,3,4],[2,3,5],[2,4,6],
 [2,5,7],[2,6,7],[3,4,8],[3,5,6],[3,6,9],[3,8,9],[4,5,8],[4,5,10],
 [4,6,9],[4,9,10],[5,6,8],[5,7,9],[5,9,10],[6,7,8],[7,8,9]]

manifold_lex_d2_n10_o1_g1_#550=[[1,2,3],[1,2,4],[1,3,4],[2,3,5],[2,4,6],
 [2,5,7],[2,6,7],[3,4,8],[3,5,6],[3,6,9],[3,8,9],[4,5,8],[4,5,10],
 [4,6,9],[4,9,10],[5,6,8],[5,7,10],[6,7,8],[7,8,9],[7,9,10]]

manifold_lex_d2_n10_o1_g1_#551=[[1,2,3],[1,2,4],[1,3,4],[2,3,5],[2,4,6],
 [2,5,7],[2,6,7],[3,4,8],[3,5,6],[3,6,9],[3,8,9],[4,5,8],[4,5,10],
 [4,6,9],[4,9,10],[5,6,8],[5,7,10],[6,7,8],[7,8,10],[8,9,10]]

manifold_lex_d2_n10_o1_g1_#552=[[1,2,3],[1,2,4],[1,3,4],[2,3,5],[2,4,6],
 [2,5,7],[2,6,7],[3,4,8],[3,5,6],[3,6,9],[3,8,9],[4,5,8],[4,5,10],
 [4,6,9],[4,9,10],[5,6,8],[5,7,10],[6,7,10],[6,8,10],[8,9,10]]

manifold_lex_d2_n10_o1_g1_#553=[[1,2,3],[1,2,4],[1,3,4],[2,3,5],[2,4,6],
 [2,5,7],[2,6,7],[3,4,8],[3,5,6],[3,6,9],[3,8,9],[4,5,8],[4,5,10],
 [4,6,10],[5,6,8],[5,7,9],[5,9,10],[6,7,8],[6,9,10],[7,8,9]]

manifold_lex_d2_n10_o1_g1_#554=[[1,2,3],[1,2,4],[1,3,4],[2,3,5],[2,4,6],
 [2,5,7],[2,6,7],[3,4,8],[3,5,6],[3,6,9],[3,8,9],[4,5,8],[4,5,10],
 [4,6,10],[5,6,8],[5,7,10],[6,7,8],[6,9,10],[7,8,9],[7,9,10]]

manifold_lex_d2_n10_o1_g1_#555=[[1,2,3],[1,2,4],[1,3,4],[2,3,5],[2,4,6],
 [2,5,7],[2,6,7],[3,4,8],[3,5,6],[3,6,9],[3,8,9],[4,5,8],[4,5,10],
 [4,6,10],[5,6,8],[5,7,10],[6,7,8],[6,9,10],[7,8,10],[8,9,10]]

manifold_lex_d2_n10_o1_g1_#556=[[1,2,3],[1,2,4],[1,3,4],[2,3,5],[2,4,6],
 [2,5,7],[2,6,7],[3,4,8],[3,5,6],[3,6,9],[3,8,9],[4,5,9],[4,5,10],
 [4,6,9],[4,7,8],[4,7,10],[5,6,10],[5,7,8],[5,8,9],[6,7,10]]

manifold_lex_d2_n10_o1_g1_#557=[[1,2,3],[1,2,4],[1,3,4],[2,3,5],[2,4,6],
 [2,5,7],[2,6,7],[3,4,8],[3,5,6],[3,6,9],[3,8,9],[4,5,9],[4,5,10],
 [4,6,9],[4,7,8],[4,7,10],[5,6,10],[5,7,9],[6,7,10],[7,8,9]]

manifold_lex_d2_n10_o1_g1_#558=[[1,2,3],[1,2,4],[1,3,4],[2,3,5],[2,4,6],
 [2,5,7],[2,6,7],[3,4,8],[3,5,6],[3,6,9],[3,8,9],[4,5,9],[4,5,10],
 [4,6,9],[4,8,10],[5,6,8],[5,7,9],[5,8,10],[6,7,8],[7,8,9]]

manifold_lex_d2_n10_o1_g1_#559=[[1,2,3],[1,2,4],[1,3,4],[2,3,5],[2,4,6],
 [2,5,7],[2,6,7],[3,4,8],[3,5,6],[3,6,9],[3,8,9],[4,5,9],[4,5,10],
 [4,6,9],[4,8,10],[5,6,10],[5,7,8],[5,8,9],[6,7,8],[6,8,10]]

manifold_lex_d2_n10_o1_g1_#560=[[1,2,3],[1,2,4],[1,3,4],[2,3,5],[2,4,6],
 [2,5,7],[2,6,7],[3,4,8],[3,5,6],[3,6,9],[3,8,9],[4,5,9],[4,5,10],
 [4,6,9],[4,8,10],[5,6,10],[5,7,8],[5,8,9],[6,7,10],[7,8,10]]

manifold_lex_d2_n10_o1_g1_#561=[[1,2,3],[1,2,4],[1,3,4],[2,3,5],[2,4,6],
 [2,5,7],[2,6,7],[3,4,8],[3,5,6],[3,6,9],[3,8,9],[4,5,9],[4,5,10],
 [4,6,9],[4,8,10],[5,6,10],[5,7,9],[6,7,8],[6,8,10],[7,8,9]]

manifold_lex_d2_n10_o1_g1_#562=[[1,2,3],[1,2,4],[1,3,4],[2,3,5],[2,4,6],
 [2,5,7],[2,6,7],[3,4,8],[3,5,6],[3,6,9],[3,8,9],[4,5,9],[4,5,10],
 [4,6,9],[4,8,10],[5,6,10],[5,7,9],[6,7,10],[7,8,9],[7,8,10]]

manifold_lex_d2_n10_o1_g1_#563=[[1,2,3],[1,2,4],[1,3,4],[2,3,5],[2,4,6],
 [2,5,7],[2,6,7],[3,4,8],[3,5,6],[3,6,9],[3,8,9],[4,5,9],[4,5,10],
 [4,6,9],[4,8,10],[5,6,10],[5,7,9],[6,7,10],[7,9,10],[8,9,10]]

manifold_lex_d2_n10_o1_g1_#564=[[1,2,3],[1,2,4],[1,3,4],[2,3,5],[2,4,6],
 [2,5,7],[2,6,7],[3,4,8],[3,5,6],[3,6,9],[3,8,9],[4,6,9],[4,7,8],
 [4,7,9],[5,6,8],[5,7,8],[6,7,10],[6,8,10],[7,9,10],[8,9,10]]

manifold_lex_d2_n10_o1_g1_#565=[[1,2,3],[1,2,4],[1,3,4],[2,3,5],[2,4,6],
 [2,5,7],[2,6,7],[3,4,8],[3,5,6],[3,6,9],[3,8,9],[4,6,9],[4,7,8],
 [4,7,9],[5,6,10],[5,7,8],[5,8,9],[5,9,10],[6,7,10],[7,9,10]]

manifold_lex_d2_n10_o1_g1_#566=[[1,2,3],[1,2,4],[1,3,4],[2,3,5],[2,4,6],
 [2,5,7],[2,6,7],[3,4,8],[3,5,6],[3,6,9],[3,8,9],[4,6,9],[4,7,8],
 [4,7,9],[5,6,10],[5,7,8],[5,8,10],[6,7,10],[7,9,10],[8,9,10]]

manifold_lex_d2_n10_o1_g1_#567=[[1,2,3],[1,2,4],[1,3,4],[2,3,5],[2,4,6],
 [2,5,7],[2,6,7],[3,4,8],[3,5,6],[3,6,9],[3,8,9],[4,6,9],[4,7,8],
 [4,7,10],[4,9,10],[5,6,8],[5,7,8],[6,7,10],[6,8,10],[8,9,10]]

manifold_lex_d2_n10_o1_g1_#568=[[1,2,3],[1,2,4],[1,3,4],[2,3,5],[2,4,6],
 [2,5,7],[2,6,7],[3,4,8],[3,5,6],[3,6,9],[3,8,9],[4,6,9],[4,7,8],
 [4,7,10],[4,9,10],[5,6,10],[5,7,8],[5,8,9],[5,9,10],[6,7,10]]

manifold_lex_d2_n10_o1_g1_#569=[[1,2,3],[1,2,4],[1,3,4],[2,3,5],[2,4,6],
 [2,5,7],[2,6,7],[3,4,8],[3,5,6],[3,6,9],[3,8,9],[4,6,9],[4,7,8],
 [4,7,10],[4,9,10],[5,6,10],[5,7,8],[5,8,10],[6,7,10],[8,9,10]]

manifold_lex_d2_n10_o1_g1_#570=[[1,2,3],[1,2,4],[1,3,4],[2,3,5],[2,4,6],
 [2,5,7],[2,6,7],[3,4,8],[3,5,6],[3,6,9],[3,8,9],[4,6,9],[4,7,8],
 [4,7,10],[4,9,10],[5,6,10],[5,7,9],[5,9,10],[6,7,10],[7,8,9]]

manifold_lex_d2_n10_o1_g1_#571=[[1,2,3],[1,2,4],[1,3,4],[2,3,5],[2,4,6],
 [2,5,7],[2,6,7],[3,4,8],[3,5,6],[3,6,9],[3,8,9],[4,6,9],[4,7,9],
 [4,7,10],[4,8,10],[5,6,8],[5,7,10],[5,8,10],[6,7,8],[7,8,9]]

manifold_lex_d2_n10_o1_g1_#572=[[1,2,3],[1,2,4],[1,3,4],[2,3,5],[2,4,6],
 [2,5,7],[2,6,7],[3,4,8],[3,5,6],[3,6,9],[3,8,9],[4,6,9],[4,7,9],
 [4,7,10],[4,8,10],[5,6,10],[5,7,10],[6,7,8],[6,8,10],[7,8,9]]

manifold_lex_d2_n10_o1_g1_#573=[[1,2,3],[1,2,4],[1,3,4],[2,3,5],[2,4,6],
 [2,5,7],[2,6,7],[3,4,8],[3,5,6],[3,6,9],[3,8,9],[4,6,9],[4,8,10],
 [4,9,10],[5,6,8],[5,7,9],[5,8,10],[5,9,10],[6,7,8],[7,8,9]]

manifold_lex_d2_n10_o1_g1_#574=[[1,2,3],[1,2,4],[1,3,4],[2,3,5],[2,4,6],
 [2,5,7],[2,6,7],[3,4,8],[3,5,6],[3,6,9],[3,8,9],[4,6,9],[4,8,10],
 [4,9,10],[5,6,8],[5,7,10],[5,8,10],[6,7,8],[7,8,9],[7,9,10]]

manifold_lex_d2_n10_o1_g1_#575=[[1,2,3],[1,2,4],[1,3,4],[2,3,5],[2,4,6],
 [2,5,7],[2,6,7],[3,4,8],[3,5,6],[3,6,9],[3,8,9],[4,6,9],[4,8,10],
 [4,9,10],[5,6,10],[5,7,8],[5,8,9],[5,9,10],[6,7,8],[6,8,10]]

manifold_lex_d2_n10_o1_g1_#576=[[1,2,3],[1,2,4],[1,3,4],[2,3,5],[2,4,6],
 [2,5,7],[2,6,7],[3,4,8],[3,5,6],[3,6,9],[3,8,9],[4,6,9],[4,8,10],
 [4,9,10],[5,6,10],[5,7,8],[5,8,9],[5,9,10],[6,7,10],[7,8,10]]

manifold_lex_d2_n10_o1_g1_#577=[[1,2,3],[1,2,4],[1,3,4],[2,3,5],[2,4,6],
 [2,5,7],[2,6,7],[3,4,8],[3,5,6],[3,6,9],[3,8,9],[4,6,9],[4,8,10],
 [4,9,10],[5,6,10],[5,7,9],[5,9,10],[6,7,8],[6,8,10],[7,8,9]]

manifold_lex_d2_n10_o1_g1_#578=[[1,2,3],[1,2,4],[1,3,4],[2,3,5],[2,4,6],
 [2,5,7],[2,6,7],[3,4,8],[3,5,6],[3,6,9],[3,8,9],[4,6,9],[4,8,10],
 [4,9,10],[5,6,10],[5,7,9],[5,9,10],[6,7,10],[7,8,9],[7,8,10]]

manifold_lex_d2_n10_o1_g1_#579=[[1,2,3],[1,2,4],[1,3,4],[2,3,5],[2,4,6],
 [2,5,7],[2,6,7],[3,4,8],[3,5,6],[3,6,9],[3,8,9],[4,6,9],[4,8,10],
 [4,9,10],[5,6,10],[5,7,10],[6,7,8],[6,8,10],[7,8,9],[7,9,10]]

manifold_lex_d2_n10_o1_g1_#580=[[1,2,3],[1,2,4],[1,3,4],[2,3,5],[2,4,6],
 [2,5,7],[2,6,7],[3,4,8],[3,5,6],[3,6,9],[3,8,9],[4,6,10],[4,8,10],
 [5,6,8],[5,7,9],[5,8,10],[5,9,10],[6,7,8],[6,9,10],[7,8,9]]

manifold_lex_d2_n10_o1_g1_#581=[[1,2,3],[1,2,4],[1,3,4],[2,3,5],[2,4,6],
 [2,5,7],[2,6,7],[3,4,8],[3,5,6],[3,6,9],[3,8,9],[4,6,10],[4,8,10],
 [5,6,8],[5,7,10],[5,8,10],[6,7,8],[6,9,10],[7,8,9],[7,9,10]]

manifold_lex_d2_n10_o1_g1_#582=[[1,2,3],[1,2,4],[1,3,4],[2,3,5],[2,4,6],
 [2,5,7],[2,6,7],[3,4,8],[3,5,6],[3,6,9],[3,8,10],[3,9,10],[4,5,7],
 [4,5,8],[4,6,9],[4,7,9],[5,6,8],[6,7,8],[7,8,10],[7,9,10]]

manifold_lex_d2_n10_o1_g1_#583=[[1,2,3],[1,2,4],[1,3,4],[2,3,5],[2,4,6],
 [2,5,7],[2,6,7],[3,4,8],[3,5,6],[3,6,9],[3,8,10],[3,9,10],[4,5,7],
 [4,5,8],[4,6,9],[4,7,9],[5,6,8],[6,7,10],[6,8,10],[7,9,10]]

manifold_lex_d2_n10_o1_g1_#584=[[1,2,3],[1,2,4],[1,3,4],[2,3,5],[2,4,6],
 [2,5,7],[2,6,7],[3,4,8],[3,5,6],[3,6,9],[3,8,10],[3,9,10],[4,5,7],
 [4,5,8],[4,6,9],[4,7,9],[5,6,10],[5,8,10],[6,7,10],[7,9,10]]

manifold_lex_d2_n10_o1_g1_#585=[[1,2,3],[1,2,4],[1,3,4],[2,3,5],[2,4,6],
 [2,5,7],[2,6,7],[3,4,8],[3,5,6],[3,6,9],[3,8,10],[3,9,10],[4,5,7],
 [4,5,8],[4,6,9],[4,7,10],[4,9,10],[5,6,8],[6,7,8],[7,8,10]]

manifold_lex_d2_n10_o1_g1_#586=[[1,2,3],[1,2,4],[1,3,4],[2,3,5],[2,4,6],
 [2,5,7],[2,6,7],[3,4,8],[3,5,6],[3,6,9],[3,8,10],[3,9,10],[4,5,7],
 [4,5,8],[4,6,9],[4,7,10],[4,9,10],[5,6,8],[6,7,10],[6,8,10]]

manifold_lex_d2_n10_o1_g1_#587=[[1,2,3],[1,2,4],[1,3,4],[2,3,5],[2,4,6],
 [2,5,7],[2,6,7],[3,4,8],[3,5,6],[3,6,9],[3,8,10],[3,9,10],[4,5,7],
 [4,5,8],[4,6,9],[4,7,10],[4,9,10],[5,6,10],[5,8,10],[6,7,10]]

manifold_lex_d2_n10_o1_g1_#588=[[1,2,3],[1,2,4],[1,3,4],[2,3,5],[2,4,6],
 [2,5,7],[2,6,7],[3,4,8],[3,5,6],[3,6,9],[3,8,10],[3,9,10],[4,5,7],
 [4,5,8],[4,6,10],[4,7,10],[5,6,8],[6,7,8],[6,9,10],[7,8,10]]

manifold_lex_d2_n10_o1_g1_#589=[[1,2,3],[1,2,4],[1,3,4],[2,3,5],[2,4,6],
 [2,5,7],[2,6,7],[3,4,8],[3,5,6],[3,6,9],[3,8,10],[3,9,10],[4,5,7],
 [4,5,10],[4,6,9],[4,7,9],[4,8,10],[5,6,10],[6,7,10],[7,9,10]]

manifold_lex_d2_n10_o1_g1_#590=[[1,2,3],[1,2,4],[1,3,4],[2,3,5],[2,4,6],
 [2,5,7],[2,6,7],[3,4,8],[3,5,6],[3,6,9],[3,8,10],[3,9,10],[4,5,8],
 [4,5,9],[4,6,9],[5,6,8],[5,7,9],[6,7,8],[7,8,9],[8,9,10]]

manifold_lex_d2_n10_o1_g1_#591=[[1,2,3],[1,2,4],[1,3,4],[2,3,5],[2,4,6],
 [2,5,7],[2,6,7],[3,4,8],[3,5,6],[3,6,9],[3,8,10],[3,9,10],[4,5,8],
 [4,5,9],[4,6,9],[5,6,8],[5,7,9],[6,7,8],[7,8,10],[7,9,10]]

manifold_lex_d2_n10_o1_g1_#592=[[1,2,3],[1,2,4],[1,3,4],[2,3,5],[2,4,6],
 [2,5,7],[2,6,7],[3,4,8],[3,5,6],[3,6,9],[3,8,10],[3,9,10],[4,5,8],
 [4,5,9],[4,6,9],[5,6,8],[5,7,9],[6,7,10],[6,8,10],[7,9,10]]

manifold_lex_d2_n10_o1_g1_#593=[[1,2,3],[1,2,4],[1,3,4],[2,3,5],[2,4,6],
 [2,5,7],[2,6,7],[3,4,8],[3,5,6],[3,6,9],[3,8,10],[3,9,10],[4,5,8],
 [4,5,9],[4,6,9],[5,6,8],[5,7,10],[5,9,10],[6,7,8],[7,8,10]]

manifold_lex_d2_n10_o1_g1_#594=[[1,2,3],[1,2,4],[1,3,4],[2,3,5],[2,4,6],
 [2,5,7],[2,6,7],[3,4,8],[3,5,6],[3,6,9],[3,8,10],[3,9,10],[4,5,8],
 [4,5,9],[4,6,9],[5,6,8],[5,7,10],[5,9,10],[6,7,10],[6,8,10]]

manifold_lex_d2_n10_o1_g1_#595=[[1,2,3],[1,2,4],[1,3,4],[2,3,5],[2,4,6],
 [2,5,7],[2,6,7],[3,4,8],[3,5,6],[3,6,9],[3,8,10],[3,9,10],[4,5,8],
 [4,5,9],[4,6,9],[5,6,10],[5,7,9],[5,8,10],[6,7,10],[7,9,10]]

manifold_lex_d2_n10_o1_g1_#596=[[1,2,3],[1,2,4],[1,3,4],[2,3,5],[2,4,6],
 [2,5,7],[2,6,7],[3,4,8],[3,5,6],[3,6,9],[3,8,10],[3,9,10],[4,5,8],
 [4,5,10],[4,6,9],[4,9,10],[5,6,8],[5,7,10],[6,7,8],[7,8,10]]

manifold_lex_d2_n10_o1_g1_#597=[[1,2,3],[1,2,4],[1,3,4],[2,3,5],[2,4,6],
 [2,5,7],[2,6,7],[3,4,8],[3,5,6],[3,6,9],[3,8,10],[3,9,10],[4,5,8],
 [4,5,10],[4,6,9],[4,9,10],[5,6,8],[5,7,10],[6,7,10],[6,8,10]]

manifold_lex_d2_n10_o1_g1_#598=[[1,2,3],[1,2,4],[1,3,4],[2,3,5],[2,4,6],
 [2,5,7],[2,6,7],[3,4,8],[3,5,6],[3,6,9],[3,8,10],[3,9,10],[4,5,8],
 [4,5,10],[4,6,10],[5,6,8],[5,7,10],[6,7,8],[6,9,10],[7,8,10]]

manifold_lex_d2_n10_o1_g1_#599=[[1,2,3],[1,2,4],[1,3,4],[2,3,5],[2,4,6],
 [2,5,7],[2,6,7],[3,4,8],[3,5,6],[3,6,9],[3,8,10],[3,9,10],[4,5,9],
 [4,5,10],[4,6,9],[4,8,10],[5,6,10],[5,7,9],[6,7,10],[7,9,10]]

manifold_lex_d2_n10_o1_g1_#600=[[1,2,3],[1,2,4],[1,3,4],[2,3,5],[2,4,6],
 [2,5,7],[2,6,7],[3,4,8],[3,5,6],[3,6,9],[3,8,10],[3,9,10],[4,6,9],
 [4,7,8],[4,7,9],[5,6,8],[5,7,8],[6,7,10],[6,8,10],[7,9,10]]

manifold_lex_d2_n10_o1_g1_#601=[[1,2,3],[1,2,4],[1,3,4],[2,3,5],[2,4,6],
 [2,5,7],[2,6,7],[3,4,8],[3,5,6],[3,6,9],[3,8,10],[3,9,10],[4,6,9],
 [4,7,8],[4,7,9],[5,6,10],[5,7,8],[5,8,10],[6,7,10],[7,9,10]]

manifold_lex_d2_n10_o1_g1_#602=[[1,2,3],[1,2,4],[1,3,4],[2,3,5],[2,4,6],
 [2,5,7],[2,6,7],[3,4,8],[3,5,6],[3,6,9],[3,8,10],[3,9,10],[4,6,9],
 [4,7,8],[4,7,10],[4,9,10],[5,6,8],[5,7,8],[6,7,10],[6,8,10]]

manifold_lex_d2_n10_o1_g1_#603=[[1,2,3],[1,2,4],[1,3,4],[2,3,5],[2,4,6],
 [2,5,7],[2,6,7],[3,4,8],[3,5,6],[3,6,9],[3,8,10],[3,9,10],[4,6,9],
 [4,7,8],[4,7,10],[4,9,10],[5,6,10],[5,7,8],[5,8,10],[6,7,10]]

manifold_lex_d2_n10_o1_g1_#604=[[1,2,3],[1,2,4],[1,3,4],[2,3,5],[2,4,6],
 [2,5,7],[2,6,7],[3,4,8],[3,5,6],[3,6,9],[3,8,10],[3,9,10],[4,6,9],
 [4,8,9],[5,6,8],[5,7,8],[6,7,10],[6,8,10],[7,8,9],[7,9,10]]

manifold_lex_d2_n10_o1_g1_#605=[[1,2,3],[1,2,4],[1,3,4],[2,3,5],[2,4,6],
 [2,5,7],[2,6,7],[3,4,8],[3,5,6],[3,6,9],[3,8,10],[3,9,10],[4,6,9],
 [4,8,9],[5,6,8],[5,7,9],[5,8,9],[6,7,8],[7,8,10],[7,9,10]]

manifold_lex_d2_n10_o1_g1_#606=[[1,2,3],[1,2,4],[1,3,4],[2,3,5],[2,4,6],
 [2,5,7],[2,6,7],[3,4,8],[3,5,6],[3,6,9],[3,8,10],[3,9,10],[4,6,9],
 [4,8,9],[5,6,8],[5,7,9],[5,8,9],[6,7,10],[6,8,10],[7,9,10]]

manifold_lex_d2_n10_o1_g1_#607=[[1,2,3],[1,2,4],[1,3,4],[2,3,5],[2,4,6],
 [2,5,7],[2,6,7],[3,4,8],[3,5,6],[3,6,9],[3,8,10],[3,9,10],[4,6,9],
 [4,8,9],[5,6,8],[5,7,10],[5,8,9],[5,9,10],[6,7,8],[7,8,10]]

manifold_lex_d2_n10_o1_g1_#608=[[1,2,3],[1,2,4],[1,3,4],[2,3,5],[2,4,6],
 [2,5,7],[2,6,7],[3,4,8],[3,5,6],[3,6,9],[3,8,10],[3,9,10],[4,6,9],
 [4,8,9],[5,6,8],[5,7,10],[5,8,9],[5,9,10],[6,7,10],[6,8,10]]

manifold_lex_d2_n10_o1_g1_#609=[[1,2,3],[1,2,4],[1,3,4],[2,3,5],[2,4,6],
 [2,5,7],[2,6,7],[3,4,8],[3,5,6],[3,6,9],[3,8,10],[3,9,10],[4,6,9],
 [4,8,9],[5,6,10],[5,7,8],[5,8,10],[6,7,10],[7,8,9],[7,9,10]]

manifold_lex_d2_n10_o1_g1_#610=[[1,2,3],[1,2,4],[1,3,4],[2,3,5],[2,4,6],
 [2,5,7],[2,6,7],[3,4,8],[3,5,6],[3,6,9],[3,8,10],[3,9,10],[4,6,9],
 [4,8,9],[5,6,10],[5,7,9],[5,8,9],[5,8,10],[6,7,10],[7,9,10]]

manifold_lex_d2_n10_o1_g1_#611=[[1,2,3],[1,2,4],[1,3,4],[2,3,5],[2,4,6],
 [2,5,7],[2,6,7],[3,4,8],[3,5,7],[3,6,8],[3,6,9],[3,7,10],[3,9,10],
 [4,6,10],[4,7,8],[4,7,9],[4,9,10],[6,7,9],[6,8,10],[7,8,10]]

manifold_lex_d2_n10_o1_g1_#612=[[1,2,3],[1,2,4],[1,3,4],[2,3,5],[2,4,6],
 [2,5,7],[2,6,7],[3,4,8],[3,5,7],[3,6,8],[3,6,9],[3,7,10],[3,9,10],
 [4,6,10],[4,8,9],[4,9,10],[6,7,9],[6,8,10],[7,8,9],[7,8,10]]

manifold_lex_d2_n10_o1_g1_#613=[[1,2,3],[1,2,4],[1,3,4],[2,3,5],[2,4,6],
 [2,5,7],[2,6,7],[3,4,8],[3,5,7],[3,7,9],[3,8,10],[3,9,10],[4,6,9],
 [4,7,8],[4,7,10],[4,9,10],[6,7,10],[6,8,9],[6,8,10],[7,8,9]]

manifold_lex_d2_n10_o1_g1_#614=[[1,2,3],[1,2,4],[1,3,4],[2,3,5],[2,4,6],
 [2,5,7],[2,6,7],[3,4,8],[3,5,9],[3,6,7],[3,6,8],[3,7,9],[4,5,7],
 [4,5,8],[4,6,9],[4,7,9],[5,6,8],[5,6,10],[5,9,10],[6,9,10]]

manifold_lex_d2_n10_o1_g1_#615=[[1,2,3],[1,2,4],[1,3,4],[2,3,5],[2,4,6],
 [2,5,7],[2,6,7],[3,4,8],[3,5,9],[3,6,7],[3,6,8],[3,7,9],[4,5,7],
 [4,5,8],[4,6,9],[4,7,9],[5,8,10],[5,9,10],[6,8,10],[6,9,10]]

manifold_lex_d2_n10_o1_g1_#616=[[1,2,3],[1,2,4],[1,3,4],[2,3,5],[2,4,6],
 [2,5,7],[2,6,7],[3,4,8],[3,5,9],[3,6,7],[3,6,8],[3,7,9],[4,5,7],
 [4,5,8],[4,6,9],[4,7,10],[4,9,10],[5,8,9],[6,8,9],[7,9,10]]

manifold_lex_d2_n10_o1_g1_#617=[[1,2,3],[1,2,4],[1,3,4],[2,3,5],[2,4,6],
 [2,5,7],[2,6,7],[3,4,8],[3,5,9],[3,6,7],[3,6,8],[3,7,9],[4,5,7],
 [4,5,8],[4,6,10],[4,7,9],[4,9,10],[5,6,8],[5,6,10],[5,9,10]]

manifold_lex_d2_n10_o1_g1_#618=[[1,2,3],[1,2,4],[1,3,4],[2,3,5],[2,4,6],
 [2,5,7],[2,6,7],[3,4,8],[3,5,9],[3,6,7],[3,6,8],[3,7,9],[4,5,7],
 [4,5,8],[4,6,10],[4,7,9],[4,9,10],[5,8,9],[6,8,9],[6,9,10]]

manifold_lex_d2_n10_o1_g1_#619=[[1,2,3],[1,2,4],[1,3,4],[2,3,5],[2,4,6],
 [2,5,7],[2,6,7],[3,4,8],[3,5,9],[3,6,7],[3,6,8],[3,7,9],[4,5,7],
 [4,5,8],[4,6,10],[4,7,9],[4,9,10],[5,8,9],[6,8,10],[8,9,10]]

manifold_lex_d2_n10_o1_g1_#620=[[1,2,3],[1,2,4],[1,3,4],[2,3,5],[2,4,6],
 [2,5,7],[2,6,7],[3,4,8],[3,5,9],[3,6,7],[3,6,8],[3,7,9],[4,5,7],
 [4,5,8],[4,6,10],[4,7,9],[4,9,10],[5,8,10],[5,9,10],[6,8,10]]

manifold_lex_d2_n10_o1_g1_#621=[[1,2,3],[1,2,4],[1,3,4],[2,3,5],[2,4,6],
 [2,5,7],[2,6,7],[3,4,8],[3,5,9],[3,6,7],[3,6,8],[3,7,9],[4,5,7],
 [4,5,8],[4,6,10],[4,7,10],[5,6,8],[5,6,9],[6,9,10],[7,9,10]]

manifold_lex_d2_n10_o1_g1_#622=[[1,2,3],[1,2,4],[1,3,4],[2,3,5],[2,4,6],
 [2,5,7],[2,6,7],[3,4,8],[3,5,9],[3,6,7],[3,6,8],[3,7,9],[4,5,7],
 [4,5,8],[4,6,10],[4,7,10],[5,8,9],[6,8,9],[6,9,10],[7,9,10]]

manifold_lex_d2_n10_o1_g1_#623=[[1,2,3],[1,2,4],[1,3,4],[2,3,5],[2,4,6],
 [2,5,7],[2,6,7],[3,4,8],[3,5,9],[3,6,7],[3,6,8],[3,7,9],[4,5,7],
 [4,5,8],[4,6,10],[4,7,10],[5,8,9],[6,8,10],[7,8,9],[7,8,10]]

manifold_lex_d2_n10_o1_g1_#624=[[1,2,3],[1,2,4],[1,3,4],[2,3,5],[2,4,6],
 [2,5,7],[2,6,7],[3,4,8],[3,5,9],[3,6,7],[3,6,8],[3,7,9],[4,5,7],
 [4,5,8],[4,6,10],[4,7,10],[5,8,9],[6,8,10],[7,9,10],[8,9,10]]

manifold_lex_d2_n10_o1_g1_#625=[[1,2,3],[1,2,4],[1,3,4],[2,3,5],[2,4,6],
 [2,5,7],[2,6,7],[3,4,8],[3,5,9],[3,6,7],[3,6,8],[3,7,9],[4,5,7],
 [4,5,9],[4,6,10],[4,7,10],[4,8,9],[6,8,9],[6,9,10],[7,9,10]]

manifold_lex_d2_n10_o1_g1_#626=[[1,2,3],[1,2,4],[1,3,4],[2,3,5],[2,4,6],
 [2,5,7],[2,6,7],[3,4,8],[3,5,9],[3,6,7],[3,6,8],[3,7,9],[4,5,7],
 [4,5,9],[4,6,10],[4,7,10],[4,8,9],[6,8,10],[7,8,9],[7,8,10]]

manifold_lex_d2_n10_o1_g1_#627=[[1,2,3],[1,2,4],[1,3,4],[2,3,5],[2,4,6],
 [2,5,7],[2,6,7],[3,4,8],[3,5,9],[3,6,7],[3,6,8],[3,7,9],[4,5,7],
 [4,5,9],[4,6,10],[4,7,10],[4,8,9],[6,8,10],[7,9,10],[8,9,10]]

manifold_lex_d2_n10_o1_g1_#628=[[1,2,3],[1,2,4],[1,3,4],[2,3,5],[2,4,6],
 [2,5,7],[2,6,7],[3,4,8],[3,5,9],[3,6,7],[3,6,8],[3,7,9],[4,5,7],
 [4,5,10],[4,6,9],[4,7,9],[4,8,10],[5,6,9],[5,6,10],[6,8,10]]

manifold_lex_d2_n10_o1_g1_#629=[[1,2,3],[1,2,4],[1,3,4],[2,3,5],[2,4,6],
 [2,5,7],[2,6,7],[3,4,8],[3,5,9],[3,6,7],[3,6,8],[3,7,9],[4,5,7],
 [4,5,10],[4,6,9],[4,7,9],[4,8,10],[5,9,10],[6,8,9],[8,9,10]]

manifold_lex_d2_n10_o1_g1_#630=[[1,2,3],[1,2,4],[1,3,4],[2,3,5],[2,4,6],
 [2,5,7],[2,6,7],[3,4,8],[3,5,9],[3,6,7],[3,6,8],[3,7,9],[4,5,7],
 [4,5,10],[4,6,9],[4,7,9],[4,8,10],[5,9,10],[6,8,10],[6,9,10]]

manifold_lex_d2_n10_o1_g1_#631=[[1,2,3],[1,2,4],[1,3,4],[2,3,5],[2,4,6],
 [2,5,7],[2,6,7],[3,4,8],[3,5,9],[3,6,7],[3,6,8],[3,7,9],[4,5,8],
 [4,5,10],[4,6,9],[4,7,9],[4,7,10],[5,6,8],[5,6,9],[5,7,10]]

manifold_lex_d2_n10_o1_g1_#632=[[1,2,3],[1,2,4],[1,3,4],[2,3,5],[2,4,6],
 [2,5,7],[2,6,7],[3,4,8],[3,5,9],[3,6,7],[3,6,8],[3,7,9],[4,5,8],
 [4,5,10],[4,6,9],[4,7,9],[4,7,10],[5,7,10],[5,8,9],[6,8,9]]

manifold_lex_d2_n10_o1_g1_#633=[[1,2,3],[1,2,4],[1,3,4],[2,3,5],[2,4,6],
 [2,5,7],[2,6,7],[3,4,8],[3,5,9],[3,6,7],[3,6,8],[3,7,9],[4,5,8],
 [4,5,10],[4,6,9],[4,9,10],[5,6,8],[5,6,9],[5,7,10],[7,9,10]]

manifold_lex_d2_n10_o1_g1_#634=[[1,2,3],[1,2,4],[1,3,4],[2,3,5],[2,4,6],
 [2,5,7],[2,6,7],[3,4,8],[3,5,9],[3,6,7],[3,6,8],[3,7,9],[4,5,8],
 [4,5,10],[4,6,9],[4,9,10],[5,7,10],[5,8,9],[6,8,9],[7,9,10]]

manifold_lex_d2_n10_o1_g1_#635=[[1,2,3],[1,2,4],[1,3,4],[2,3,5],[2,4,6],
 [2,5,7],[2,6,7],[3,4,8],[3,5,9],[3,6,7],[3,6,8],[3,7,9],[4,5,8],
 [4,5,10],[4,6,10],[5,6,8],[5,6,9],[5,7,10],[6,9,10],[7,9,10]]

manifold_lex_d2_n10_o1_g1_#636=[[1,2,3],[1,2,4],[1,3,4],[2,3,5],[2,4,6],
 [2,5,7],[2,6,7],[3,4,8],[3,5,9],[3,6,7],[3,6,8],[3,7,9],[4,5,8],
 [4,5,10],[4,6,10],[5,7,10],[5,8,9],[6,8,9],[6,9,10],[7,9,10]]

manifold_lex_d2_n10_o1_g1_#637=[[1,2,3],[1,2,4],[1,3,4],[2,3,5],[2,4,6],
 [2,5,7],[2,6,7],[3,4,8],[3,5,9],[3,6,7],[3,6,8],[3,7,9],[4,5,8],
 [4,5,10],[4,6,10],[5,7,10],[5,8,9],[6,8,10],[7,8,9],[7,8,10]]

manifold_lex_d2_n10_o1_g1_#638=[[1,2,3],[1,2,4],[1,3,4],[2,3,5],[2,4,6],
 [2,5,7],[2,6,7],[3,4,8],[3,5,9],[3,6,7],[3,6,8],[3,7,9],[4,5,8],
 [4,5,10],[4,6,10],[5,7,10],[5,8,9],[6,8,10],[7,9,10],[8,9,10]]

manifold_lex_d2_n10_o1_g1_#639=[[1,2,3],[1,2,4],[1,3,4],[2,3,5],[2,4,6],
 [2,5,7],[2,6,7],[3,4,8],[3,5,9],[3,6,7],[3,6,8],[3,7,9],[4,5,9],
 [4,5,10],[4,6,10],[4,7,8],[4,7,9],[5,6,8],[5,6,10],[5,7,8]]

manifold_lex_d2_n10_o1_g1_#640=[[1,2,3],[1,2,4],[1,3,4],[2,3,5],[2,4,6],
 [2,5,7],[2,6,7],[3,4,8],[3,5,9],[3,6,7],[3,6,8],[3,7,9],[4,5,9],
 [4,5,10],[4,6,10],[4,7,8],[4,7,9],[5,7,8],[5,8,10],[6,8,10]]

manifold_lex_d2_n10_o1_g1_#641=[[1,2,3],[1,2,4],[1,3,4],[2,3,5],[2,4,6],
 [2,5,7],[2,6,7],[3,4,8],[3,5,9],[3,6,7],[3,6,8],[3,7,9],[4,5,9],
 [4,5,10],[4,6,10],[4,7,8],[4,7,9],[5,7,10],[6,8,10],[7,8,10]]

manifold_lex_d2_n10_o1_g1_#642=[[1,2,3],[1,2,4],[1,3,4],[2,3,5],[2,4,6],
 [2,5,7],[2,6,7],[3,4,8],[3,5,9],[3,6,7],[3,6,8],[3,7,9],[4,5,9],
 [4,5,10],[4,6,10],[4,8,9],[5,6,8],[5,6,10],[5,7,8],[7,8,9]]

manifold_lex_d2_n10_o1_g1_#643=[[1,2,3],[1,2,4],[1,3,4],[2,3,5],[2,4,6],
 [2,5,7],[2,6,7],[3,4,8],[3,5,9],[3,6,7],[3,6,8],[3,7,9],[4,5,9],
 [4,5,10],[4,6,10],[4,8,9],[5,7,8],[5,8,10],[6,8,10],[7,8,9]]

manifold_lex_d2_n10_o1_g1_#644=[[1,2,3],[1,2,4],[1,3,4],[2,3,5],[2,4,6],
 [2,5,7],[2,6,7],[3,4,8],[3,5,9],[3,6,7],[3,6,8],[3,7,9],[4,5,9],
 [4,5,10],[4,6,10],[4,8,9],[5,7,10],[6,8,9],[6,9,10],[7,9,10]]

manifold_lex_d2_n10_o1_g1_#645=[[1,2,3],[1,2,4],[1,3,4],[2,3,5],[2,4,6],
 [2,5,7],[2,6,7],[3,4,8],[3,5,9],[3,6,7],[3,6,8],[3,7,9],[4,5,9],
 [4,5,10],[4,6,10],[4,8,9],[5,7,10],[6,8,10],[7,8,9],[7,8,10]]

manifold_lex_d2_n10_o1_g1_#646=[[1,2,3],[1,2,4],[1,3,4],[2,3,5],[2,4,6],
 [2,5,7],[2,6,7],[3,4,8],[3,5,9],[3,6,7],[3,6,8],[3,7,9],[4,5,9],
 [4,5,10],[4,6,10],[4,8,9],[5,7,10],[6,8,10],[7,9,10],[8,9,10]]

manifold_lex_d2_n10_o1_g1_#647=[[1,2,3],[1,2,4],[1,3,4],[2,3,5],[2,4,6],
 [2,5,7],[2,6,7],[3,4,8],[3,5,9],[3,6,7],[3,6,8],[3,7,9],[4,6,9],
 [4,7,8],[4,7,9],[5,6,8],[5,6,9],[5,7,10],[5,8,10],[7,8,10]]

manifold_lex_d2_n10_o1_g1_#648=[[1,2,3],[1,2,4],[1,3,4],[2,3,5],[2,4,6],
 [2,5,7],[2,6,7],[3,4,8],[3,5,9],[3,6,7],[3,6,8],[3,7,9],[4,6,9],
 [4,7,8],[4,7,9],[5,6,8],[5,6,10],[5,7,8],[5,9,10],[6,9,10]]

manifold_lex_d2_n10_o1_g1_#649=[[1,2,3],[1,2,4],[1,3,4],[2,3,5],[2,4,6],
 [2,5,7],[2,6,7],[3,4,8],[3,5,9],[3,6,7],[3,6,8],[3,7,9],[4,6,9],
 [4,7,8],[4,7,9],[5,6,9],[5,6,10],[5,7,10],[6,8,10],[7,8,10]]

manifold_lex_d2_n10_o1_g1_#650=[[1,2,3],[1,2,4],[1,3,4],[2,3,5],[2,4,6],
 [2,5,7],[2,6,7],[3,4,8],[3,5,9],[3,6,7],[3,6,8],[3,7,9],[4,6,9],
 [4,7,8],[4,7,9],[5,7,8],[5,8,9],[6,8,10],[6,9,10],[8,9,10]]

manifold_lex_d2_n10_o1_g1_#651=[[1,2,3],[1,2,4],[1,3,4],[2,3,5],[2,4,6],
 [2,5,7],[2,6,7],[3,4,8],[3,5,9],[3,6,7],[3,6,8],[3,7,9],[4,6,9],
 [4,7,8],[4,7,9],[5,7,8],[5,8,10],[5,9,10],[6,8,10],[6,9,10]]

manifold_lex_d2_n10_o1_g1_#652=[[1,2,3],[1,2,4],[1,3,4],[2,3,5],[2,4,6],
 [2,5,7],[2,6,7],[3,4,8],[3,5,9],[3,6,7],[3,6,8],[3,7,9],[4,6,9],
 [4,7,8],[4,7,9],[5,7,10],[5,8,9],[5,8,10],[6,8,9],[7,8,10]]

manifold_lex_d2_n10_o1_g1_#653=[[1,2,3],[1,2,4],[1,3,4],[2,3,5],[2,4,6],
 [2,5,7],[2,6,7],[3,4,8],[3,5,9],[3,6,7],[3,6,8],[3,7,9],[4,6,9],
 [4,7,8],[4,7,9],[5,7,10],[5,9,10],[6,8,9],[7,8,10],[8,9,10]]

manifold_lex_d2_n10_o1_g1_#654=[[1,2,3],[1,2,4],[1,3,4],[2,3,5],[2,4,6],
 [2,5,7],[2,6,7],[3,4,8],[3,5,9],[3,6,7],[3,6,8],[3,7,9],[4,6,9],
 [4,7,8],[4,7,9],[5,7,10],[5,9,10],[6,8,10],[6,9,10],[7,8,10]]

manifold_lex_d2_n10_o1_g1_#655=[[1,2,3],[1,2,4],[1,3,4],[2,3,5],[2,4,6],
 [2,5,7],[2,6,7],[3,4,8],[3,5,9],[3,6,7],[3,6,8],[3,7,9],[4,6,9],
 [4,7,8],[4,7,10],[4,9,10],[5,7,8],[5,8,9],[6,8,9],[7,9,10]]

manifold_lex_d2_n10_o1_g1_#656=[[1,2,3],[1,2,4],[1,3,4],[2,3,5],[2,4,6],
 [2,5,7],[2,6,7],[3,4,8],[3,5,9],[3,6,7],[3,6,8],[3,7,9],[4,6,9],
 [4,7,9],[4,7,10],[4,8,10],[5,6,8],[5,6,9],[5,7,8],[7,8,10]]

manifold_lex_d2_n10_o1_g1_#657=[[1,2,3],[1,2,4],[1,3,4],[2,3,5],[2,4,6],
 [2,5,7],[2,6,7],[3,4,8],[3,5,9],[3,6,7],[3,6,8],[3,7,9],[4,6,9],
 [4,7,9],[4,7,10],[4,8,10],[5,6,8],[5,6,9],[5,7,10],[5,8,10]]

manifold_lex_d2_n10_o1_g1_#658=[[1,2,3],[1,2,4],[1,3,4],[2,3,5],[2,4,6],
 [2,5,7],[2,6,7],[3,4,8],[3,5,9],[3,6,7],[3,6,8],[3,7,9],[4,6,9],
 [4,7,9],[4,7,10],[4,8,10],[5,6,9],[5,6,10],[5,7,10],[6,8,10]]

manifold_lex_d2_n10_o1_g1_#659=[[1,2,3],[1,2,4],[1,3,4],[2,3,5],[2,4,6],
 [2,5,7],[2,6,7],[3,4,8],[3,5,9],[3,6,7],[3,6,8],[3,7,9],[4,6,9],
 [4,7,9],[4,7,10],[4,8,10],[5,7,8],[5,8,9],[6,8,9],[7,8,10]]

manifold_lex_d2_n10_o1_g1_#660=[[1,2,3],[1,2,4],[1,3,4],[2,3,5],[2,4,6],
 [2,5,7],[2,6,7],[3,4,8],[3,5,9],[3,6,7],[3,6,8],[3,7,9],[4,6,9],
 [4,7,9],[4,7,10],[4,8,10],[5,7,10],[5,8,9],[5,8,10],[6,8,9]]

manifold_lex_d2_n10_o1_g1_#661=[[1,2,3],[1,2,4],[1,3,4],[2,3,5],[2,4,6],
 [2,5,7],[2,6,7],[3,4,8],[3,5,9],[3,6,7],[3,6,8],[3,7,9],[4,6,9],
 [4,7,9],[4,7,10],[4,8,10],[5,7,10],[5,9,10],[6,8,9],[8,9,10]]

manifold_lex_d2_n10_o1_g1_#662=[[1,2,3],[1,2,4],[1,3,4],[2,3,5],[2,4,6],
 [2,5,7],[2,6,7],[3,4,8],[3,5,9],[3,6,7],[3,6,8],[3,7,9],[4,6,9],
 [4,7,9],[4,7,10],[4,8,10],[5,7,10],[5,9,10],[6,8,10],[6,9,10]]

manifold_lex_d2_n10_o1_g1_#663=[[1,2,3],[1,2,4],[1,3,4],[2,3,5],[2,4,6],
 [2,5,7],[2,6,7],[3,4,8],[3,5,9],[3,6,7],[3,6,8],[3,7,9],[4,6,9],
 [4,8,10],[4,9,10],[5,6,8],[5,6,9],[5,7,8],[7,8,9],[8,9,10]]

manifold_lex_d2_n10_o1_g1_#664=[[1,2,3],[1,2,4],[1,3,4],[2,3,5],[2,4,6],
 [2,5,7],[2,6,7],[3,4,8],[3,5,9],[3,6,7],[3,6,8],[3,7,9],[4,6,9],
 [4,8,10],[4,9,10],[5,6,8],[5,6,9],[5,7,8],[7,8,10],[7,9,10]]

manifold_lex_d2_n10_o1_g1_#665=[[1,2,3],[1,2,4],[1,3,4],[2,3,5],[2,4,6],
 [2,5,7],[2,6,7],[3,4,8],[3,5,9],[3,6,7],[3,6,8],[3,7,9],[4,6,9],
 [4,8,10],[4,9,10],[5,6,8],[5,6,9],[5,7,10],[5,8,10],[7,9,10]]

manifold_lex_d2_n10_o1_g1_#666=[[1,2,3],[1,2,4],[1,3,4],[2,3,5],[2,4,6],
 [2,5,7],[2,6,7],[3,4,8],[3,5,9],[3,6,7],[3,6,8],[3,7,9],[4,6,9],
 [4,8,10],[4,9,10],[5,6,9],[5,6,10],[5,7,10],[6,8,10],[7,9,10]]

manifold_lex_d2_n10_o1_g1_#667=[[1,2,3],[1,2,4],[1,3,4],[2,3,5],[2,4,6],
 [2,5,7],[2,6,7],[3,4,8],[3,5,9],[3,6,7],[3,6,8],[3,7,9],[4,6,9],
 [4,8,10],[4,9,10],[5,7,8],[5,8,9],[6,8,9],[7,8,10],[7,9,10]]

manifold_lex_d2_n10_o1_g1_#668=[[1,2,3],[1,2,4],[1,3,4],[2,3,5],[2,4,6],
 [2,5,7],[2,6,7],[3,4,8],[3,5,9],[3,6,7],[3,6,8],[3,7,9],[4,6,9],
 [4,8,10],[4,9,10],[5,7,10],[5,8,9],[5,8,10],[6,8,9],[7,9,10]]

manifold_lex_d2_n10_o1_g1_#669=[[1,2,3],[1,2,4],[1,3,4],[2,3,5],[2,4,6],
 [2,5,7],[2,6,7],[3,4,8],[3,5,9],[3,6,7],[3,6,8],[3,7,9],[4,6,10],
 [4,7,8],[4,7,9],[4,9,10],[5,6,8],[5,6,10],[5,7,8],[5,9,10]]

manifold_lex_d2_n10_o1_g1_#670=[[1,2,3],[1,2,4],[1,3,4],[2,3,5],[2,4,6],
 [2,5,7],[2,6,7],[3,4,8],[3,5,9],[3,6,7],[3,6,8],[3,7,9],[4,6,10],
 [4,7,8],[4,7,9],[4,9,10],[5,7,8],[5,8,9],[6,8,9],[6,9,10]]

manifold_lex_d2_n10_o1_g1_#671=[[1,2,3],[1,2,4],[1,3,4],[2,3,5],[2,4,6],
 [2,5,7],[2,6,7],[3,4,8],[3,5,9],[3,6,7],[3,6,8],[3,7,9],[4,6,10],
 [4,7,8],[4,7,9],[4,9,10],[5,7,8],[5,8,9],[6,8,10],[8,9,10]]

manifold_lex_d2_n10_o1_g1_#672=[[1,2,3],[1,2,4],[1,3,4],[2,3,5],[2,4,6],
 [2,5,7],[2,6,7],[3,4,8],[3,5,9],[3,6,7],[3,6,8],[3,7,9],[4,6,10],
 [4,7,8],[4,7,9],[4,9,10],[5,7,8],[5,8,10],[5,9,10],[6,8,10]]

manifold_lex_d2_n10_o1_g1_#673=[[1,2,3],[1,2,4],[1,3,4],[2,3,5],[2,4,6],
 [2,5,7],[2,6,7],[3,4,8],[3,5,9],[3,6,7],[3,6,8],[3,7,9],[4,6,10],
 [4,7,8],[4,7,9],[4,9,10],[5,7,10],[5,9,10],[6,8,10],[7,8,10]]

manifold_lex_d2_n10_o1_g1_#674=[[1,2,3],[1,2,4],[1,3,4],[2,3,5],[2,4,6],
 [2,5,7],[2,6,7],[3,4,8],[3,5,9],[3,6,7],[3,6,8],[3,7,9],[4,6,10],
 [4,7,8],[4,7,10],[5,6,8],[5,6,9],[5,7,8],[6,9,10],[7,9,10]]

manifold_lex_d2_n10_o1_g1_#675=[[1,2,3],[1,2,4],[1,3,4],[2,3,5],[2,4,6],
 [2,5,7],[2,6,7],[3,4,8],[3,5,9],[3,6,7],[3,6,8],[3,7,9],[4,6,10],
 [4,7,8],[4,7,10],[5,6,8],[5,6,10],[5,7,8],[5,9,10],[7,9,10]]

manifold_lex_d2_n10_o1_g1_#676=[[1,2,3],[1,2,4],[1,3,4],[2,3,5],[2,4,6],
 [2,5,7],[2,6,7],[3,4,8],[3,5,9],[3,6,7],[3,6,8],[3,7,9],[4,6,10],
 [4,7,8],[4,7,10],[5,7,8],[5,8,9],[6,8,9],[6,9,10],[7,9,10]]

manifold_lex_d2_n10_o1_g1_#677=[[1,2,3],[1,2,4],[1,3,4],[2,3,5],[2,4,6],
 [2,5,7],[2,6,7],[3,4,8],[3,5,9],[3,6,7],[3,6,8],[3,7,9],[4,6,10],
 [4,7,8],[4,7,10],[5,7,8],[5,8,9],[6,8,10],[7,9,10],[8,9,10]]

manifold_lex_d2_n10_o1_g1_#678=[[1,2,3],[1,2,4],[1,3,4],[2,3,5],[2,4,6],
 [2,5,7],[2,6,7],[3,4,8],[3,5,9],[3,6,7],[3,6,8],[3,7,9],[4,6,10],
 [4,7,8],[4,7,10],[5,7,8],[5,8,10],[5,9,10],[6,8,10],[7,9,10]]

manifold_lex_d2_n10_o1_g1_#679=[[1,2,3],[1,2,4],[1,3,4],[2,3,5],[2,4,6],
 [2,5,7],[2,6,7],[3,4,8],[3,5,9],[3,6,7],[3,6,8],[3,7,9],[4,6,10],
 [4,8,9],[4,9,10],[5,6,8],[5,6,9],[5,7,8],[6,9,10],[7,8,9]]

manifold_lex_d2_n10_o1_g1_#680=[[1,2,3],[1,2,4],[1,3,4],[2,3,5],[2,4,6],
 [2,5,7],[2,6,7],[3,4,8],[3,5,9],[3,6,7],[3,6,8],[3,7,9],[4,6,10],
 [4,8,9],[4,9,10],[5,6,8],[5,6,10],[5,7,8],[5,9,10],[7,8,9]]

manifold_lex_d2_n10_o1_g1_#681=[[1,2,3],[1,2,4],[1,3,4],[2,3,5],[2,4,6],
 [2,5,7],[2,6,7],[3,4,8],[3,5,9],[3,6,7],[3,6,8],[3,7,9],[4,6,10],
 [4,8,9],[4,9,10],[5,7,8],[5,8,10],[5,9,10],[6,8,10],[7,8,9]]

manifold_lex_d2_n10_o1_g1_#682=[[1,2,3],[1,2,4],[1,3,4],[2,3,5],[2,4,6],
 [2,5,7],[2,6,7],[3,4,8],[3,5,9],[3,6,7],[3,6,8],[3,7,9],[4,6,10],
 [4,8,9],[4,9,10],[5,7,10],[5,9,10],[6,8,10],[7,8,9],[7,8,10]]

manifold_lex_d2_n10_o1_g1_#683=[[1,2,3],[1,2,4],[1,3,4],[2,3,5],[2,4,6],
 [2,5,7],[2,6,7],[3,4,8],[3,5,9],[3,6,7],[3,6,8],[3,7,10],[3,9,10],
 [4,5,7],[4,5,8],[4,6,9],[4,7,10],[4,9,10],[5,6,8],[5,6,9]]

manifold_lex_d2_n10_o1_g1_#684=[[1,2,3],[1,2,4],[1,3,4],[2,3,5],[2,4,6],
 [2,5,7],[2,6,7],[3,4,8],[3,5,9],[3,6,7],[3,6,8],[3,7,10],[3,9,10],
 [4,5,7],[4,5,8],[4,6,9],[4,7,10],[4,9,10],[5,8,9],[6,8,9]]

manifold_lex_d2_n10_o1_g1_#685=[[1,2,3],[1,2,4],[1,3,4],[2,3,5],[2,4,6],
 [2,5,7],[2,6,7],[3,4,8],[3,5,9],[3,6,7],[3,6,8],[3,7,10],[3,9,10],
 [4,5,7],[4,5,9],[4,6,10],[4,7,10],[4,8,9],[6,8,9],[6,9,10]]

manifold_lex_d2_n10_o1_g1_#686=[[1,2,3],[1,2,4],[1,3,4],[2,3,5],[2,4,6],
 [2,5,7],[2,6,7],[3,4,8],[3,5,9],[3,6,7],[3,6,8],[3,7,10],[3,9,10],
 [4,5,7],[4,5,9],[4,6,10],[4,7,10],[4,8,9],[6,8,10],[8,9,10]]

manifold_lex_d2_n10_o1_g1_#687=[[1,2,3],[1,2,4],[1,3,4],[2,3,5],[2,4,6],
 [2,5,7],[2,6,7],[3,4,8],[3,5,9],[3,6,7],[3,6,8],[3,7,10],[3,9,10],
 [4,5,8],[4,5,10],[4,6,9],[4,9,10],[5,6,8],[5,6,9],[5,7,10]]

manifold_lex_d2_n10_o1_g1_#688=[[1,2,3],[1,2,4],[1,3,4],[2,3,5],[2,4,6],
 [2,5,7],[2,6,7],[3,4,8],[3,5,9],[3,6,7],[3,6,8],[3,7,10],[3,9,10],
 [4,5,8],[4,5,10],[4,6,9],[4,9,10],[5,7,10],[5,8,9],[6,8,9]]

manifold_lex_d2_n10_o1_g1_#689=[[1,2,3],[1,2,4],[1,3,4],[2,3,5],[2,4,6],
 [2,5,7],[2,6,7],[3,4,8],[3,5,9],[3,6,7],[3,6,8],[3,7,10],[3,9,10],
 [4,5,8],[4,5,10],[4,6,10],[5,6,8],[5,6,9],[5,7,10],[6,9,10]]

manifold_lex_d2_n10_o1_g1_#690=[[1,2,3],[1,2,4],[1,3,4],[2,3,5],[2,4,6],
 [2,5,7],[2,6,7],[3,4,8],[3,5,9],[3,6,7],[3,6,8],[3,7,10],[3,9,10],
 [4,5,8],[4,5,10],[4,6,10],[5,7,10],[5,8,9],[6,8,9],[6,9,10]]

manifold_lex_d2_n10_o1_g1_#691=[[1,2,3],[1,2,4],[1,3,4],[2,3,5],[2,4,6],
 [2,5,7],[2,6,7],[3,4,8],[3,5,9],[3,6,7],[3,6,8],[3,7,10],[3,9,10],
 [4,5,8],[4,5,10],[4,6,10],[5,7,10],[5,8,9],[6,8,10],[8,9,10]]

manifold_lex_d2_n10_o1_g1_#692=[[1,2,3],[1,2,4],[1,3,4],[2,3,5],[2,4,6],
 [2,5,7],[2,6,7],[3,4,8],[3,5,9],[3,6,7],[3,6,8],[3,7,10],[3,9,10],
 [4,5,9],[4,5,10],[4,6,10],[4,8,9],[5,7,10],[6,8,9],[6,9,10]]

manifold_lex_d2_n10_o1_g1_#693=[[1,2,3],[1,2,4],[1,3,4],[2,3,5],[2,4,6],
 [2,5,7],[2,6,7],[3,4,8],[3,5,9],[3,6,7],[3,6,8],[3,7,10],[3,9,10],
 [4,5,9],[4,5,10],[4,6,10],[4,8,9],[5,7,10],[6,8,10],[8,9,10]]

manifold_lex_d2_n10_o1_g1_#694=[[1,2,3],[1,2,4],[1,3,4],[2,3,5],[2,4,6],
 [2,5,7],[2,6,7],[3,4,8],[3,5,9],[3,6,7],[3,6,8],[3,7,10],[3,9,10],
 [4,6,9],[4,7,8],[4,7,9],[5,7,8],[5,8,9],[6,8,9],[7,9,10]]

manifold_lex_d2_n10_o1_g1_#695=[[1,2,3],[1,2,4],[1,3,4],[2,3,5],[2,4,6],
 [2,5,7],[2,6,7],[3,4,8],[3,5,9],[3,6,7],[3,6,8],[3,7,10],[3,9,10],
 [4,6,9],[4,7,8],[4,7,10],[4,9,10],[5,6,8],[5,6,9],[5,7,8]]

manifold_lex_d2_n10_o1_g1_#696=[[1,2,3],[1,2,4],[1,3,4],[2,3,5],[2,4,6],
 [2,5,7],[2,6,7],[3,4,8],[3,5,9],[3,6,7],[3,6,8],[3,7,10],[3,9,10],
 [4,6,9],[4,7,8],[4,7,10],[4,9,10],[5,7,8],[5,8,9],[6,8,9]]

manifold_lex_d2_n10_o1_g1_#697=[[1,2,3],[1,2,4],[1,3,4],[2,3,5],[2,4,6],
 [2,5,7],[2,6,7],[3,4,8],[3,5,9],[3,6,7],[3,6,8],[3,7,10],[3,9,10],
 [4,6,9],[4,7,8],[4,7,10],[4,9,10],[5,7,9],[6,8,9],[7,8,9]]

manifold_lex_d2_n10_o1_g1_#698=[[1,2,3],[1,2,4],[1,3,4],[2,3,5],[2,4,6],
 [2,5,7],[2,6,7],[3,4,8],[3,5,9],[3,6,7],[3,6,8],[3,7,10],[3,9,10],
 [4,6,9],[4,8,10],[4,9,10],[5,6,8],[5,6,9],[5,7,8],[7,8,10]]

manifold_lex_d2_n10_o1_g1_#699=[[1,2,3],[1,2,4],[1,3,4],[2,3,5],[2,4,6],
 [2,5,7],[2,6,7],[3,4,8],[3,5,9],[3,6,7],[3,6,8],[3,7,10],[3,9,10],
 [4,6,9],[4,8,10],[4,9,10],[5,6,8],[5,6,9],[5,7,10],[5,8,10]]

manifold_lex_d2_n10_o1_g1_#700=[[1,2,3],[1,2,4],[1,3,4],[2,3,5],[2,4,6],
 [2,5,7],[2,6,7],[3,4,8],[3,5,9],[3,6,7],[3,6,8],[3,7,10],[3,9,10],
 [4,6,9],[4,8,10],[4,9,10],[5,6,9],[5,6,10],[5,7,10],[6,8,10]]

manifold_lex_d2_n10_o1_g1_#701=[[1,2,3],[1,2,4],[1,3,4],[2,3,5],[2,4,6],
 [2,5,7],[2,6,7],[3,4,8],[3,5,9],[3,6,7],[3,6,8],[3,7,10],[3,9,10],
 [4,6,9],[4,8,10],[4,9,10],[5,7,8],[5,8,9],[6,8,9],[7,8,10]]

manifold_lex_d2_n10_o1_g1_#702=[[1,2,3],[1,2,4],[1,3,4],[2,3,5],[2,4,6],
 [2,5,7],[2,6,7],[3,4,8],[3,5,9],[3,6,7],[3,6,8],[3,7,10],[3,9,10],
 [4,6,9],[4,8,10],[4,9,10],[5,7,9],[6,8,9],[7,8,9],[7,8,10]]

manifold_lex_d2_n10_o1_g1_#703=[[1,2,3],[1,2,4],[1,3,4],[2,3,5],[2,4,6],
 [2,5,7],[2,6,7],[3,4,8],[3,5,9],[3,6,7],[3,6,8],[3,7,10],[3,9,10],
 [4,6,9],[4,8,10],[4,9,10],[5,7,10],[5,8,9],[5,8,10],[6,8,9]]

manifold_lex_d2_n10_o1_g1_#704=[[1,2,3],[1,2,4],[1,3,4],[2,3,5],[2,4,6],
 [2,5,7],[2,6,7],[3,4,8],[3,5,9],[3,6,7],[3,6,8],[3,7,10],[3,9,10],
 [4,6,10],[4,7,8],[4,7,10],[5,6,8],[5,6,9],[5,7,8],[6,9,10]]

manifold_lex_d2_n10_o1_g1_#705=[[1,2,3],[1,2,4],[1,3,4],[2,3,5],[2,4,6],
 [2,5,7],[2,6,7],[3,4,8],[3,5,9],[3,6,7],[3,6,8],[3,7,10],[3,9,10],
 [4,6,10],[4,7,8],[4,7,10],[5,7,8],[5,8,9],[6,8,9],[6,9,10]]

manifold_lex_d2_n10_o1_g1_#706=[[1,2,3],[1,2,4],[1,3,4],[2,3,5],[2,4,6],
 [2,5,7],[2,6,7],[3,4,8],[3,5,9],[3,6,7],[3,6,8],[3,7,10],[3,9,10],
 [4,6,10],[4,7,8],[4,7,10],[5,7,8],[5,8,9],[6,8,10],[8,9,10]]

manifold_lex_d2_n10_o1_g1_#707=[[1,2,3],[1,2,4],[1,3,4],[2,3,5],[2,4,6],
 [2,5,7],[2,6,7],[3,4,8],[3,5,9],[3,6,7],[3,6,8],[3,7,10],[3,9,10],
 [4,6,10],[4,7,8],[4,7,10],[5,7,9],[6,8,9],[6,9,10],[7,8,9]]

manifold_lex_d2_n10_o1_g1_#708=[[1,2,3],[1,2,4],[1,3,4],[2,3,5],[2,4,6],
 [2,5,7],[2,6,7],[3,4,8],[3,5,9],[3,6,7],[3,6,8],[3,7,10],[3,9,10],
 [4,6,10],[4,7,8],[4,7,10],[5,7,9],[6,8,10],[7,8,9],[8,9,10]]

manifold_lex_d2_n10_o1_g1_#709=[[1,2,3],[1,2,4],[1,3,4],[2,3,5],[2,4,6],
 [2,5,7],[2,6,7],[3,4,8],[3,5,9],[3,6,7],[3,6,8],[3,7,10],[3,9,10],
 [4,6,10],[4,7,9],[4,7,10],[4,8,9],[5,7,9],[6,8,9],[6,9,10]]

manifold_lex_d2_n10_o1_g1_#710=[[1,2,3],[1,2,4],[1,3,4],[2,3,5],[2,4,6],
 [2,5,7],[2,6,7],[3,4,8],[3,5,9],[3,6,7],[3,6,8],[3,7,10],[3,9,10],
 [4,6,10],[4,7,9],[4,7,10],[4,8,9],[5,7,9],[6,8,10],[8,9,10]]

manifold_lex_d2_n10_o1_g1_#711=[[1,2,3],[1,2,4],[1,3,4],[2,3,5],[2,4,6],
 [2,5,7],[2,6,7],[3,4,8],[3,5,9],[3,6,7],[3,6,10],[3,7,9],[3,8,10],
 [4,5,7],[4,5,9],[4,6,10],[4,7,10],[4,8,9],[7,8,9],[7,8,10]]

manifold_lex_d2_n10_o1_g1_#712=[[1,2,3],[1,2,4],[1,3,4],[2,3,5],[2,4,6],
 [2,5,7],[2,6,7],[3,4,8],[3,5,9],[3,6,7],[3,6,10],[3,7,9],[3,8,10],
 [4,5,7],[4,5,9],[4,6,10],[4,7,10],[4,8,9],[7,9,10],[8,9,10]]

manifold_lex_d2_n10_o1_g1_#713=[[1,2,3],[1,2,4],[1,3,4],[2,3,5],[2,4,6],
 [2,5,7],[2,6,7],[3,4,8],[3,5,9],[3,6,7],[3,6,10],[3,7,9],[3,8,10],
 [4,5,7],[4,5,10],[4,6,9],[4,7,9],[4,8,10],[5,9,10],[6,9,10]]

manifold_lex_d2_n10_o1_g1_#714=[[1,2,3],[1,2,4],[1,3,4],[2,3,5],[2,4,6],
 [2,5,7],[2,6,7],[3,4,8],[3,5,9],[3,6,7],[3,6,10],[3,7,9],[3,8,10],
 [4,5,8],[4,5,10],[4,6,10],[5,7,10],[5,8,9],[7,8,9],[7,8,10]]

manifold_lex_d2_n10_o1_g1_#715=[[1,2,3],[1,2,4],[1,3,4],[2,3,5],[2,4,6],
 [2,5,7],[2,6,7],[3,4,8],[3,5,9],[3,6,7],[3,6,10],[3,7,9],[3,8,10],
 [4,5,8],[4,5,10],[4,6,10],[5,7,10],[5,8,9],[7,9,10],[8,9,10]]

manifold_lex_d2_n10_o1_g1_#716=[[1,2,3],[1,2,4],[1,3,4],[2,3,5],[2,4,6],
 [2,5,7],[2,6,7],[3,4,8],[3,5,9],[3,6,7],[3,6,10],[3,7,9],[3,8,10],
 [4,5,9],[4,5,10],[4,6,10],[4,7,8],[4,7,9],[5,7,8],[5,8,10]]

manifold_lex_d2_n10_o1_g1_#717=[[1,2,3],[1,2,4],[1,3,4],[2,3,5],[2,4,6],
 [2,5,7],[2,6,7],[3,4,8],[3,5,9],[3,6,7],[3,6,10],[3,7,9],[3,8,10],
 [4,5,9],[4,5,10],[4,6,10],[4,7,8],[4,7,9],[5,7,10],[7,8,10]]

manifold_lex_d2_n10_o1_g1_#718=[[1,2,3],[1,2,4],[1,3,4],[2,3,5],[2,4,6],
 [2,5,7],[2,6,7],[3,4,8],[3,5,9],[3,6,7],[3,6,10],[3,7,9],[3,8,10],
 [4,5,9],[4,5,10],[4,6,10],[4,8,9],[5,7,8],[5,8,10],[7,8,9]]

manifold_lex_d2_n10_o1_g1_#719=[[1,2,3],[1,2,4],[1,3,4],[2,3,5],[2,4,6],
 [2,5,7],[2,6,7],[3,4,8],[3,5,9],[3,6,7],[3,6,10],[3,7,9],[3,8,10],
 [4,5,9],[4,5,10],[4,6,10],[4,8,9],[5,7,10],[7,8,9],[7,8,10]]

manifold_lex_d2_n10_o1_g1_#720=[[1,2,3],[1,2,4],[1,3,4],[2,3,5],[2,4,6],
 [2,5,7],[2,6,7],[3,4,8],[3,5,9],[3,6,7],[3,6,10],[3,7,9],[3,8,10],
 [4,5,9],[4,5,10],[4,6,10],[4,8,9],[5,7,10],[7,9,10],[8,9,10]]

manifold_lex_d2_n10_o1_g1_#721=[[1,2,3],[1,2,4],[1,3,4],[2,3,5],[2,4,6],
 [2,5,7],[2,6,7],[3,4,8],[3,5,9],[3,6,7],[3,6,10],[3,7,9],[3,8,10],
 [4,6,9],[4,7,8],[4,7,9],[5,6,9],[5,6,10],[5,7,8],[5,8,10]]

manifold_lex_d2_n10_o1_g1_#722=[[1,2,3],[1,2,4],[1,3,4],[2,3,5],[2,4,6],
 [2,5,7],[2,6,7],[3,4,8],[3,5,9],[3,6,7],[3,6,10],[3,7,9],[3,8,10],
 [4,6,9],[4,7,8],[4,7,9],[5,6,9],[5,6,10],[5,7,10],[7,8,10]]

manifold_lex_d2_n10_o1_g1_#723=[[1,2,3],[1,2,4],[1,3,4],[2,3,5],[2,4,6],
 [2,5,7],[2,6,7],[3,4,8],[3,5,9],[3,6,7],[3,6,10],[3,7,9],[3,8,10],
 [4,6,9],[4,7,8],[4,7,9],[5,7,8],[5,8,9],[6,8,9],[6,8,10]]

manifold_lex_d2_n10_o1_g1_#724=[[1,2,3],[1,2,4],[1,3,4],[2,3,5],[2,4,6],
 [2,5,7],[2,6,7],[3,4,8],[3,5,9],[3,6,7],[3,6,10],[3,7,9],[3,8,10],
 [4,6,9],[4,7,8],[4,7,9],[5,7,8],[5,8,9],[6,9,10],[8,9,10]]

manifold_lex_d2_n10_o1_g1_#725=[[1,2,3],[1,2,4],[1,3,4],[2,3,5],[2,4,6],
 [2,5,7],[2,6,7],[3,4,8],[3,5,9],[3,6,7],[3,6,10],[3,7,9],[3,8,10],
 [4,6,9],[4,7,8],[4,7,9],[5,7,8],[5,8,10],[5,9,10],[6,9,10]]

manifold_lex_d2_n10_o1_g1_#726=[[1,2,3],[1,2,4],[1,3,4],[2,3,5],[2,4,6],
 [2,5,7],[2,6,7],[3,4,8],[3,5,9],[3,6,7],[3,6,10],[3,7,9],[3,8,10],
 [4,6,9],[4,7,8],[4,7,9],[5,7,10],[5,9,10],[6,9,10],[7,8,10]]

manifold_lex_d2_n10_o1_g1_#727=[[1,2,3],[1,2,4],[1,3,4],[2,3,5],[2,4,6],
 [2,5,7],[2,6,7],[3,4,8],[3,5,9],[3,6,7],[3,6,10],[3,7,9],[3,8,10],
 [4,6,9],[4,7,9],[4,7,10],[4,8,10],[5,7,10],[5,9,10],[6,9,10]]

manifold_lex_d2_n10_o1_g1_#728=[[1,2,3],[1,2,4],[1,3,4],[2,3,5],[2,4,6],
 [2,5,7],[2,6,7],[3,4,8],[3,5,9],[3,6,7],[3,6,10],[3,7,9],[3,8,10],
 [4,6,9],[4,8,9],[5,6,8],[5,6,9],[5,7,8],[6,8,10],[7,8,9]]

manifold_lex_d2_n10_o1_g1_#729=[[1,2,3],[1,2,4],[1,3,4],[2,3,5],[2,4,6],
 [2,5,7],[2,6,7],[3,4,8],[3,5,9],[3,6,7],[3,6,10],[3,7,9],[3,8,10],
 [4,6,9],[4,8,9],[5,6,9],[5,6,10],[5,7,8],[5,8,10],[7,8,9]]

manifold_lex_d2_n10_o1_g1_#730=[[1,2,3],[1,2,4],[1,3,4],[2,3,5],[2,4,6],
 [2,5,7],[2,6,7],[3,4,8],[3,5,9],[3,6,7],[3,6,10],[3,7,9],[3,8,10],
 [4,6,9],[4,8,9],[5,6,9],[5,6,10],[5,7,10],[7,8,9],[7,8,10]]

manifold_lex_d2_n10_o1_g1_#731=[[1,2,3],[1,2,4],[1,3,4],[2,3,5],[2,4,6],
 [2,5,7],[2,6,7],[3,4,8],[3,5,9],[3,6,7],[3,6,10],[3,7,9],[3,8,10],
 [4,6,9],[4,8,9],[5,6,9],[5,6,10],[5,7,10],[7,9,10],[8,9,10]]

manifold_lex_d2_n10_o1_g1_#732=[[1,2,3],[1,2,4],[1,3,4],[2,3,5],[2,4,6],
 [2,5,7],[2,6,7],[3,4,8],[3,5,9],[3,6,7],[3,6,10],[3,7,9],[3,8,10],
 [4,6,9],[4,8,9],[5,7,8],[5,8,10],[5,9,10],[6,9,10],[7,8,9]]

manifold_lex_d2_n10_o1_g1_#733=[[1,2,3],[1,2,4],[1,3,4],[2,3,5],[2,4,6],
 [2,5,7],[2,6,7],[3,4,8],[3,5,9],[3,6,7],[3,6,10],[3,7,9],[3,8,10],
 [4,6,9],[4,8,9],[5,7,10],[5,9,10],[6,9,10],[7,8,9],[7,8,10]]

manifold_lex_d2_n10_o1_g1_#734=[[1,2,3],[1,2,4],[1,3,4],[2,3,5],[2,4,6],
 [2,5,7],[2,6,7],[3,4,8],[3,5,9],[3,6,7],[3,6,10],[3,7,9],[3,8,10],
 [4,6,9],[4,8,10],[4,9,10],[5,6,9],[5,6,10],[5,7,10],[7,9,10]]

manifold_lex_d2_n10_o1_g1_#735=[[1,2,3],[1,2,4],[1,3,4],[2,3,5],[2,4,6],
 [2,5,7],[2,6,7],[3,4,8],[3,5,9],[3,6,7],[3,6,10],[3,7,9],[3,8,10],
 [4,6,10],[4,7,8],[4,7,9],[4,9,10],[5,7,8],[5,8,9],[8,9,10]]

manifold_lex_d2_n10_o1_g1_#736=[[1,2,3],[1,2,4],[1,3,4],[2,3,5],[2,4,6],
 [2,5,7],[2,6,7],[3,4,8],[3,5,9],[3,6,7],[3,6,10],[3,7,9],[3,8,10],
 [4,6,10],[4,7,8],[4,7,9],[4,9,10],[5,7,8],[5,8,10],[5,9,10]]

manifold_lex_d2_n10_o1_g1_#737=[[1,2,3],[1,2,4],[1,3,4],[2,3,5],[2,4,6],
 [2,5,7],[2,6,7],[3,4,8],[3,5,9],[3,6,7],[3,6,10],[3,7,9],[3,8,10],
 [4,6,10],[4,7,8],[4,7,9],[4,9,10],[5,7,10],[5,9,10],[7,8,10]]

manifold_lex_d2_n10_o1_g1_#738=[[1,2,3],[1,2,4],[1,3,4],[2,3,5],[2,4,6],
 [2,5,7],[2,6,7],[3,4,8],[3,5,9],[3,6,7],[3,6,10],[3,7,9],[3,8,10],
 [4,6,10],[4,7,8],[4,7,10],[5,7,8],[5,8,9],[7,9,10],[8,9,10]]

manifold_lex_d2_n10_o1_g1_#739=[[1,2,3],[1,2,4],[1,3,4],[2,3,5],[2,4,6],
 [2,5,7],[2,6,7],[3,4,8],[3,5,9],[3,6,7],[3,6,10],[3,7,9],[3,8,10],
 [4,6,10],[4,7,8],[4,7,10],[5,7,8],[5,8,10],[5,9,10],[7,9,10]]

manifold_lex_d2_n10_o1_g1_#740=[[1,2,3],[1,2,4],[1,3,4],[2,3,5],[2,4,6],
 [2,5,7],[2,6,7],[3,4,8],[3,5,9],[3,6,7],[3,6,10],[3,7,9],[3,8,10],
 [4,6,10],[4,8,9],[4,9,10],[5,7,8],[5,8,10],[5,9,10],[7,8,9]]

manifold_lex_d2_n10_o1_g1_#741=[[1,2,3],[1,2,4],[1,3,4],[2,3,5],[2,4,6],
 [2,5,7],[2,6,7],[3,4,8],[3,5,9],[3,6,7],[3,6,10],[3,7,9],[3,8,10],
 [4,6,10],[4,8,9],[4,9,10],[5,7,10],[5,9,10],[7,8,9],[7,8,10]]

manifold_lex_d2_n10_o1_g1_#742=[[1,2,3],[1,2,4],[1,3,4],[2,3,5],[2,4,6],
 [2,5,7],[2,6,7],[3,4,8],[3,5,9],[3,6,8],[3,6,9],[4,5,8],[4,5,10],
 [4,6,10],[5,7,10],[5,8,9],[6,7,9],[6,8,10],[7,8,9],[7,8,10]]

manifold_lex_d2_n10_o1_g1_#743=[[1,2,3],[1,2,4],[1,3,4],[2,3,5],[2,4,6],
 [2,5,7],[2,6,7],[3,4,8],[3,5,9],[3,6,8],[3,6,9],[4,5,8],[4,5,10],
 [4,6,10],[5,7,10],[5,8,9],[6,7,9],[6,8,10],[7,9,10],[8,9,10]]

manifold_lex_d2_n10_o1_g1_#744=[[1,2,3],[1,2,4],[1,3,4],[2,3,5],[2,4,6],
 [2,5,7],[2,6,7],[3,4,8],[3,5,9],[3,6,8],[3,6,9],[4,5,9],[4,5,10],
 [4,6,10],[4,7,8],[4,7,9],[5,6,8],[5,6,10],[5,7,8],[6,7,9]]

manifold_lex_d2_n10_o1_g1_#745=[[1,2,3],[1,2,4],[1,3,4],[2,3,5],[2,4,6],
 [2,5,7],[2,6,7],[3,4,8],[3,5,9],[3,6,8],[3,6,9],[4,5,9],[4,5,10],
 [4,6,10],[4,7,8],[4,7,9],[5,7,8],[5,8,10],[6,7,9],[6,8,10]]

manifold_lex_d2_n10_o1_g1_#746=[[1,2,3],[1,2,4],[1,3,4],[2,3,5],[2,4,6],
 [2,5,7],[2,6,7],[3,4,8],[3,5,9],[3,6,8],[3,6,9],[4,5,9],[4,5,10],
 [4,6,10],[4,7,8],[4,7,9],[5,7,10],[6,7,9],[6,8,10],[7,8,10]]

manifold_lex_d2_n10_o1_g1_#747=[[1,2,3],[1,2,4],[1,3,4],[2,3,5],[2,4,6],
 [2,5,7],[2,6,7],[3,4,8],[3,5,9],[3,6,8],[3,6,9],[4,5,9],[4,5,10],
 [4,6,10],[4,8,9],[5,6,8],[5,6,10],[5,7,8],[6,7,9],[7,8,9]]

manifold_lex_d2_n10_o1_g1_#748=[[1,2,3],[1,2,4],[1,3,4],[2,3,5],[2,4,6],
 [2,5,7],[2,6,7],[3,4,8],[3,5,9],[3,6,8],[3,6,9],[4,5,9],[4,5,10],
 [4,6,10],[4,8,9],[5,7,8],[5,8,10],[6,7,9],[6,8,10],[7,8,9]]

manifold_lex_d2_n10_o1_g1_#749=[[1,2,3],[1,2,4],[1,3,4],[2,3,5],[2,4,6],
 [2,5,7],[2,6,7],[3,4,8],[3,5,9],[3,6,8],[3,6,9],[4,5,9],[4,5,10],
 [4,6,10],[4,8,9],[5,7,10],[6,7,9],[6,8,10],[7,8,9],[7,8,10]]

manifold_lex_d2_n10_o1_g1_#750=[[1,2,3],[1,2,4],[1,3,4],[2,3,5],[2,4,6],
 [2,5,7],[2,6,7],[3,4,8],[3,5,9],[3,6,8],[3,6,9],[4,5,9],[4,5,10],
 [4,6,10],[4,8,9],[5,7,10],[6,7,9],[6,8,10],[7,9,10],[8,9,10]]

manifold_lex_d2_n10_o1_g1_#751=[[1,2,3],[1,2,4],[1,3,4],[2,3,5],[2,4,6],
 [2,5,7],[2,6,7],[3,4,8],[3,5,9],[3,6,8],[3,6,9],[4,6,10],[4,7,8],
 [4,7,9],[4,9,10],[5,6,8],[5,6,10],[5,7,8],[5,9,10],[6,7,9]]

manifold_lex_d2_n10_o1_g1_#752=[[1,2,3],[1,2,4],[1,3,4],[2,3,5],[2,4,6],
 [2,5,7],[2,6,7],[3,4,8],[3,5,9],[3,6,8],[3,6,9],[4,6,10],[4,7,8],
 [4,7,9],[4,9,10],[5,7,8],[5,8,9],[6,7,9],[6,8,10],[8,9,10]]

manifold_lex_d2_n10_o1_g1_#753=[[1,2,3],[1,2,4],[1,3,4],[2,3,5],[2,4,6],
 [2,5,7],[2,6,7],[3,4,8],[3,5,9],[3,6,8],[3,6,9],[4,6,10],[4,7,8],
 [4,7,9],[4,9,10],[5,7,8],[5,8,10],[5,9,10],[6,7,9],[6,8,10]]

manifold_lex_d2_n10_o1_g1_#754=[[1,2,3],[1,2,4],[1,3,4],[2,3,5],[2,4,6],
 [2,5,7],[2,6,7],[3,4,8],[3,5,9],[3,6,8],[3,6,9],[4,6,10],[4,7,8],
 [4,7,9],[4,9,10],[5,7,10],[5,9,10],[6,7,9],[6,8,10],[7,8,10]]

manifold_lex_d2_n10_o1_g1_#755=[[1,2,3],[1,2,4],[1,3,4],[2,3,5],[2,4,6],
 [2,5,7],[2,6,7],[3,4,8],[3,5,9],[3,6,8],[3,6,9],[4,6,10],[4,7,8],
 [4,7,10],[5,6,8],[5,6,10],[5,7,8],[5,9,10],[6,7,9],[7,9,10]]

manifold_lex_d2_n10_o1_g1_#756=[[1,2,3],[1,2,4],[1,3,4],[2,3,5],[2,4,6],
 [2,5,7],[2,6,7],[3,4,8],[3,5,9],[3,6,8],[3,6,9],[4,6,10],[4,7,8],
 [4,7,10],[5,7,8],[5,8,9],[6,7,9],[6,8,10],[7,9,10],[8,9,10]]

manifold_lex_d2_n10_o1_g1_#757=[[1,2,3],[1,2,4],[1,3,4],[2,3,5],[2,4,6],
 [2,5,7],[2,6,7],[3,4,8],[3,5,9],[3,6,8],[3,6,9],[4,6,10],[4,7,8],
 [4,7,10],[5,7,8],[5,8,10],[5,9,10],[6,7,9],[6,8,10],[7,9,10]]

manifold_lex_d2_n10_o1_g1_#758=[[1,2,3],[1,2,4],[1,3,4],[2,3,5],[2,4,6],
 [2,5,7],[2,6,7],[3,4,8],[3,5,9],[3,6,8],[3,6,9],[4,6,10],[4,8,9],
 [4,9,10],[5,6,8],[5,6,10],[5,7,8],[5,9,10],[6,7,9],[7,8,9]]

manifold_lex_d2_n10_o1_g1_#759=[[1,2,3],[1,2,4],[1,3,4],[2,3,5],[2,4,6],
 [2,5,7],[2,6,7],[3,4,8],[3,5,9],[3,6,8],[3,6,9],[4,6,10],[4,8,9],
 [4,9,10],[5,7,8],[5,8,10],[5,9,10],[6,7,9],[6,8,10],[7,8,9]]

manifold_lex_d2_n10_o1_g1_#760=[[1,2,3],[1,2,4],[1,3,4],[2,3,5],[2,4,6],
 [2,5,7],[2,6,7],[3,4,8],[3,5,9],[3,6,8],[3,6,9],[4,6,10],[4,8,9],
 [4,9,10],[5,7,10],[5,9,10],[6,7,9],[6,8,10],[7,8,9],[7,8,10]]

manifold_lex_d2_n10_o1_g1_#761=[[1,2,3],[1,2,4],[1,3,4],[2,3,5],[2,4,6],
 [2,5,7],[2,6,7],[3,4,8],[3,5,9],[3,6,8],[3,6,10],[3,7,9],[3,7,10],
 [4,6,9],[4,7,8],[4,7,9],[5,6,8],[5,6,9],[5,7,8],[6,7,10]]

manifold_lex_d2_n10_o1_g1_#762=[[1,2,3],[1,2,4],[1,3,4],[2,3,5],[2,4,6],
 [2,5,7],[2,6,7],[3,4,8],[3,5,9],[3,6,8],[3,6,10],[3,7,9],[3,7,10],
 [4,6,9],[4,7,8],[4,7,9],[5,7,8],[5,8,9],[6,7,10],[6,8,9]]

manifold_lex_d2_n10_o1_g1_#763=[[1,2,3],[1,2,4],[1,3,4],[2,3,5],[2,4,6],
 [2,5,7],[2,6,7],[3,4,8],[3,5,9],[3,6,8],[3,6,10],[3,9,10],[4,5,8],
 [4,5,10],[4,6,9],[4,9,10],[5,6,7],[5,6,10],[5,8,9],[6,8,9]]

manifold_lex_d2_n10_o1_g1_#764=[[1,2,3],[1,2,4],[1,3,4],[2,3,5],[2,4,6],
 [2,5,7],[2,6,7],[3,4,8],[3,5,9],[3,6,8],[3,6,10],[3,9,10],[4,5,8],
 [4,5,10],[4,6,9],[4,9,10],[5,6,8],[5,6,9],[5,7,10],[6,7,10]]

manifold_lex_d2_n10_o1_g1_#765=[[1,2,3],[1,2,4],[1,3,4],[2,3,5],[2,4,6],
 [2,5,7],[2,6,7],[3,4,8],[3,5,9],[3,6,8],[3,6,10],[3,9,10],[4,5,8],
 [4,5,10],[4,6,9],[4,9,10],[5,7,10],[5,8,9],[6,7,10],[6,8,9]]

manifold_lex_d2_n10_o1_g1_#766=[[1,2,3],[1,2,4],[1,3,4],[2,3,5],[2,4,6],
 [2,5,7],[2,6,7],[3,4,8],[3,5,9],[3,6,8],[3,6,10],[3,9,10],[4,6,9],
 [4,7,8],[4,7,9],[5,6,8],[5,6,9],[5,7,8],[6,7,10],[7,9,10]]

manifold_lex_d2_n10_o1_g1_#767=[[1,2,3],[1,2,4],[1,3,4],[2,3,5],[2,4,6],
 [2,5,7],[2,6,7],[3,4,8],[3,5,9],[3,6,8],[3,6,10],[3,9,10],[4,6,9],
 [4,7,8],[4,7,9],[5,7,8],[5,8,9],[6,7,10],[6,8,9],[7,9,10]]

manifold_lex_d2_n10_o1_g1_#768=[[1,2,3],[1,2,4],[1,3,4],[2,3,5],[2,4,6],
 [2,5,7],[2,6,7],[3,4,8],[3,5,9],[3,6,8],[3,6,10],[3,9,10],[4,6,9],
 [4,7,8],[4,7,10],[4,9,10],[5,6,8],[5,6,9],[5,7,8],[6,7,10]]

manifold_lex_d2_n10_o1_g1_#769=[[1,2,3],[1,2,4],[1,3,4],[2,3,5],[2,4,6],
 [2,5,7],[2,6,7],[3,4,8],[3,5,9],[3,6,8],[3,6,10],[3,9,10],[4,6,9],
 [4,7,8],[4,7,10],[4,9,10],[5,7,8],[5,8,9],[6,7,10],[6,8,9]]

manifold_lex_d2_n10_o1_g1_#770=[[1,2,3],[1,2,4],[1,3,4],[2,3,5],[2,4,6],
 [2,5,7],[2,6,7],[3,4,8],[3,5,9],[3,6,8],[3,6,10],[3,9,10],[4,6,9],
 [4,7,8],[4,7,10],[4,9,10],[5,7,9],[6,7,10],[6,8,9],[7,8,9]]

manifold_lex_d2_n10_o1_g1_#771=[[1,2,3],[1,2,4],[1,3,4],[2,3,5],[2,4,6],
 [2,5,7],[2,6,7],[3,4,8],[3,5,9],[3,6,8],[3,6,10],[3,9,10],[4,6,9],
 [4,8,10],[4,9,10],[5,6,7],[5,6,10],[5,8,9],[5,8,10],[6,8,9]]

manifold_lex_d2_n10_o1_g1_#772=[[1,2,3],[1,2,4],[1,3,4],[2,3,5],[2,4,6],
 [2,5,7],[2,6,7],[3,4,8],[3,5,9],[3,6,8],[3,6,10],[3,9,10],[4,6,9],
 [4,8,10],[4,9,10],[5,6,8],[5,6,9],[5,7,8],[6,7,10],[7,8,10]]

manifold_lex_d2_n10_o1_g1_#773=[[1,2,3],[1,2,4],[1,3,4],[2,3,5],[2,4,6],
 [2,5,7],[2,6,7],[3,4,8],[3,5,9],[3,6,8],[3,6,10],[3,9,10],[4,6,9],
 [4,8,10],[4,9,10],[5,6,8],[5,6,9],[5,7,10],[5,8,10],[6,7,10]]

manifold_lex_d2_n10_o1_g1_#774=[[1,2,3],[1,2,4],[1,3,4],[2,3,5],[2,4,6],
 [2,5,7],[2,6,7],[3,4,8],[3,5,9],[3,6,8],[3,6,10],[3,9,10],[4,6,9],
 [4,8,10],[4,9,10],[5,7,8],[5,8,9],[6,7,10],[6,8,9],[7,8,10]]

manifold_lex_d2_n10_o1_g1_#775=[[1,2,3],[1,2,4],[1,3,4],[2,3,5],[2,4,6],
 [2,5,7],[2,6,7],[3,4,8],[3,5,9],[3,6,8],[3,6,10],[3,9,10],[4,6,9],
 [4,8,10],[4,9,10],[5,7,9],[6,7,10],[6,8,9],[7,8,9],[7,8,10]]

manifold_lex_d2_n10_o1_g1_#776=[[1,2,3],[1,2,4],[1,3,4],[2,3,5],[2,4,6],
 [2,5,7],[2,6,7],[3,4,8],[3,5,9],[3,6,8],[3,6,10],[3,9,10],[4,6,9],
 [4,8,10],[4,9,10],[5,7,10],[5,8,9],[5,8,10],[6,7,10],[6,8,9]]

manifold_lex_d2_n10_o1_g1_#777=[[1,2,3],[1,2,4],[1,3,4],[2,3,5],[2,4,6],
 [2,5,7],[2,6,7],[3,4,8],[3,5,9],[3,6,9],[3,6,10],[3,7,8],[3,7,10],
 [4,5,9],[4,5,10],[4,6,10],[4,7,8],[4,7,9],[5,7,10],[6,7,9]]

manifold_lex_d2_n10_o1_g1_#778=[[1,2,3],[1,2,4],[1,3,4],[2,3,5],[2,4,6],
 [2,5,7],[2,6,7],[3,4,8],[3,5,9],[3,6,9],[3,6,10],[3,7,8],[3,7,10],
 [4,5,9],[4,5,10],[4,6,10],[4,8,9],[5,7,10],[6,7,8],[6,8,9]]

manifold_lex_d2_n10_o1_g1_#779=[[1,2,3],[1,2,4],[1,3,4],[2,3,5],[2,4,6],
 [2,5,7],[2,6,7],[3,4,8],[3,5,9],[3,6,9],[3,6,10],[3,7,8],[3,7,10],
 [4,5,9],[4,5,10],[4,6,10],[4,8,9],[5,7,10],[6,7,9],[7,8,9]]

manifold_lex_d2_n10_o1_g1_#780=[[1,2,3],[1,2,4],[1,3,4],[2,3,5],[2,4,6],
 [2,5,7],[2,6,7],[3,4,8],[3,5,9],[3,6,9],[3,6,10],[3,7,8],[3,7,10],
 [4,6,10],[4,7,8],[4,7,9],[4,9,10],[5,7,10],[5,9,10],[6,7,9]]

manifold_lex_d2_n10_o1_g1_#781=[[1,2,3],[1,2,4],[1,3,4],[2,3,5],[2,4,6],
 [2,5,7],[2,6,7],[3,4,8],[3,5,9],[3,6,9],[3,6,10],[3,7,8],[3,7,10],
 [4,6,10],[4,7,9],[4,7,10],[4,8,9],[5,7,9],[6,7,8],[6,8,9]]

manifold_lex_d2_n10_o1_g1_#782=[[1,2,3],[1,2,4],[1,3,4],[2,3,5],[2,4,6],
 [2,5,7],[2,6,7],[3,4,8],[3,5,9],[3,6,9],[3,6,10],[3,7,8],[3,7,10],
 [4,6,10],[4,8,9],[4,9,10],[5,7,9],[6,7,8],[6,8,9],[7,9,10]]

manifold_lex_d2_n10_o1_g1_#783=[[1,2,3],[1,2,4],[1,3,4],[2,3,5],[2,4,6],
 [2,5,7],[2,6,7],[3,4,8],[3,5,9],[3,6,9],[3,6,10],[3,7,8],[3,7,10],
 [4,6,10],[4,8,9],[4,9,10],[5,7,10],[5,9,10],[6,7,8],[6,8,9]]

manifold_lex_d2_n10_o1_g1_#784=[[1,2,3],[1,2,4],[1,3,4],[2,3,5],[2,4,6],
 [2,5,7],[2,6,7],[3,4,8],[3,5,9],[3,6,9],[3,6,10],[3,7,8],[3,7,10],
 [4,6,10],[4,8,9],[4,9,10],[5,7,10],[5,9,10],[6,7,9],[7,8,9]]

manifold_lex_d2_n10_o1_g1_#785=[[1,2,3],[1,2,4],[1,3,4],[2,3,5],[2,4,6],
 [2,5,7],[2,6,7],[3,4,8],[3,5,9],[3,6,9],[3,6,10],[3,8,10],[4,5,9],
 [4,5,10],[4,6,10],[4,8,9],[5,6,7],[5,6,8],[5,8,10],[6,8,9]]

manifold_lex_d2_n10_o1_g1_#786=[[1,2,3],[1,2,4],[1,3,4],[2,3,5],[2,4,6],
 [2,5,7],[2,6,7],[3,4,8],[3,5,9],[3,6,9],[3,6,10],[3,8,10],[4,5,9],
 [4,5,10],[4,6,10],[4,8,9],[5,7,8],[5,8,10],[6,7,8],[6,8,9]]

manifold_lex_d2_n10_o1_g1_#787=[[1,2,3],[1,2,4],[1,3,4],[2,3,5],[2,4,6],
 [2,5,7],[2,6,7],[3,4,8],[3,5,9],[3,6,9],[3,6,10],[3,8,10],[4,5,9],
 [4,5,10],[4,6,10],[4,8,9],[5,7,8],[5,8,10],[6,7,9],[7,8,9]]

manifold_lex_d2_n10_o1_g1_#788=[[1,2,3],[1,2,4],[1,3,4],[2,3,5],[2,4,6],
 [2,5,7],[2,6,7],[3,4,8],[3,5,9],[3,6,9],[3,6,10],[3,8,10],[4,5,9],
 [4,5,10],[4,6,10],[4,8,9],[5,7,10],[6,7,9],[7,8,9],[7,8,10]]

manifold_lex_d2_n10_o1_g1_#789=[[1,2,3],[1,2,4],[1,3,4],[2,3,5],[2,4,6],
 [2,5,7],[2,6,7],[3,4,8],[3,5,9],[3,6,9],[3,6,10],[3,8,10],[4,5,9],
 [4,5,10],[4,6,10],[4,8,9],[5,7,10],[6,7,9],[7,9,10],[8,9,10]]

manifold_lex_d2_n10_o1_g1_#790=[[1,2,3],[1,2,4],[1,3,4],[2,3,5],[2,4,6],
 [2,5,7],[2,6,7],[3,4,8],[3,5,9],[3,6,9],[3,6,10],[3,8,10],[4,6,10],
 [4,7,8],[4,7,9],[4,9,10],[5,7,8],[5,8,9],[6,7,9],[8,9,10]]

manifold_lex_d2_n10_o1_g1_#791=[[1,2,3],[1,2,4],[1,3,4],[2,3,5],[2,4,6],
 [2,5,7],[2,6,7],[3,4,8],[3,5,9],[3,6,9],[3,6,10],[3,8,10],[4,6,10],
 [4,7,8],[4,7,9],[4,9,10],[5,7,8],[5,8,10],[5,9,10],[6,7,9]]

manifold_lex_d2_n10_o1_g1_#792=[[1,2,3],[1,2,4],[1,3,4],[2,3,5],[2,4,6],
 [2,5,7],[2,6,7],[3,4,8],[3,5,9],[3,6,9],[3,6,10],[3,8,10],[4,6,10],
 [4,7,8],[4,7,9],[4,9,10],[5,7,10],[5,9,10],[6,7,9],[7,8,10]]

manifold_lex_d2_n10_o1_g1_#793=[[1,2,3],[1,2,4],[1,3,4],[2,3,5],[2,4,6],
 [2,5,7],[2,6,7],[3,4,8],[3,5,9],[3,6,9],[3,6,10],[3,8,10],[4,6,10],
 [4,7,8],[4,7,10],[5,7,8],[5,8,9],[6,7,9],[7,9,10],[8,9,10]]

manifold_lex_d2_n10_o1_g1_#794=[[1,2,3],[1,2,4],[1,3,4],[2,3,5],[2,4,6],
 [2,5,7],[2,6,7],[3,4,8],[3,5,9],[3,6,9],[3,6,10],[3,8,10],[4,6,10],
 [4,7,8],[4,7,10],[5,7,8],[5,8,10],[5,9,10],[6,7,9],[7,9,10]]

manifold_lex_d2_n10_o1_g1_#795=[[1,2,3],[1,2,4],[1,3,4],[2,3,5],[2,4,6],
 [2,5,7],[2,6,7],[3,4,8],[3,5,9],[3,6,9],[3,6,10],[3,8,10],[4,6,10],
 [4,7,9],[4,7,10],[4,8,9],[5,7,9],[6,7,8],[6,8,9],[7,8,10]]

manifold_lex_d2_n10_o1_g1_#796=[[1,2,3],[1,2,4],[1,3,4],[2,3,5],[2,4,6],
 [2,5,7],[2,6,7],[3,4,8],[3,5,9],[3,6,9],[3,6,10],[3,8,10],[4,6,10],
 [4,8,9],[4,9,10],[5,6,7],[5,6,8],[5,8,10],[5,9,10],[6,8,9]]

manifold_lex_d2_n10_o1_g1_#797=[[1,2,3],[1,2,4],[1,3,4],[2,3,5],[2,4,6],
 [2,5,7],[2,6,7],[3,4,8],[3,5,9],[3,6,9],[3,6,10],[3,8,10],[4,6,10],
 [4,8,9],[4,9,10],[5,7,8],[5,8,10],[5,9,10],[6,7,8],[6,8,9]]

manifold_lex_d2_n10_o1_g1_#798=[[1,2,3],[1,2,4],[1,3,4],[2,3,5],[2,4,6],
 [2,5,7],[2,6,7],[3,4,8],[3,5,9],[3,6,9],[3,6,10],[3,8,10],[4,6,10],
 [4,8,9],[4,9,10],[5,7,8],[5,8,10],[5,9,10],[6,7,9],[7,8,9]]

manifold_lex_d2_n10_o1_g1_#799=[[1,2,3],[1,2,4],[1,3,4],[2,3,5],[2,4,6],
 [2,5,7],[2,6,7],[3,4,8],[3,5,9],[3,6,9],[3,6,10],[3,8,10],[4,6,10],
 [4,8,9],[4,9,10],[5,7,9],[6,7,8],[6,8,9],[7,8,10],[7,9,10]]

manifold_lex_d2_n10_o1_g1_#800=[[1,2,3],[1,2,4],[1,3,4],[2,3,5],[2,4,6],
 [2,5,7],[2,6,7],[3,4,8],[3,5,9],[3,6,9],[3,6,10],[3,8,10],[4,6,10],
 [4,8,9],[4,9,10],[5,7,10],[5,9,10],[6,7,8],[6,8,9],[7,8,10]]

manifold_lex_d2_n10_o1_g1_#801=[[1,2,3],[1,2,4],[1,3,4],[2,3,5],[2,4,6],
 [2,5,7],[2,6,7],[3,4,8],[3,5,9],[3,6,9],[3,6,10],[3,8,10],[4,6,10],
 [4,8,9],[4,9,10],[5,7,10],[5,9,10],[6,7,9],[7,8,9],[7,8,10]]

manifold_lex_d2_n10_o1_g1_#802=[[1,2,3],[1,2,4],[1,3,4],[2,3,5],[2,4,6],
 [2,5,7],[2,6,7],[3,4,8],[3,5,9],[3,7,8],[3,7,9],[4,6,9],[4,7,9],
 [4,7,10],[4,8,10],[5,6,8],[5,6,9],[5,7,10],[5,8,10],[6,7,8]]

manifold_lex_d2_n10_o1_g1_#803=[[1,2,3],[1,2,4],[1,3,4],[2,3,5],[2,4,6],
 [2,5,7],[2,6,7],[3,4,8],[3,5,9],[3,7,8],[3,7,9],[4,6,9],[4,7,9],
 [4,7,10],[4,8,10],[5,6,9],[5,6,10],[5,7,10],[6,7,8],[6,8,10]]

manifold_lex_d2_n10_o1_g1_#804=[[1,2,3],[1,2,4],[1,3,4],[2,3,5],[2,4,6],
 [2,5,7],[2,6,7],[3,4,8],[3,5,9],[3,7,8],[3,7,9],[4,6,9],[4,7,9],
 [4,7,10],[4,8,10],[5,7,10],[5,8,9],[5,8,10],[6,7,8],[6,8,9]]

manifold_lex_d2_n10_o1_g1_#805=[[1,2,3],[1,2,4],[1,3,4],[2,3,5],[2,4,6],
 [2,5,7],[2,6,7],[3,4,8],[3,5,9],[3,7,8],[3,7,9],[4,6,9],[4,7,9],
 [4,7,10],[4,8,10],[5,7,10],[5,9,10],[6,7,8],[6,8,9],[8,9,10]]

manifold_lex_d2_n10_o1_g1_#806=[[1,2,3],[1,2,4],[1,3,4],[2,3,5],[2,4,6],
 [2,5,7],[2,6,7],[3,4,8],[3,5,9],[3,7,8],[3,7,9],[4,6,9],[4,7,9],
 [4,7,10],[4,8,10],[5,7,10],[5,9,10],[6,7,8],[6,8,10],[6,9,10]]

manifold_lex_d2_n10_o1_g1_#807=[[1,2,3],[1,2,4],[1,3,4],[2,3,5],[2,4,6],
 [2,5,7],[2,6,7],[3,4,8],[3,5,9],[3,7,8],[3,7,9],[4,6,9],[4,8,9],
 [5,6,8],[5,6,9],[5,7,10],[5,8,10],[6,7,8],[7,9,10],[8,9,10]]

manifold_lex_d2_n10_o1_g1_#808=[[1,2,3],[1,2,4],[1,3,4],[2,3,5],[2,4,6],
 [2,5,7],[2,6,7],[3,4,8],[3,5,9],[3,7,8],[3,7,9],[4,6,9],[4,8,9],
 [5,6,9],[5,6,10],[5,7,10],[6,7,8],[6,8,10],[7,9,10],[8,9,10]]

manifold_lex_d2_n10_o1_g1_#809=[[1,2,3],[1,2,4],[1,3,4],[2,3,5],[2,4,6],
 [2,5,7],[2,6,7],[3,4,8],[3,5,9],[3,7,8],[3,7,9],[4,6,9],[4,8,10],
 [4,9,10],[5,6,8],[5,6,9],[5,7,10],[5,8,10],[6,7,8],[7,9,10]]

manifold_lex_d2_n10_o1_g1_#810=[[1,2,3],[1,2,4],[1,3,4],[2,3,5],[2,4,6],
 [2,5,7],[2,6,7],[3,4,8],[3,5,9],[3,7,8],[3,7,9],[4,6,9],[4,8,10],
 [4,9,10],[5,6,9],[5,6,10],[5,7,10],[6,7,8],[6,8,10],[7,9,10]]

manifold_lex_d2_n10_o1_g1_#811=[[1,2,3],[1,2,4],[1,3,4],[2,3,5],[2,4,6],
 [2,5,7],[2,6,7],[3,4,8],[3,5,9],[3,7,8],[3,7,9],[4,6,9],[4,8,10],
 [4,9,10],[5,7,10],[5,8,9],[5,8,10],[6,7,8],[6,8,9],[7,9,10]]

manifold_lex_d2_n10_o1_g1_#812=[[1,2,3],[1,2,4],[1,3,4],[2,3,5],[2,4,6],
 [2,5,7],[2,6,7],[3,4,8],[3,5,9],[3,7,8],[3,7,9],[4,6,10],[4,8,10],
 [5,6,8],[5,6,9],[5,7,10],[5,8,10],[6,7,8],[6,9,10],[7,9,10]]

manifold_lex_d2_n10_o1_g1_#813=[[1,2,3],[1,2,4],[1,3,4],[2,3,5],[2,4,6],
 [2,5,7],[2,6,7],[3,4,8],[3,5,9],[3,7,8],[3,7,9],[4,6,10],[4,8,10],
 [5,7,10],[5,8,9],[5,8,10],[6,7,8],[6,8,9],[6,9,10],[7,9,10]]

manifold_lex_d2_n10_o1_g1_#814=[[1,2,3],[1,2,4],[1,3,4],[2,3,5],[2,4,6],
 [2,5,7],[2,6,7],[3,4,8],[3,5,9],[3,7,8],[3,7,10],[3,9,10],[4,6,9],
 [4,8,9],[5,6,8],[5,6,9],[5,7,10],[5,8,10],[6,7,8],[8,9,10]]

manifold_lex_d2_n10_o1_g1_#815=[[1,2,3],[1,2,4],[1,3,4],[2,3,5],[2,4,6],
 [2,5,7],[2,6,7],[3,4,8],[3,5,9],[3,7,8],[3,7,10],[3,9,10],[4,6,9],
 [4,8,9],[5,6,9],[5,6,10],[5,7,10],[6,7,8],[6,8,10],[8,9,10]]

manifold_lex_d2_n10_o1_g1_#816=[[1,2,3],[1,2,4],[1,3,4],[2,3,5],[2,4,6],
 [2,5,7],[2,6,7],[3,4,8],[3,5,9],[3,7,8],[3,7,10],[3,9,10],[4,6,9],
 [4,8,10],[4,9,10],[5,6,8],[5,6,9],[5,7,10],[5,8,10],[6,7,8]]

manifold_lex_d2_n10_o1_g1_#817=[[1,2,3],[1,2,4],[1,3,4],[2,3,5],[2,4,6],
 [2,5,7],[2,6,7],[3,4,8],[3,5,9],[3,7,8],[3,7,10],[3,9,10],[4,6,9],
 [4,8,10],[4,9,10],[5,6,9],[5,6,10],[5,7,10],[6,7,8],[6,8,10]]

manifold_lex_d2_n10_o1_g1_#818=[[1,2,3],[1,2,4],[1,3,4],[2,3,5],[2,4,6],
 [2,5,7],[2,6,7],[3,4,8],[3,5,9],[3,7,8],[3,7,10],[3,9,10],[4,6,9],
 [4,8,10],[4,9,10],[5,7,10],[5,8,9],[5,8,10],[6,7,8],[6,8,9]]

manifold_lex_d2_n10_o1_g1_#819=[[1,2,3],[1,2,4],[1,3,4],[2,3,5],[2,4,6],
 [2,5,7],[2,6,7],[3,4,8],[3,5,9],[3,7,8],[3,7,10],[3,9,10],[4,6,9],
 [4,8,10],[4,9,10],[5,7,10],[5,8,9],[5,8,10],[6,7,9],[7,8,9]]

manifold_lex_d2_n10_o1_g1_#820=[[1,2,3],[1,2,4],[1,3,4],[2,3,5],[2,4,6],
 [2,5,7],[2,6,7],[3,4,8],[3,5,9],[3,7,8],[3,7,10],[3,9,10],[4,6,10],
 [4,7,9],[4,7,10],[4,8,9],[5,7,9],[6,7,8],[6,8,9],[6,9,10]]

manifold_lex_d2_n10_o1_g1_#821=[[1,2,3],[1,2,4],[1,3,4],[2,3,5],[2,4,6],
 [2,5,7],[2,6,7],[3,4,8],[3,5,9],[3,7,8],[3,7,10],[3,9,10],[4,6,10],
 [4,7,9],[4,7,10],[4,8,9],[5,7,9],[6,7,8],[6,8,10],[8,9,10]]

manifold_lex_d2_n10_o1_g1_#822=[[1,2,3],[1,2,4],[1,3,4],[2,3,5],[2,4,6],
 [2,5,7],[2,6,7],[3,4,8],[3,5,9],[3,7,8],[3,7,10],[3,9,10],[4,6,10],
 [4,8,10],[5,6,8],[5,6,9],[5,7,10],[5,8,10],[6,7,8],[6,9,10]]

manifold_lex_d2_n10_o1_g1_#823=[[1,2,3],[1,2,4],[1,3,4],[2,3,5],[2,4,6],
 [2,5,7],[2,6,7],[3,4,8],[3,5,9],[3,7,8],[3,7,10],[3,9,10],[4,6,10],
 [4,8,10],[5,7,10],[5,8,9],[5,8,10],[6,7,8],[6,8,9],[6,9,10]]

manifold_lex_d2_n10_o1_g1_#824=[[1,2,3],[1,2,4],[1,3,4],[2,3,5],[2,4,6],
 [2,5,7],[2,6,7],[3,4,8],[3,5,9],[3,7,8],[3,7,10],[3,9,10],[4,6,10],
 [4,8,10],[5,7,10],[5,8,9],[5,8,10],[6,7,9],[6,9,10],[7,8,9]]

manifold_lex_d2_n10_o1_g1_#825=[[1,2,3],[1,2,4],[1,3,4],[2,3,5],[2,4,6],
 [2,5,7],[2,6,7],[3,4,8],[3,5,9],[3,7,9],[3,7,10],[3,8,10],[4,6,10],
 [4,8,9],[4,9,10],[5,7,8],[5,8,10],[5,9,10],[6,7,10],[7,8,9]]

manifold_lex_d2_n10_o1_g1_#826=[[1,2,3],[1,2,4],[1,3,4],[2,3,5],[2,4,6],
 [2,5,7],[2,6,7],[3,4,8],[3,5,9],[3,8,9],[4,6,10],[4,8,10],[5,6,8],
 [5,6,9],[5,7,10],[5,8,10],[6,7,8],[6,9,10],[7,8,9],[7,9,10]]

manifold_lex_d2_n10_o1_g1_#827=[[1,2,3],[1,2,4],[1,3,4],[2,3,5],[2,4,6],
 [2,5,7],[2,6,8],[2,7,8],[3,4,7],[3,5,6],[3,6,9],[3,7,9],[4,5,8],
 [4,5,10],[4,6,9],[4,7,8],[4,9,10],[5,6,8],[5,7,10],[7,9,10]]

manifold_lex_d2_n10_o1_g1_#828=[[1,2,3],[1,2,4],[1,3,4],[2,3,5],[2,4,6],
 [2,5,7],[2,6,8],[2,7,8],[3,4,7],[3,5,6],[3,6,9],[3,7,9],[4,5,8],
 [4,5,10],[4,6,10],[4,7,8],[5,6,8],[5,7,9],[5,9,10],[6,9,10]]

manifold_lex_d2_n10_o1_g1_#829=[[1,2,3],[1,2,4],[1,3,4],[2,3,5],[2,4,6],
 [2,5,7],[2,6,8],[2,7,8],[3,4,7],[3,5,6],[3,6,9],[3,7,9],[4,5,8],
 [4,5,10],[4,6,10],[4,7,8],[5,6,8],[5,7,10],[6,7,9],[6,7,10]]

manifold_lex_d2_n10_o1_g1_#830=[[1,2,3],[1,2,4],[1,3,4],[2,3,5],[2,4,6],
 [2,5,7],[2,6,8],[2,7,8],[3,4,7],[3,5,6],[3,6,9],[3,7,9],[4,5,8],
 [4,5,10],[4,6,10],[4,7,8],[5,6,8],[5,7,10],[6,9,10],[7,9,10]]

manifold_lex_d2_n10_o1_g1_#831=[[1,2,3],[1,2,4],[1,3,4],[2,3,5],[2,4,6],
 [2,5,7],[2,6,8],[2,7,8],[3,4,7],[3,5,6],[3,6,9],[3,7,9],[4,6,9],
 [4,7,8],[4,8,9],[5,6,7],[6,7,10],[6,8,10],[7,9,10],[8,9,10]]

manifold_lex_d2_n10_o1_g1_#832=[[1,2,3],[1,2,4],[1,3,4],[2,3,5],[2,4,6],
 [2,5,7],[2,6,8],[2,7,8],[3,4,7],[3,5,6],[3,6,9],[3,7,9],[4,6,9],
 [4,7,8],[4,8,9],[5,6,8],[5,7,9],[5,8,10],[5,9,10],[8,9,10]]

manifold_lex_d2_n10_o1_g1_#833=[[1,2,3],[1,2,4],[1,3,4],[2,3,5],[2,4,6],
 [2,5,7],[2,6,8],[2,7,8],[3,4,7],[3,5,6],[3,6,9],[3,7,9],[4,6,9],
 [4,7,8],[4,8,9],[5,6,8],[5,7,10],[5,8,9],[5,9,10],[7,9,10]]

manifold_lex_d2_n10_o1_g1_#834=[[1,2,3],[1,2,4],[1,3,4],[2,3,5],[2,4,6],
 [2,5,7],[2,6,8],[2,7,8],[3,4,7],[3,5,6],[3,6,9],[3,7,9],[4,6,9],
 [4,7,8],[4,8,9],[5,6,8],[5,7,10],[5,8,10],[7,9,10],[8,9,10]]

manifold_lex_d2_n10_o1_g1_#835=[[1,2,3],[1,2,4],[1,3,4],[2,3,5],[2,4,6],
 [2,5,7],[2,6,8],[2,7,8],[3,4,7],[3,5,6],[3,6,9],[3,7,9],[4,6,9],
 [4,7,8],[4,8,9],[5,6,10],[5,7,10],[6,8,10],[7,9,10],[8,9,10]]

manifold_lex_d2_n10_o1_g1_#836=[[1,2,3],[1,2,4],[1,3,4],[2,3,5],[2,4,6],
 [2,5,7],[2,6,8],[2,7,8],[3,4,7],[3,5,6],[3,6,9],[3,7,9],[4,6,9],
 [4,7,8],[4,8,10],[4,9,10],[5,6,7],[6,7,10],[6,8,10],[7,9,10]]

manifold_lex_d2_n10_o1_g1_#837=[[1,2,3],[1,2,4],[1,3,4],[2,3,5],[2,4,6],
 [2,5,7],[2,6,8],[2,7,8],[3,4,7],[3,5,6],[3,6,9],[3,7,9],[4,6,9],
 [4,7,8],[4,8,10],[4,9,10],[5,6,8],[5,7,9],[5,8,9],[8,9,10]]

manifold_lex_d2_n10_o1_g1_#838=[[1,2,3],[1,2,4],[1,3,4],[2,3,5],[2,4,6],
 [2,5,7],[2,6,8],[2,7,8],[3,4,7],[3,5,6],[3,6,9],[3,7,9],[4,6,9],
 [4,7,8],[4,8,10],[4,9,10],[5,6,8],[5,7,9],[5,8,10],[5,9,10]]

manifold_lex_d2_n10_o1_g1_#839=[[1,2,3],[1,2,4],[1,3,4],[2,3,5],[2,4,6],
 [2,5,7],[2,6,8],[2,7,8],[3,4,7],[3,5,6],[3,6,9],[3,7,9],[4,6,9],
 [4,7,8],[4,8,10],[4,9,10],[5,6,8],[5,7,10],[5,8,10],[7,9,10]]

manifold_lex_d2_n10_o1_g1_#840=[[1,2,3],[1,2,4],[1,3,4],[2,3,5],[2,4,6],
 [2,5,7],[2,6,8],[2,7,8],[3,4,7],[3,5,6],[3,6,9],[3,7,9],[4,6,9],
 [4,7,8],[4,8,10],[4,9,10],[5,6,10],[5,7,10],[6,8,10],[7,9,10]]

manifold_lex_d2_n10_o1_g1_#841=[[1,2,3],[1,2,4],[1,3,4],[2,3,5],[2,4,6],
 [2,5,7],[2,6,8],[2,7,8],[3,4,7],[3,5,6],[3,6,9],[3,7,9],[4,6,9],
 [4,7,10],[4,8,9],[4,8,10],[5,6,8],[5,7,9],[5,8,9],[7,8,10]]

manifold_lex_d2_n10_o1_g1_#842=[[1,2,3],[1,2,4],[1,3,4],[2,3,5],[2,4,6],
 [2,5,7],[2,6,8],[2,7,8],[3,4,7],[3,5,6],[3,6,9],[3,7,9],[4,6,9],
 [4,7,10],[4,9,10],[5,6,8],[5,7,9],[5,8,9],[7,8,10],[8,9,10]]

manifold_lex_d2_n10_o1_g1_#843=[[1,2,3],[1,2,4],[1,3,4],[2,3,5],[2,4,6],
 [2,5,7],[2,6,8],[2,7,8],[3,4,7],[3,5,6],[3,6,9],[3,7,9],[4,6,9],
 [4,7,10],[4,9,10],[5,6,8],[5,7,9],[5,8,10],[5,9,10],[7,8,10]]

manifold_lex_d2_n10_o1_g1_#844=[[1,2,3],[1,2,4],[1,3,4],[2,3,5],[2,4,6],
 [2,5,7],[2,6,8],[2,7,8],[3,4,7],[3,5,6],[3,6,9],[3,7,9],[4,6,9],
 [4,7,10],[4,9,10],[5,6,10],[5,7,9],[5,9,10],[6,7,8],[6,7,10]]

manifold_lex_d2_n10_o1_g1_#845=[[1,2,3],[1,2,4],[1,3,4],[2,3,5],[2,4,6],
 [2,5,7],[2,6,8],[2,7,8],[3,4,7],[3,5,6],[3,6,9],[3,7,9],[4,6,9],
 [4,7,10],[4,9,10],[5,6,10],[5,7,9],[5,9,10],[6,8,10],[7,8,10]]

manifold_lex_d2_n10_o1_g1_#846=[[1,2,3],[1,2,4],[1,3,4],[2,3,5],[2,4,6],
 [2,5,7],[2,6,8],[2,7,8],[3,4,7],[3,5,6],[3,6,9],[3,7,10],[3,8,9],
 [3,8,10],[4,6,9],[4,7,8],[4,8,9],[5,6,7],[6,7,10],[6,8,10]]

manifold_lex_d2_n10_o1_g1_#847=[[1,2,3],[1,2,4],[1,3,4],[2,3,5],[2,4,6],
 [2,5,7],[2,6,8],[2,7,8],[3,4,7],[3,5,6],[3,6,9],[3,7,10],[3,8,9],
 [3,8,10],[4,6,9],[4,7,8],[4,8,9],[5,6,8],[5,7,10],[5,8,10]]

manifold_lex_d2_n10_o1_g1_#848=[[1,2,3],[1,2,4],[1,3,4],[2,3,5],[2,4,6],
 [2,5,7],[2,6,8],[2,7,8],[3,4,7],[3,5,6],[3,6,9],[3,7,10],[3,8,9],
 [3,8,10],[4,6,9],[4,7,8],[4,8,9],[5,6,10],[5,7,10],[6,8,10]]

manifold_lex_d2_n10_o1_g1_#849=[[1,2,3],[1,2,4],[1,3,4],[2,3,5],[2,4,6],
 [2,5,7],[2,6,8],[2,7,8],[3,4,7],[3,5,6],[3,6,9],[3,7,10],[3,9,10],
 [4,5,8],[4,5,9],[4,6,9],[4,7,8],[5,6,8],[5,7,10],[5,9,10]]

manifold_lex_d2_n10_o1_g1_#850=[[1,2,3],[1,2,4],[1,3,4],[2,3,5],[2,4,6],
 [2,5,7],[2,6,8],[2,7,8],[3,4,7],[3,5,6],[3,6,9],[3,7,10],[3,9,10],
 [4,5,8],[4,5,10],[4,6,9],[4,7,8],[4,9,10],[5,6,8],[5,7,10]]

manifold_lex_d2_n10_o1_g1_#851=[[1,2,3],[1,2,4],[1,3,4],[2,3,5],[2,4,6],
 [2,5,7],[2,6,8],[2,7,8],[3,4,7],[3,5,6],[3,6,9],[3,7,10],[3,9,10],
 [4,6,9],[4,7,8],[4,8,9],[5,6,7],[6,7,10],[6,8,10],[8,9,10]]

manifold_lex_d2_n10_o1_g1_#852=[[1,2,3],[1,2,4],[1,3,4],[2,3,5],[2,4,6],
 [2,5,7],[2,6,8],[2,7,8],[3,4,7],[3,5,6],[3,6,9],[3,7,10],[3,9,10],
 [4,6,9],[4,7,8],[4,8,9],[5,6,8],[5,7,9],[5,8,9],[7,9,10]]

manifold_lex_d2_n10_o1_g1_#853=[[1,2,3],[1,2,4],[1,3,4],[2,3,5],[2,4,6],
 [2,5,7],[2,6,8],[2,7,8],[3,4,7],[3,5,6],[3,6,9],[3,7,10],[3,9,10],
 [4,6,9],[4,7,8],[4,8,9],[5,6,8],[5,7,10],[5,8,9],[5,9,10]]

manifold_lex_d2_n10_o1_g1_#854=[[1,2,3],[1,2,4],[1,3,4],[2,3,5],[2,4,6],
 [2,5,7],[2,6,8],[2,7,8],[3,4,7],[3,5,6],[3,6,9],[3,7,10],[3,9,10],
 [4,6,9],[4,7,8],[4,8,9],[5,6,8],[5,7,10],[5,8,10],[8,9,10]]

manifold_lex_d2_n10_o1_g1_#855=[[1,2,3],[1,2,4],[1,3,4],[2,3,5],[2,4,6],
 [2,5,7],[2,6,8],[2,7,8],[3,4,7],[3,5,6],[3,6,9],[3,7,10],[3,9,10],
 [4,6,9],[4,7,8],[4,8,9],[5,6,10],[5,7,10],[6,8,10],[8,9,10]]

manifold_lex_d2_n10_o1_g1_#856=[[1,2,3],[1,2,4],[1,3,4],[2,3,5],[2,4,6],
 [2,5,7],[2,6,8],[2,7,8],[3,4,7],[3,5,6],[3,6,9],[3,7,10],[3,9,10],
 [4,6,9],[4,7,8],[4,8,10],[4,9,10],[5,6,7],[6,7,10],[6,8,10]]

manifold_lex_d2_n10_o1_g1_#857=[[1,2,3],[1,2,4],[1,3,4],[2,3,5],[2,4,6],
 [2,5,7],[2,6,8],[2,7,8],[3,4,7],[3,5,6],[3,6,9],[3,7,10],[3,9,10],
 [4,6,9],[4,7,8],[4,8,10],[4,9,10],[5,6,8],[5,7,10],[5,8,10]]

manifold_lex_d2_n10_o1_g1_#858=[[1,2,3],[1,2,4],[1,3,4],[2,3,5],[2,4,6],
 [2,5,7],[2,6,8],[2,7,8],[3,4,7],[3,5,6],[3,6,9],[3,7,10],[3,9,10],
 [4,6,9],[4,7,8],[4,8,10],[4,9,10],[5,6,10],[5,7,10],[6,8,10]]

manifold_lex_d2_n10_o1_g1_#859=[[1,2,3],[1,2,4],[1,3,4],[2,3,5],[2,4,6],
 [2,5,7],[2,6,8],[2,7,8],[3,4,7],[3,5,6],[3,6,9],[3,7,10],[3,9,10],
 [4,6,10],[4,7,8],[4,8,10],[5,6,8],[5,7,10],[5,8,10],[6,9,10]]

manifold_lex_d2_n10_o1_g1_#860=[[1,2,3],[1,2,4],[1,3,4],[2,3,5],[2,4,6],
 [2,5,7],[2,6,8],[2,7,8],[3,4,7],[3,5,8],[3,6,7],[3,6,8],[4,5,6],
 [4,5,8],[4,7,9],[4,8,9],[5,6,10],[5,7,10],[6,7,10],[7,8,9]]

manifold_lex_d2_n10_o1_g1_#861=[[1,2,3],[1,2,4],[1,3,4],[2,3,5],[2,4,6],
 [2,5,7],[2,6,8],[2,7,8],[3,4,7],[3,5,8],[3,6,7],[3,6,8],[4,5,6],
 [4,5,9],[4,7,9],[5,6,7],[5,8,10],[5,9,10],[7,8,10],[7,9,10]]

manifold_lex_d2_n10_o1_g1_#862=[[1,2,3],[1,2,4],[1,3,4],[2,3,5],[2,4,6],
 [2,5,7],[2,6,8],[2,7,8],[3,4,7],[3,5,8],[3,6,7],[3,6,8],[4,5,6],
 [4,5,9],[4,7,9],[5,6,10],[5,7,10],[5,8,9],[6,7,10],[7,8,9]]

manifold_lex_d2_n10_o1_g1_#863=[[1,2,3],[1,2,4],[1,3,4],[2,3,5],[2,4,6],
 [2,5,7],[2,6,8],[2,7,8],[3,4,7],[3,5,8],[3,6,7],[3,6,8],[4,5,6],
 [4,5,9],[4,7,10],[4,8,9],[4,8,10],[5,6,7],[5,8,9],[7,8,10]]

manifold_lex_d2_n10_o1_g1_#864=[[1,2,3],[1,2,4],[1,3,4],[2,3,5],[2,4,6],
 [2,5,7],[2,6,8],[2,7,8],[3,4,7],[3,5,8],[3,6,7],[3,6,8],[4,5,6],
 [4,5,9],[4,7,10],[4,9,10],[5,6,7],[5,8,9],[7,8,10],[8,9,10]]

manifold_lex_d2_n10_o1_g1_#865=[[1,2,3],[1,2,4],[1,3,4],[2,3,5],[2,4,6],
 [2,5,7],[2,6,8],[2,7,8],[3,4,7],[3,5,8],[3,6,7],[3,6,8],[4,5,8],
 [4,5,9],[4,6,9],[4,7,8],[5,6,9],[5,6,10],[5,7,10],[6,7,10]]

manifold_lex_d2_n10_o1_g1_#866=[[1,2,3],[1,2,4],[1,3,4],[2,3,5],[2,4,6],
 [2,5,7],[2,6,8],[2,7,8],[3,4,7],[3,5,8],[3,6,7],[3,6,8],[4,5,8],
 [4,5,9],[4,6,9],[4,7,8],[5,7,10],[5,9,10],[6,7,10],[6,9,10]]

manifold_lex_d2_n10_o1_g1_#867=[[1,2,3],[1,2,4],[1,3,4],[2,3,5],[2,4,6],
 [2,5,7],[2,6,8],[2,7,8],[3,4,7],[3,5,8],[3,6,7],[3,6,8],[4,5,8],
 [4,5,9],[4,6,9],[4,7,10],[4,8,10],[5,6,7],[5,6,9],[7,8,10]]

manifold_lex_d2_n10_o1_g1_#868=[[1,2,3],[1,2,4],[1,3,4],[2,3,5],[2,4,6],
 [2,5,7],[2,6,8],[2,7,8],[3,4,7],[3,5,8],[3,6,7],[3,6,8],[4,5,8],
 [4,5,9],[4,6,9],[4,7,10],[4,8,10],[5,7,9],[6,7,9],[7,8,10]]

manifold_lex_d2_n10_o1_g1_#869=[[1,2,3],[1,2,4],[1,3,4],[2,3,5],[2,4,6],
 [2,5,7],[2,6,8],[2,7,8],[3,4,7],[3,5,8],[3,6,7],[3,6,8],[4,5,8],
 [4,5,9],[4,6,10],[4,7,8],[4,9,10],[5,7,9],[6,7,10],[7,9,10]]

manifold_lex_d2_n10_o1_g1_#870=[[1,2,3],[1,2,4],[1,3,4],[2,3,5],[2,4,6],
 [2,5,7],[2,6,8],[2,7,8],[3,4,7],[3,5,8],[3,6,7],[3,6,8],[4,5,9],
 [4,5,10],[4,6,9],[4,7,8],[4,8,10],[5,6,7],[5,6,9],[5,8,10]]

manifold_lex_d2_n10_o1_g1_#871=[[1,2,3],[1,2,4],[1,3,4],[2,3,5],[2,4,6],
 [2,5,7],[2,6,8],[2,7,8],[3,4,7],[3,5,8],[3,6,7],[3,6,8],[4,5,9],
 [4,5,10],[4,6,9],[4,7,8],[4,8,10],[5,7,9],[5,8,10],[6,7,9]]

manifold_lex_d2_n10_o1_g1_#872=[[1,2,3],[1,2,4],[1,3,4],[2,3,5],[2,4,6],
 [2,5,7],[2,6,8],[2,7,8],[3,4,7],[3,5,8],[3,6,7],[3,6,8],[4,5,9],
 [4,5,10],[4,6,9],[4,7,10],[5,6,7],[5,6,9],[5,8,10],[7,8,10]]

manifold_lex_d2_n10_o1_g1_#873=[[1,2,3],[1,2,4],[1,3,4],[2,3,5],[2,4,6],
 [2,5,7],[2,6,8],[2,7,8],[3,4,7],[3,5,8],[3,6,7],[3,6,8],[4,5,9],
 [4,5,10],[4,6,9],[4,7,10],[5,7,9],[5,8,10],[6,7,9],[7,8,10]]

manifold_lex_d2_n10_o1_g1_#874=[[1,2,3],[1,2,4],[1,3,4],[2,3,5],[2,4,6],
 [2,5,7],[2,6,8],[2,7,8],[3,4,7],[3,5,8],[3,6,7],[3,6,8],[4,6,9],
 [4,7,8],[4,8,9],[5,6,7],[5,6,10],[5,8,10],[6,9,10],[8,9,10]]

manifold_lex_d2_n10_o1_g1_#875=[[1,2,3],[1,2,4],[1,3,4],[2,3,5],[2,4,6],
 [2,5,7],[2,6,8],[2,7,8],[3,4,7],[3,5,8],[3,6,7],[3,6,8],[4,6,9],
 [4,7,8],[4,8,9],[5,6,9],[5,6,10],[5,7,10],[5,8,9],[6,7,10]]

manifold_lex_d2_n10_o1_g1_#876=[[1,2,3],[1,2,4],[1,3,4],[2,3,5],[2,4,6],
 [2,5,7],[2,6,8],[2,7,8],[3,4,7],[3,5,8],[3,6,7],[3,6,8],[4,6,9],
 [4,7,8],[4,8,9],[5,7,10],[5,8,9],[5,9,10],[6,7,10],[6,9,10]]

manifold_lex_d2_n10_o1_g1_#877=[[1,2,3],[1,2,4],[1,3,4],[2,3,5],[2,4,6],
 [2,5,7],[2,6,8],[2,7,8],[3,4,7],[3,5,8],[3,6,7],[3,6,8],[4,6,9],
 [4,7,8],[4,8,9],[5,7,10],[5,8,10],[6,7,9],[7,9,10],[8,9,10]]

manifold_lex_d2_n10_o1_g1_#878=[[1,2,3],[1,2,4],[1,3,4],[2,3,5],[2,4,6],
 [2,5,7],[2,6,8],[2,7,8],[3,4,7],[3,5,8],[3,6,7],[3,6,8],[4,6,9],
 [4,7,8],[4,8,9],[5,7,10],[5,8,10],[6,7,10],[6,9,10],[8,9,10]]

manifold_lex_d2_n10_o1_g1_#879=[[1,2,3],[1,2,4],[1,3,4],[2,3,5],[2,4,6],
 [2,5,7],[2,6,8],[2,7,8],[3,4,7],[3,5,8],[3,6,7],[3,6,8],[4,6,9],
 [4,7,8],[4,8,10],[4,9,10],[5,6,7],[5,6,9],[5,8,10],[5,9,10]]

manifold_lex_d2_n10_o1_g1_#880=[[1,2,3],[1,2,4],[1,3,4],[2,3,5],[2,4,6],
 [2,5,7],[2,6,8],[2,7,8],[3,4,7],[3,5,8],[3,6,7],[3,6,8],[4,6,9],
 [4,7,8],[4,8,10],[4,9,10],[5,7,9],[5,8,10],[5,9,10],[6,7,9]]

manifold_lex_d2_n10_o1_g1_#881=[[1,2,3],[1,2,4],[1,3,4],[2,3,5],[2,4,6],
 [2,5,7],[2,6,8],[2,7,8],[3,4,7],[3,5,8],[3,6,7],[3,6,8],[4,6,9],
 [4,7,8],[4,8,10],[4,9,10],[5,7,10],[5,8,10],[6,7,9],[7,9,10]]

manifold_lex_d2_n10_o1_g1_#882=[[1,2,3],[1,2,4],[1,3,4],[2,3,5],[2,4,6],
 [2,5,7],[2,6,8],[2,7,8],[3,4,7],[3,5,8],[3,6,7],[3,6,8],[4,6,9],
 [4,7,10],[4,8,9],[4,8,10],[5,6,7],[5,6,9],[5,8,9],[7,8,10]]

manifold_lex_d2_n10_o1_g1_#883=[[1,2,3],[1,2,4],[1,3,4],[2,3,5],[2,4,6],
 [2,5,7],[2,6,8],[2,7,8],[3,4,7],[3,5,8],[3,6,7],[3,6,8],[4,6,9],
 [4,7,10],[4,8,9],[4,8,10],[5,7,9],[5,8,9],[6,7,9],[7,8,10]]

manifold_lex_d2_n10_o1_g1_#884=[[1,2,3],[1,2,4],[1,3,4],[2,3,5],[2,4,6],
 [2,5,7],[2,6,8],[2,7,8],[3,4,7],[3,5,8],[3,6,7],[3,6,8],[4,6,9],
 [4,7,10],[4,9,10],[5,6,7],[5,6,9],[5,8,9],[7,8,10],[8,9,10]]

manifold_lex_d2_n10_o1_g1_#885=[[1,2,3],[1,2,4],[1,3,4],[2,3,5],[2,4,6],
 [2,5,7],[2,6,8],[2,7,8],[3,4,7],[3,5,8],[3,6,7],[3,6,8],[4,6,9],
 [4,7,10],[4,9,10],[5,6,7],[5,6,9],[5,8,10],[5,9,10],[7,8,10]]

manifold_lex_d2_n10_o1_g1_#886=[[1,2,3],[1,2,4],[1,3,4],[2,3,5],[2,4,6],
 [2,5,7],[2,6,8],[2,7,8],[3,4,7],[3,5,8],[3,6,7],[3,6,8],[4,6,9],
 [4,7,10],[4,9,10],[5,7,9],[5,8,9],[6,7,9],[7,8,10],[8,9,10]]

manifold_lex_d2_n10_o1_g1_#887=[[1,2,3],[1,2,4],[1,3,4],[2,3,5],[2,4,6],
 [2,5,7],[2,6,8],[2,7,8],[3,4,7],[3,5,8],[3,6,7],[3,6,8],[4,6,9],
 [4,7,10],[4,9,10],[5,7,9],[5,8,10],[5,9,10],[6,7,9],[7,8,10]]

manifold_lex_d2_n10_o1_g1_#888=[[1,2,3],[1,2,4],[1,3,4],[2,3,5],[2,4,6],
 [2,5,7],[2,6,8],[2,7,8],[3,4,7],[3,5,8],[3,6,7],[3,6,9],[3,8,9],
 [4,5,6],[4,5,8],[4,7,10],[4,8,10],[5,6,7],[6,8,9],[7,8,10]]

manifold_lex_d2_n10_o1_g1_#889=[[1,2,3],[1,2,4],[1,3,4],[2,3,5],[2,4,6],
 [2,5,7],[2,6,8],[2,7,8],[3,4,7],[3,5,8],[3,6,7],[3,6,9],[3,8,9],
 [4,5,6],[4,5,10],[4,7,10],[5,6,7],[5,8,10],[6,8,9],[7,8,10]]

manifold_lex_d2_n10_o1_g1_#890=[[1,2,3],[1,2,4],[1,3,4],[2,3,5],[2,4,6],
 [2,5,7],[2,6,8],[2,7,8],[3,4,7],[3,5,8],[3,6,7],[3,6,9],[3,8,9],
 [4,5,8],[4,5,10],[4,6,10],[4,7,8],[5,7,10],[6,7,10],[6,8,9]]

manifold_lex_d2_n10_o1_g1_#891=[[1,2,3],[1,2,4],[1,3,4],[2,3,5],[2,4,6],
 [2,5,7],[2,6,8],[2,7,8],[3,4,7],[3,5,8],[3,6,7],[3,6,9],[3,8,9],
 [4,6,10],[4,7,8],[4,8,10],[5,6,7],[5,6,10],[5,8,10],[6,8,9]]

manifold_lex_d2_n10_o1_g1_#892=[[1,2,3],[1,2,4],[1,3,4],[2,3,5],[2,4,6],
 [2,5,7],[2,6,8],[2,7,8],[3,4,7],[3,5,8],[3,6,7],[3,6,9],[3,8,9],
 [4,6,10],[4,7,8],[4,8,10],[5,7,10],[5,8,10],[6,7,10],[6,8,9]]

manifold_lex_d2_n10_o1_g1_#893=[[1,2,3],[1,2,4],[1,3,4],[2,3,5],[2,4,6],
 [2,5,7],[2,6,8],[2,7,8],[3,4,7],[3,5,8],[3,6,8],[3,6,9],[3,7,9],
 [4,5,6],[4,5,8],[4,7,10],[4,8,10],[5,6,7],[6,7,9],[7,8,10]]

manifold_lex_d2_n10_o1_g1_#894=[[1,2,3],[1,2,4],[1,3,4],[2,3,5],[2,4,6],
 [2,5,7],[2,6,8],[2,7,8],[3,4,7],[3,5,8],[3,6,8],[3,6,9],[3,7,9],
 [4,5,6],[4,5,8],[4,7,10],[4,8,10],[5,6,9],[5,7,9],[7,8,10]]

manifold_lex_d2_n10_o1_g1_#895=[[1,2,3],[1,2,4],[1,3,4],[2,3,5],[2,4,6],
 [2,5,7],[2,6,8],[2,7,8],[3,4,7],[3,5,8],[3,6,8],[3,6,9],[3,7,9],
 [4,5,6],[4,5,10],[4,7,8],[4,8,10],[5,6,9],[5,7,9],[5,8,10]]

manifold_lex_d2_n10_o1_g1_#896=[[1,2,3],[1,2,4],[1,3,4],[2,3,5],[2,4,6],
 [2,5,7],[2,6,8],[2,7,8],[3,4,7],[3,5,8],[3,6,8],[3,6,9],[3,7,9],
 [4,5,6],[4,5,10],[4,7,10],[5,6,9],[5,7,9],[5,8,10],[7,8,10]]

manifold_lex_d2_n10_o1_g1_#897=[[1,2,3],[1,2,4],[1,3,4],[2,3,5],[2,4,6],
 [2,5,7],[2,6,8],[2,7,8],[3,4,7],[3,5,8],[3,6,8],[3,6,9],[3,7,9],
 [4,5,8],[4,5,9],[4,6,9],[4,7,10],[4,8,10],[5,7,9],[7,8,10]]

manifold_lex_d2_n10_o1_g1_#898=[[1,2,3],[1,2,4],[1,3,4],[2,3,5],[2,4,6],
 [2,5,7],[2,6,8],[2,7,8],[3,4,7],[3,5,8],[3,6,8],[3,6,9],[3,7,9],
 [4,5,8],[4,5,10],[4,6,9],[4,7,8],[4,9,10],[5,7,10],[7,9,10]]

manifold_lex_d2_n10_o1_g1_#899=[[1,2,3],[1,2,4],[1,3,4],[2,3,5],[2,4,6],
 [2,5,7],[2,6,8],[2,7,8],[3,4,7],[3,5,8],[3,6,8],[3,6,9],[3,7,9],
 [4,5,8],[4,5,10],[4,6,10],[4,7,8],[5,6,7],[5,6,10],[6,7,9]]

manifold_lex_d2_n10_o1_g1_#900=[[1,2,3],[1,2,4],[1,3,4],[2,3,5],[2,4,6],
 [2,5,7],[2,6,8],[2,7,8],[3,4,7],[3,5,8],[3,6,8],[3,6,9],[3,7,9],
 [4,5,8],[4,5,10],[4,6,10],[4,7,8],[5,6,9],[5,6,10],[5,7,9]]

manifold_lex_d2_n10_o1_g1_#901=[[1,2,3],[1,2,4],[1,3,4],[2,3,5],[2,4,6],
 [2,5,7],[2,6,8],[2,7,8],[3,4,7],[3,5,8],[3,6,8],[3,6,9],[3,7,9],
 [4,5,8],[4,5,10],[4,6,10],[4,7,8],[5,7,9],[5,9,10],[6,9,10]]

manifold_lex_d2_n10_o1_g1_#902=[[1,2,3],[1,2,4],[1,3,4],[2,3,5],[2,4,6],
 [2,5,7],[2,6,8],[2,7,8],[3,4,7],[3,5,8],[3,6,8],[3,6,9],[3,7,9],
 [4,5,8],[4,5,10],[4,6,10],[4,7,8],[5,7,10],[6,7,9],[6,7,10]]

manifold_lex_d2_n10_o1_g1_#903=[[1,2,3],[1,2,4],[1,3,4],[2,3,5],[2,4,6],
 [2,5,7],[2,6,8],[2,7,8],[3,4,7],[3,5,8],[3,6,8],[3,6,9],[3,7,9],
 [4,5,8],[4,5,10],[4,6,10],[4,7,8],[5,7,10],[6,9,10],[7,9,10]]

manifold_lex_d2_n10_o1_g1_#904=[[1,2,3],[1,2,4],[1,3,4],[2,3,5],[2,4,6],
 [2,5,7],[2,6,8],[2,7,8],[3,4,7],[3,5,8],[3,6,8],[3,6,9],[3,7,9],
 [4,5,9],[4,5,10],[4,6,9],[4,7,8],[4,8,10],[5,7,9],[5,8,10]]

manifold_lex_d2_n10_o1_g1_#905=[[1,2,3],[1,2,4],[1,3,4],[2,3,5],[2,4,6],
 [2,5,7],[2,6,8],[2,7,8],[3,4,7],[3,5,8],[3,6,8],[3,6,9],[3,7,9],
 [4,5,9],[4,5,10],[4,6,9],[4,7,10],[5,7,9],[5,8,10],[7,8,10]]

manifold_lex_d2_n10_o1_g1_#906=[[1,2,3],[1,2,4],[1,3,4],[2,3,5],[2,4,6],
 [2,5,7],[2,6,8],[2,7,8],[3,4,7],[3,5,8],[3,6,8],[3,6,9],[3,7,9],
 [4,6,9],[4,7,8],[4,8,9],[5,7,10],[5,8,10],[7,9,10],[8,9,10]]

manifold_lex_d2_n10_o1_g1_#907=[[1,2,3],[1,2,4],[1,3,4],[2,3,5],[2,4,6],
 [2,5,7],[2,6,8],[2,7,8],[3,4,7],[3,5,8],[3,6,8],[3,6,9],[3,7,9],
 [4,6,9],[4,7,8],[4,8,10],[4,9,10],[5,7,9],[5,8,9],[8,9,10]]

manifold_lex_d2_n10_o1_g1_#908=[[1,2,3],[1,2,4],[1,3,4],[2,3,5],[2,4,6],
 [2,5,7],[2,6,8],[2,7,8],[3,4,7],[3,5,8],[3,6,8],[3,6,9],[3,7,9],
 [4,6,9],[4,7,8],[4,8,10],[4,9,10],[5,7,9],[5,8,10],[5,9,10]]

manifold_lex_d2_n10_o1_g1_#909=[[1,2,3],[1,2,4],[1,3,4],[2,3,5],[2,4,6],
 [2,5,7],[2,6,8],[2,7,8],[3,4,7],[3,5,8],[3,6,8],[3,6,9],[3,7,9],
 [4,6,9],[4,7,8],[4,8,10],[4,9,10],[5,7,10],[5,8,10],[7,9,10]]

manifold_lex_d2_n10_o1_g1_#910=[[1,2,3],[1,2,4],[1,3,4],[2,3,5],[2,4,6],
 [2,5,7],[2,6,8],[2,7,8],[3,4,7],[3,5,8],[3,6,8],[3,6,9],[3,7,9],
 [4,6,9],[4,7,10],[4,8,9],[4,8,10],[5,7,9],[5,8,9],[7,8,10]]

manifold_lex_d2_n10_o1_g1_#911=[[1,2,3],[1,2,4],[1,3,4],[2,3,5],[2,4,6],
 [2,5,7],[2,6,8],[2,7,8],[3,4,7],[3,5,8],[3,6,8],[3,6,9],[3,7,9],
 [4,6,9],[4,7,10],[4,9,10],[5,7,9],[5,8,9],[7,8,10],[8,9,10]]

manifold_lex_d2_n10_o1_g1_#912=[[1,2,3],[1,2,4],[1,3,4],[2,3,5],[2,4,6],
 [2,5,7],[2,6,8],[2,7,8],[3,4,7],[3,5,8],[3,6,8],[3,6,9],[3,7,9],
 [4,6,9],[4,7,10],[4,9,10],[5,7,9],[5,8,10],[5,9,10],[7,8,10]]

manifold_lex_d2_n10_o1_g1_#913=[[1,2,3],[1,2,4],[1,3,4],[2,3,5],[2,4,6],
 [2,5,7],[2,6,8],[2,7,8],[3,4,7],[3,5,8],[3,6,8],[3,6,9],[3,7,9],
 [4,6,10],[4,7,8],[4,8,10],[5,6,7],[5,6,10],[5,8,10],[6,7,9]]

manifold_lex_d2_n10_o1_g1_#914=[[1,2,3],[1,2,4],[1,3,4],[2,3,5],[2,4,6],
 [2,5,7],[2,6,8],[2,7,8],[3,4,7],[3,5,8],[3,6,8],[3,6,9],[3,7,9],
 [4,6,10],[4,7,8],[4,8,10],[5,6,9],[5,6,10],[5,7,9],[5,8,10]]

manifold_lex_d2_n10_o1_g1_#915=[[1,2,3],[1,2,4],[1,3,4],[2,3,5],[2,4,6],
 [2,5,7],[2,6,8],[2,7,8],[3,4,7],[3,5,8],[3,6,8],[3,6,9],[3,7,9],
 [4,6,10],[4,7,8],[4,8,10],[5,7,9],[5,8,9],[6,9,10],[8,9,10]]

manifold_lex_d2_n10_o1_g1_#916=[[1,2,3],[1,2,4],[1,3,4],[2,3,5],[2,4,6],
 [2,5,7],[2,6,8],[2,7,8],[3,4,7],[3,5,8],[3,6,8],[3,6,9],[3,7,9],
 [4,6,10],[4,7,8],[4,8,10],[5,7,9],[5,8,10],[5,9,10],[6,9,10]]

manifold_lex_d2_n10_o1_g1_#917=[[1,2,3],[1,2,4],[1,3,4],[2,3,5],[2,4,6],
 [2,5,7],[2,6,8],[2,7,8],[3,4,7],[3,5,8],[3,6,8],[3,6,9],[3,7,9],
 [4,6,10],[4,7,8],[4,8,10],[5,7,10],[5,8,10],[6,7,9],[6,7,10]]

manifold_lex_d2_n10_o1_g1_#918=[[1,2,3],[1,2,4],[1,3,4],[2,3,5],[2,4,6],
 [2,5,7],[2,6,8],[2,7,8],[3,4,7],[3,5,8],[3,6,8],[3,6,9],[3,7,9],
 [4,6,10],[4,7,8],[4,8,10],[5,7,10],[5,8,10],[6,9,10],[7,9,10]]

manifold_lex_d2_n10_o1_g1_#919=[[1,2,3],[1,2,4],[1,3,4],[2,3,5],[2,4,6],
 [2,5,7],[2,6,8],[2,7,8],[3,4,7],[3,5,8],[3,6,8],[3,6,9],[3,7,10],
 [3,9,10],[4,5,8],[4,5,9],[4,6,9],[4,7,8],[5,7,10],[5,9,10]]

manifold_lex_d2_n10_o1_g1_#920=[[1,2,3],[1,2,4],[1,3,4],[2,3,5],[2,4,6],
 [2,5,7],[2,6,8],[2,7,8],[3,4,7],[3,5,8],[3,6,8],[3,6,9],[3,7,10],
 [3,9,10],[4,5,8],[4,5,10],[4,6,9],[4,7,8],[4,9,10],[5,7,10]]

manifold_lex_d2_n10_o1_g1_#921=[[1,2,3],[1,2,4],[1,3,4],[2,3,5],[2,4,6],
 [2,5,7],[2,6,8],[2,7,8],[3,4,7],[3,5,8],[3,6,8],[3,6,9],[3,7,10],
 [3,9,10],[4,6,9],[4,7,8],[4,8,9],[5,7,9],[5,8,9],[7,9,10]]

manifold_lex_d2_n10_o1_g1_#922=[[1,2,3],[1,2,4],[1,3,4],[2,3,5],[2,4,6],
 [2,5,7],[2,6,8],[2,7,8],[3,4,7],[3,5,8],[3,6,8],[3,6,9],[3,7,10],
 [3,9,10],[4,6,9],[4,7,8],[4,8,9],[5,7,10],[5,8,9],[5,9,10]]

manifold_lex_d2_n10_o1_g1_#923=[[1,2,3],[1,2,4],[1,3,4],[2,3,5],[2,4,6],
 [2,5,7],[2,6,8],[2,7,8],[3,4,7],[3,5,8],[3,6,8],[3,6,9],[3,7,10],
 [3,9,10],[4,6,9],[4,7,8],[4,8,9],[5,7,10],[5,8,10],[8,9,10]]

manifold_lex_d2_n10_o1_g1_#924=[[1,2,3],[1,2,4],[1,3,4],[2,3,5],[2,4,6],
 [2,5,7],[2,6,8],[2,7,8],[3,4,7],[3,5,8],[3,6,8],[3,6,9],[3,7,10],
 [3,9,10],[4,6,9],[4,7,8],[4,8,10],[4,9,10],[5,7,10],[5,8,10]]

manifold_lex_d2_n10_o1_g1_#925=[[1,2,3],[1,2,4],[1,3,4],[2,3,5],[2,4,6],
 [2,5,7],[2,6,8],[2,7,8],[3,4,7],[3,5,8],[3,7,9],[3,8,9],[4,5,6],
 [4,5,8],[4,7,10],[4,8,10],[5,6,7],[6,7,9],[6,8,9],[7,8,10]]

manifold_lex_d2_n10_o1_g1_#926=[[1,2,3],[1,2,4],[1,3,4],[2,3,5],[2,4,6],
 [2,5,7],[2,6,8],[2,7,8],[3,4,7],[3,5,8],[3,7,9],[3,8,9],[4,5,6],
 [4,5,8],[4,7,10],[4,8,10],[5,6,9],[5,7,9],[6,8,9],[7,8,10]]

manifold_lex_d2_n10_o1_g1_#927=[[1,2,3],[1,2,4],[1,3,4],[2,3,5],[2,4,6],
 [2,5,7],[2,6,8],[2,7,8],[3,4,7],[3,5,8],[3,7,9],[3,8,9],[4,5,6],
 [4,5,10],[4,7,8],[4,8,10],[5,6,9],[5,7,9],[5,8,10],[6,8,9]]

manifold_lex_d2_n10_o1_g1_#928=[[1,2,3],[1,2,4],[1,3,4],[2,3,5],[2,4,6],
 [2,5,7],[2,6,8],[2,7,8],[3,4,7],[3,5,8],[3,7,9],[3,8,9],[4,5,6],
 [4,5,10],[4,7,10],[5,6,7],[5,8,10],[6,7,9],[6,8,9],[7,8,10]]

manifold_lex_d2_n10_o1_g1_#929=[[1,2,3],[1,2,4],[1,3,4],[2,3,5],[2,4,6],
 [2,5,7],[2,6,8],[2,7,8],[3,4,7],[3,5,8],[3,7,9],[3,8,9],[4,5,6],
 [4,5,10],[4,7,10],[5,6,9],[5,7,9],[5,8,10],[6,8,9],[7,8,10]]

manifold_lex_d2_n10_o1_g1_#930=[[1,2,3],[1,2,4],[1,3,4],[2,3,5],[2,4,6],
 [2,5,7],[2,6,8],[2,7,8],[3,4,7],[3,5,8],[3,7,9],[3,8,9],[4,5,8],
 [4,5,9],[4,6,9],[4,7,10],[4,8,10],[5,7,9],[6,8,9],[7,8,10]]

manifold_lex_d2_n10_o1_g1_#931=[[1,2,3],[1,2,4],[1,3,4],[2,3,5],[2,4,6],
 [2,5,7],[2,6,8],[2,7,8],[3,4,7],[3,5,8],[3,7,9],[3,8,9],[4,5,8],
 [4,5,9],[4,6,10],[4,7,8],[4,9,10],[5,7,9],[6,8,10],[8,9,10]]

manifold_lex_d2_n10_o1_g1_#932=[[1,2,3],[1,2,4],[1,3,4],[2,3,5],[2,4,6],
 [2,5,7],[2,6,8],[2,7,8],[3,4,7],[3,5,8],[3,7,9],[3,8,9],[4,5,8],
 [4,5,10],[4,6,9],[4,7,8],[4,9,10],[5,7,9],[5,9,10],[6,8,9]]

manifold_lex_d2_n10_o1_g1_#933=[[1,2,3],[1,2,4],[1,3,4],[2,3,5],[2,4,6],
 [2,5,7],[2,6,8],[2,7,8],[3,4,7],[3,5,8],[3,7,9],[3,8,9],[4,5,8],
 [4,5,10],[4,6,9],[4,7,8],[4,9,10],[5,7,10],[6,8,9],[7,9,10]]

manifold_lex_d2_n10_o1_g1_#934=[[1,2,3],[1,2,4],[1,3,4],[2,3,5],[2,4,6],
 [2,5,7],[2,6,8],[2,7,8],[3,4,7],[3,5,8],[3,7,9],[3,8,9],[4,5,8],
 [4,5,10],[4,6,10],[4,7,8],[5,6,7],[5,6,10],[6,7,9],[6,8,9]]

manifold_lex_d2_n10_o1_g1_#935=[[1,2,3],[1,2,4],[1,3,4],[2,3,5],[2,4,6],
 [2,5,7],[2,6,8],[2,7,8],[3,4,7],[3,5,8],[3,7,9],[3,8,9],[4,5,8],
 [4,5,10],[4,6,10],[4,7,8],[5,7,9],[5,9,10],[6,8,9],[6,9,10]]

manifold_lex_d2_n10_o1_g1_#936=[[1,2,3],[1,2,4],[1,3,4],[2,3,5],[2,4,6],
 [2,5,7],[2,6,8],[2,7,8],[3,4,7],[3,5,8],[3,7,9],[3,8,9],[4,5,8],
 [4,5,10],[4,6,10],[4,7,8],[5,7,9],[5,9,10],[6,8,10],[8,9,10]]

manifold_lex_d2_n10_o1_g1_#937=[[1,2,3],[1,2,4],[1,3,4],[2,3,5],[2,4,6],
 [2,5,7],[2,6,8],[2,7,8],[3,4,7],[3,5,8],[3,7,9],[3,8,9],[4,5,8],
 [4,5,10],[4,6,10],[4,7,8],[5,7,10],[6,7,9],[6,7,10],[6,8,9]]

manifold_lex_d2_n10_o1_g1_#938=[[1,2,3],[1,2,4],[1,3,4],[2,3,5],[2,4,6],
 [2,5,7],[2,6,8],[2,7,8],[3,4,7],[3,5,8],[3,7,9],[3,8,9],[4,5,8],
 [4,5,10],[4,6,10],[4,7,8],[5,7,10],[6,8,9],[6,9,10],[7,9,10]]

manifold_lex_d2_n10_o1_g1_#939=[[1,2,3],[1,2,4],[1,3,4],[2,3,5],[2,4,6],
 [2,5,7],[2,6,8],[2,7,8],[3,4,7],[3,5,8],[3,7,9],[3,8,9],[4,5,8],
 [4,5,10],[4,6,10],[4,7,8],[5,7,10],[6,8,10],[7,9,10],[8,9,10]]

manifold_lex_d2_n10_o1_g1_#940=[[1,2,3],[1,2,4],[1,3,4],[2,3,5],[2,4,6],
 [2,5,7],[2,6,8],[2,7,8],[3,4,7],[3,5,8],[3,7,9],[3,8,9],[4,5,9],
 [4,5,10],[4,6,8],[4,7,10],[4,8,9],[5,7,9],[5,8,10],[7,8,10]]

manifold_lex_d2_n10_o1_g1_#941=[[1,2,3],[1,2,4],[1,3,4],[2,3,5],[2,4,6],
 [2,5,7],[2,6,8],[2,7,8],[3,4,7],[3,5,8],[3,7,9],[3,8,9],[4,5,9],
 [4,5,10],[4,6,9],[4,7,8],[4,8,10],[5,7,9],[5,8,10],[6,8,9]]

manifold_lex_d2_n10_o1_g1_#942=[[1,2,3],[1,2,4],[1,3,4],[2,3,5],[2,4,6],
 [2,5,7],[2,6,8],[2,7,8],[3,4,7],[3,5,8],[3,7,9],[3,8,9],[4,5,9],
 [4,5,10],[4,6,9],[4,7,10],[5,7,9],[5,8,10],[6,8,9],[7,8,10]]

manifold_lex_d2_n10_o1_g1_#943=[[1,2,3],[1,2,4],[1,3,4],[2,3,5],[2,4,6],
 [2,5,7],[2,6,8],[2,7,8],[3,4,7],[3,5,8],[3,7,9],[3,8,9],[4,6,8],
 [4,7,10],[4,8,9],[4,9,10],[5,7,9],[5,8,10],[5,9,10],[7,8,10]]

manifold_lex_d2_n10_o1_g1_#944=[[1,2,3],[1,2,4],[1,3,4],[2,3,5],[2,4,6],
 [2,5,7],[2,6,8],[2,7,8],[3,4,7],[3,5,8],[3,7,9],[3,8,9],[4,6,9],
 [4,7,8],[4,8,10],[4,9,10],[5,7,9],[5,8,10],[5,9,10],[6,8,9]]

manifold_lex_d2_n10_o1_g1_#945=[[1,2,3],[1,2,4],[1,3,4],[2,3,5],[2,4,6],
 [2,5,7],[2,6,8],[2,7,8],[3,4,7],[3,5,8],[3,7,9],[3,8,9],[4,6,9],
 [4,7,8],[4,8,10],[4,9,10],[5,7,10],[5,8,10],[6,8,9],[7,9,10]]

manifold_lex_d2_n10_o1_g1_#946=[[1,2,3],[1,2,4],[1,3,4],[2,3,5],[2,4,6],
 [2,5,7],[2,6,8],[2,7,8],[3,4,7],[3,5,8],[3,7,9],[3,8,9],[4,6,9],
 [4,7,10],[4,9,10],[5,7,9],[5,8,10],[5,9,10],[6,8,9],[7,8,10]]

manifold_lex_d2_n10_o1_g1_#947=[[1,2,3],[1,2,4],[1,3,4],[2,3,5],[2,4,6],
 [2,5,7],[2,6,8],[2,7,8],[3,4,7],[3,5,8],[3,7,9],[3,8,9],[4,6,10],
 [4,7,8],[4,8,10],[5,6,7],[5,6,10],[5,8,10],[6,7,9],[6,8,9]]

manifold_lex_d2_n10_o1_g1_#948=[[1,2,3],[1,2,4],[1,3,4],[2,3,5],[2,4,6],
 [2,5,7],[2,6,8],[2,7,8],[3,4,7],[3,5,8],[3,7,9],[3,8,9],[4,6,10],
 [4,7,8],[4,8,10],[5,6,9],[5,6,10],[5,7,9],[5,8,10],[6,8,9]]

manifold_lex_d2_n10_o1_g1_#949=[[1,2,3],[1,2,4],[1,3,4],[2,3,5],[2,4,6],
 [2,5,7],[2,6,8],[2,7,8],[3,4,7],[3,5,8],[3,7,9],[3,8,9],[4,6,10],
 [4,7,8],[4,8,10],[5,7,9],[5,8,10],[5,9,10],[6,8,9],[6,9,10]]

manifold_lex_d2_n10_o1_g1_#950=[[1,2,3],[1,2,4],[1,3,4],[2,3,5],[2,4,6],
 [2,5,7],[2,6,8],[2,7,8],[3,4,7],[3,5,8],[3,7,9],[3,8,9],[4,6,10],
 [4,7,8],[4,8,10],[5,7,10],[5,8,10],[6,7,9],[6,7,10],[6,8,9]]

manifold_lex_d2_n10_o1_g1_#951=[[1,2,3],[1,2,4],[1,3,4],[2,3,5],[2,4,6],
 [2,5,7],[2,6,8],[2,7,8],[3,4,7],[3,5,8],[3,7,9],[3,8,9],[4,6,10],
 [4,7,8],[4,8,10],[5,7,10],[5,8,10],[6,8,9],[6,9,10],[7,9,10]]

manifold_lex_d2_n10_o1_g1_#952=[[1,2,3],[1,2,4],[1,3,4],[2,3,5],[2,4,6],
 [2,5,7],[2,6,8],[2,7,8],[3,4,7],[3,5,8],[3,7,9],[3,8,10],[3,9,10],
 [4,5,8],[4,5,9],[4,6,9],[4,7,8],[5,7,9],[6,8,9],[8,9,10]]

manifold_lex_d2_n10_o1_g1_#953=[[1,2,3],[1,2,4],[1,3,4],[2,3,5],[2,4,6],
 [2,5,7],[2,6,8],[2,7,8],[3,4,7],[3,5,8],[3,7,9],[3,8,10],[3,9,10],
 [4,5,8],[4,5,9],[4,6,9],[4,7,8],[5,7,9],[6,8,10],[6,9,10]]

manifold_lex_d2_n10_o1_g1_#954=[[1,2,3],[1,2,4],[1,3,4],[2,3,5],[2,4,6],
 [2,5,7],[2,6,8],[2,7,8],[3,4,7],[3,5,8],[3,7,9],[3,8,10],[3,9,10],
 [4,5,8],[4,5,9],[4,6,10],[4,7,8],[4,9,10],[5,7,9],[6,8,10]]

manifold_lex_d2_n10_o1_g1_#955=[[1,2,3],[1,2,4],[1,3,4],[2,3,5],[2,4,6],
 [2,5,7],[2,6,8],[2,7,8],[3,4,7],[3,5,8],[3,7,9],[3,8,10],[3,9,10],
 [4,5,8],[4,5,10],[4,6,10],[4,7,8],[5,7,9],[5,9,10],[6,8,10]]

manifold_lex_d2_n10_o1_g1_#956=[[1,2,3],[1,2,4],[1,3,4],[2,3,5],[2,4,6],
 [2,5,7],[2,6,8],[2,7,8],[3,4,7],[3,5,8],[3,7,9],[3,8,10],[3,9,10],
 [4,5,8],[4,5,10],[4,6,10],[4,7,8],[5,7,10],[6,8,10],[7,9,10]]

manifold_lex_d2_n10_o1_g1_#957=[[1,2,3],[1,2,4],[1,3,4],[2,3,5],[2,4,6],
 [2,5,7],[2,6,8],[2,7,8],[3,4,7],[3,5,8],[3,7,9],[3,8,10],[3,9,10],
 [4,6,9],[4,7,8],[4,8,9],[5,7,9],[5,8,9],[6,8,10],[6,9,10]]

manifold_lex_d2_n10_o1_g1_#958=[[1,2,3],[1,2,4],[1,3,4],[2,3,5],[2,4,6],
 [2,5,7],[2,6,8],[2,7,8],[3,4,7],[3,5,8],[3,7,9],[3,8,10],[3,9,10],
 [4,6,10],[4,7,8],[4,8,9],[4,9,10],[5,7,9],[5,8,9],[6,8,10]]

manifold_lex_d2_n10_o1_g1_#959=[[1,2,3],[1,2,4],[1,3,4],[2,3,5],[2,4,6],
 [2,5,7],[2,6,8],[2,7,8],[3,4,7],[3,5,9],[3,6,7],[3,6,8],[3,8,9],
 [4,5,6],[4,5,9],[4,7,9],[5,6,10],[5,7,10],[6,7,10],[7,8,9]]

manifold_lex_d2_n10_o1_g1_#960=[[1,2,3],[1,2,4],[1,3,4],[2,3,5],[2,4,6],
 [2,5,7],[2,6,8],[2,7,8],[3,4,7],[3,5,9],[3,6,7],[3,6,8],[3,8,9],
 [4,5,6],[4,5,9],[4,7,10],[4,8,9],[4,8,10],[5,6,7],[7,8,10]]

manifold_lex_d2_n10_o1_g1_#961=[[1,2,3],[1,2,4],[1,3,4],[2,3,5],[2,4,6],
 [2,5,7],[2,6,8],[2,7,8],[3,4,7],[3,5,9],[3,6,7],[3,6,8],[3,8,9],
 [4,5,6],[4,5,9],[4,7,10],[4,9,10],[5,6,7],[7,8,10],[8,9,10]]

manifold_lex_d2_n10_o1_g1_#962=[[1,2,3],[1,2,4],[1,3,4],[2,3,5],[2,4,6],
 [2,5,7],[2,6,8],[2,7,8],[3,4,7],[3,5,9],[3,6,7],[3,6,8],[3,8,9],
 [4,5,6],[4,5,10],[4,7,8],[4,8,10],[5,6,7],[5,8,9],[5,8,10]]

manifold_lex_d2_n10_o1_g1_#963=[[1,2,3],[1,2,4],[1,3,4],[2,3,5],[2,4,6],
 [2,5,7],[2,6,8],[2,7,8],[3,4,7],[3,5,9],[3,6,7],[3,6,8],[3,8,9],
 [4,5,6],[4,5,10],[4,7,8],[4,8,10],[5,6,7],[5,9,10],[8,9,10]]

manifold_lex_d2_n10_o1_g1_#964=[[1,2,3],[1,2,4],[1,3,4],[2,3,5],[2,4,6],
 [2,5,7],[2,6,8],[2,7,8],[3,4,7],[3,5,9],[3,6,7],[3,6,8],[3,8,9],
 [4,5,6],[4,5,10],[4,7,10],[5,6,7],[5,9,10],[7,8,9],[7,9,10]]

manifold_lex_d2_n10_o1_g1_#965=[[1,2,3],[1,2,4],[1,3,4],[2,3,5],[2,4,6],
 [2,5,7],[2,6,8],[2,7,8],[3,4,7],[3,5,9],[3,6,7],[3,6,8],[3,8,9],
 [4,5,6],[4,5,10],[4,7,10],[5,6,7],[5,9,10],[7,8,10],[8,9,10]]

manifold_lex_d2_n10_o1_g1_#966=[[1,2,3],[1,2,4],[1,3,4],[2,3,5],[2,4,6],
 [2,5,7],[2,6,8],[2,7,8],[3,4,7],[3,5,9],[3,6,7],[3,6,8],[3,8,9],
 [4,5,9],[4,5,10],[4,6,10],[4,7,8],[4,8,9],[5,7,10],[6,7,10]]

manifold_lex_d2_n10_o1_g1_#967=[[1,2,3],[1,2,4],[1,3,4],[2,3,5],[2,4,6],
 [2,5,7],[2,6,8],[2,7,8],[3,4,7],[3,5,9],[3,6,7],[3,6,8],[3,8,9],
 [4,5,9],[4,5,10],[4,6,10],[4,7,9],[5,7,10],[6,7,10],[7,8,9]]

manifold_lex_d2_n10_o1_g1_#968=[[1,2,3],[1,2,4],[1,3,4],[2,3,5],[2,4,6],
 [2,5,7],[2,6,8],[2,7,8],[3,4,7],[3,5,9],[3,6,7],[3,6,8],[3,8,9],
 [4,6,9],[4,7,8],[4,8,9],[5,7,9],[6,7,10],[6,9,10],[7,9,10]]

manifold_lex_d2_n10_o1_g1_#969=[[1,2,3],[1,2,4],[1,3,4],[2,3,5],[2,4,6],
 [2,5,7],[2,6,8],[2,7,8],[3,4,7],[3,5,9],[3,6,7],[3,6,8],[3,8,9],
 [4,6,9],[4,7,8],[4,8,9],[5,7,10],[5,9,10],[6,7,10],[6,9,10]]

manifold_lex_d2_n10_o1_g1_#970=[[1,2,3],[1,2,4],[1,3,4],[2,3,5],[2,4,6],
 [2,5,7],[2,6,8],[2,7,8],[3,4,7],[3,5,9],[3,6,7],[3,6,8],[3,8,9],
 [4,6,9],[4,7,8],[4,8,10],[4,9,10],[5,7,9],[6,7,9],[8,9,10]]

manifold_lex_d2_n10_o1_g1_#971=[[1,2,3],[1,2,4],[1,3,4],[2,3,5],[2,4,6],
 [2,5,7],[2,6,8],[2,7,8],[3,4,7],[3,5,9],[3,6,7],[3,6,8],[3,8,9],
 [4,6,9],[4,7,10],[4,9,10],[5,6,7],[5,6,9],[7,8,9],[7,9,10]]

manifold_lex_d2_n10_o1_g1_#972=[[1,2,3],[1,2,4],[1,3,4],[2,3,5],[2,4,6],
 [2,5,7],[2,6,8],[2,7,8],[3,4,7],[3,5,9],[3,6,7],[3,6,8],[3,8,9],
 [4,6,9],[4,7,10],[4,9,10],[5,6,7],[5,6,9],[7,8,10],[8,9,10]]

manifold_lex_d2_n10_o1_g1_#973=[[1,2,3],[1,2,4],[1,3,4],[2,3,5],[2,4,6],
 [2,5,7],[2,6,8],[2,7,8],[3,4,7],[3,5,9],[3,6,7],[3,6,8],[3,8,9],
 [4,6,9],[4,7,10],[4,9,10],[5,7,9],[6,7,9],[7,8,10],[8,9,10]]

manifold_lex_d2_n10_o1_g1_#974=[[1,2,3],[1,2,4],[1,3,4],[2,3,5],[2,4,6],
 [2,5,7],[2,6,8],[2,7,8],[3,4,7],[3,5,9],[3,6,7],[3,6,8],[3,8,9],
 [4,6,10],[4,7,8],[4,8,9],[4,9,10],[5,6,7],[5,6,10],[5,9,10]]

manifold_lex_d2_n10_o1_g1_#975=[[1,2,3],[1,2,4],[1,3,4],[2,3,5],[2,4,6],
 [2,5,7],[2,6,8],[2,7,8],[3,4,7],[3,5,9],[3,6,7],[3,6,8],[3,8,9],
 [4,6,10],[4,7,8],[4,8,9],[4,9,10],[5,7,9],[6,7,9],[6,9,10]]

manifold_lex_d2_n10_o1_g1_#976=[[1,2,3],[1,2,4],[1,3,4],[2,3,5],[2,4,6],
 [2,5,7],[2,6,8],[2,7,8],[3,4,7],[3,5,9],[3,6,7],[3,6,8],[3,8,9],
 [4,6,10],[4,7,8],[4,8,9],[4,9,10],[5,7,9],[6,7,10],[7,9,10]]

manifold_lex_d2_n10_o1_g1_#977=[[1,2,3],[1,2,4],[1,3,4],[2,3,5],[2,4,6],
 [2,5,7],[2,6,8],[2,7,8],[3,4,7],[3,5,9],[3,6,7],[3,6,8],[3,8,9],
 [4,6,10],[4,7,8],[4,8,9],[4,9,10],[5,7,10],[5,9,10],[6,7,10]]

manifold_lex_d2_n10_o1_g1_#978=[[1,2,3],[1,2,4],[1,3,4],[2,3,5],[2,4,6],
 [2,5,7],[2,6,8],[2,7,8],[3,4,7],[3,5,9],[3,6,7],[3,6,8],[3,8,9],
 [4,6,10],[4,7,8],[4,8,10],[5,6,7],[5,6,9],[6,9,10],[8,9,10]]

manifold_lex_d2_n10_o1_g1_#979=[[1,2,3],[1,2,4],[1,3,4],[2,3,5],[2,4,6],
 [2,5,7],[2,6,8],[2,7,8],[3,4,7],[3,5,9],[3,6,7],[3,6,8],[3,8,9],
 [4,6,10],[4,7,8],[4,8,10],[5,6,7],[5,6,10],[5,9,10],[8,9,10]]

manifold_lex_d2_n10_o1_g1_#980=[[1,2,3],[1,2,4],[1,3,4],[2,3,5],[2,4,6],
 [2,5,7],[2,6,8],[2,7,8],[3,4,7],[3,5,9],[3,6,7],[3,6,8],[3,8,9],
 [4,6,10],[4,7,8],[4,8,10],[5,7,9],[6,7,9],[6,9,10],[8,9,10]]

manifold_lex_d2_n10_o1_g1_#981=[[1,2,3],[1,2,4],[1,3,4],[2,3,5],[2,4,6],
 [2,5,7],[2,6,8],[2,7,8],[3,4,7],[3,5,9],[3,6,7],[3,6,8],[3,8,9],
 [4,6,10],[4,7,8],[4,8,10],[5,7,9],[6,7,10],[7,9,10],[8,9,10]]

manifold_lex_d2_n10_o1_g1_#982=[[1,2,3],[1,2,4],[1,3,4],[2,3,5],[2,4,6],
 [2,5,7],[2,6,8],[2,7,8],[3,4,7],[3,5,9],[3,6,7],[3,6,8],[3,8,9],
 [4,6,10],[4,7,8],[4,8,10],[5,7,10],[5,9,10],[6,7,10],[8,9,10]]

manifold_lex_d2_n10_o1_g1_#983=[[1,2,3],[1,2,4],[1,3,4],[2,3,5],[2,4,6],
 [2,5,7],[2,6,8],[2,7,8],[3,4,7],[3,5,9],[3,6,7],[3,6,8],[3,8,9],
 [4,6,10],[4,7,9],[4,9,10],[5,6,7],[5,6,9],[6,9,10],[7,8,9]]

manifold_lex_d2_n10_o1_g1_#984=[[1,2,3],[1,2,4],[1,3,4],[2,3,5],[2,4,6],
 [2,5,7],[2,6,8],[2,7,8],[3,4,7],[3,5,9],[3,6,7],[3,6,8],[3,8,9],
 [4,6,10],[4,7,9],[4,9,10],[5,6,7],[5,6,10],[5,9,10],[7,8,9]]

manifold_lex_d2_n10_o1_g1_#985=[[1,2,3],[1,2,4],[1,3,4],[2,3,5],[2,4,6],
 [2,5,7],[2,6,8],[2,7,8],[3,4,7],[3,5,9],[3,6,7],[3,6,8],[3,8,9],
 [4,6,10],[4,7,9],[4,9,10],[5,7,10],[5,9,10],[6,7,10],[7,8,9]]

manifold_lex_d2_n10_o1_g1_#986=[[1,2,3],[1,2,4],[1,3,4],[2,3,5],[2,4,6],
 [2,5,7],[2,6,8],[2,7,8],[3,4,7],[3,5,9],[3,6,7],[3,6,8],[3,8,10],
 [3,9,10],[4,5,6],[4,5,9],[4,7,8],[4,8,10],[4,9,10],[5,6,7]]

manifold_lex_d2_n10_o1_g1_#987=[[1,2,3],[1,2,4],[1,3,4],[2,3,5],[2,4,6],
 [2,5,7],[2,6,8],[2,7,8],[3,4,7],[3,5,9],[3,6,7],[3,6,8],[3,8,10],
 [3,9,10],[4,5,6],[4,5,9],[4,7,9],[5,6,7],[7,8,10],[7,9,10]]

manifold_lex_d2_n10_o1_g1_#988=[[1,2,3],[1,2,4],[1,3,4],[2,3,5],[2,4,6],
 [2,5,7],[2,6,8],[2,7,8],[3,4,7],[3,5,9],[3,6,7],[3,6,8],[3,8,10],
 [3,9,10],[4,5,6],[4,5,9],[4,7,10],[4,9,10],[5,6,7],[7,8,10]]

manifold_lex_d2_n10_o1_g1_#989=[[1,2,3],[1,2,4],[1,3,4],[2,3,5],[2,4,6],
 [2,5,7],[2,6,8],[2,7,8],[3,4,7],[3,5,9],[3,6,7],[3,6,8],[3,8,10],
 [3,9,10],[4,6,9],[4,7,8],[4,8,10],[4,9,10],[5,6,7],[5,6,9]]

manifold_lex_d2_n10_o1_g1_#990=[[1,2,3],[1,2,4],[1,3,4],[2,3,5],[2,4,6],
 [2,5,7],[2,6,8],[2,7,8],[3,4,7],[3,5,9],[3,6,7],[3,6,8],[3,8,10],
 [3,9,10],[4,6,9],[4,7,8],[4,8,10],[4,9,10],[5,7,9],[6,7,9]]

manifold_lex_d2_n10_o1_g1_#991=[[1,2,3],[1,2,4],[1,3,4],[2,3,5],[2,4,6],
 [2,5,7],[2,6,8],[2,7,8],[3,4,7],[3,5,9],[3,6,7],[3,6,8],[3,8,10],
 [3,9,10],[4,6,9],[4,7,10],[4,9,10],[5,6,7],[5,6,9],[7,8,10]]

manifold_lex_d2_n10_o1_g1_#992=[[1,2,3],[1,2,4],[1,3,4],[2,3,5],[2,4,6],
 [2,5,7],[2,6,8],[2,7,8],[3,4,7],[3,5,9],[3,6,7],[3,6,8],[3,8,10],
 [3,9,10],[4,6,9],[4,7,10],[4,9,10],[5,7,9],[6,7,9],[7,8,10]]

manifold_lex_d2_n10_o1_g1_#993=[[1,2,3],[1,2,4],[1,3,4],[2,3,5],[2,4,6],
 [2,5,7],[2,6,8],[2,7,8],[3,4,7],[3,5,9],[3,6,7],[3,6,8],[3,8,10],
 [3,9,10],[4,6,10],[4,7,8],[4,8,10],[5,6,7],[5,6,9],[6,9,10]]

manifold_lex_d2_n10_o1_g1_#994=[[1,2,3],[1,2,4],[1,3,4],[2,3,5],[2,4,6],
 [2,5,7],[2,6,8],[2,7,8],[3,4,7],[3,5,9],[3,6,7],[3,6,8],[3,8,10],
 [3,9,10],[4,6,10],[4,7,8],[4,8,10],[5,7,9],[6,7,9],[6,9,10]]

manifold_lex_d2_n10_o1_g1_#995=[[1,2,3],[1,2,4],[1,3,4],[2,3,5],[2,4,6],
 [2,5,7],[2,6,8],[2,7,8],[3,4,7],[3,5,9],[3,6,7],[3,6,8],[3,8,10],
 [3,9,10],[4,6,10],[4,7,8],[4,8,10],[5,7,9],[6,7,10],[7,9,10]]

manifold_lex_d2_n10_o1_g1_#996=[[1,2,3],[1,2,4],[1,3,4],[2,3,5],[2,4,6],
 [2,5,7],[2,6,8],[2,7,8],[3,4,7],[3,5,9],[3,6,7],[3,6,9],[4,5,6],
 [4,5,10],[4,7,8],[4,8,10],[5,6,7],[5,9,10],[6,8,9],[8,9,10]]

manifold_lex_d2_n10_o1_g1_#997=[[1,2,3],[1,2,4],[1,3,4],[2,3,5],[2,4,6],
 [2,5,7],[2,6,8],[2,7,8],[3,4,7],[3,5,9],[3,6,7],[3,6,9],[4,5,6],
 [4,5,10],[4,7,8],[4,8,10],[5,6,7],[5,9,10],[6,8,10],[6,9,10]]

manifold_lex_d2_n10_o1_g1_#998=[[1,2,3],[1,2,4],[1,3,4],[2,3,5],[2,4,6],
 [2,5,7],[2,6,8],[2,7,8],[3,4,7],[3,5,9],[3,6,7],[3,6,9],[4,5,6],
 [4,5,10],[4,7,10],[5,6,7],[5,8,9],[5,8,10],[6,8,9],[7,8,10]]

manifold_lex_d2_n10_o1_g1_#999=[[1,2,3],[1,2,4],[1,3,4],[2,3,5],[2,4,6],
 [2,5,7],[2,6,8],[2,7,8],[3,4,7],[3,5,9],[3,6,7],[3,6,9],[4,5,6],
 [4,5,10],[4,7,10],[5,6,7],[5,9,10],[6,8,9],[7,8,10],[8,9,10]]

manifold_lex_d2_n10_o1_g1_#1000=[[1,2,3],[1,2,4],[1,3,4],[2,3,5],[2,4,6],
 [2,5,7],[2,6,8],[2,7,8],[3,4,7],[3,5,9],[3,6,7],[3,6,9],[4,5,8],
 [4,5,10],[4,6,10],[4,7,8],[5,6,7],[5,6,10],[5,8,9],[6,8,9]]

manifold_lex_d2_n10_o1_g1_#1001=[[1,2,3],[1,2,4],[1,3,4],[2,3,5],[2,4,6],
 [2,5,7],[2,6,8],[2,7,8],[3,4,7],[3,5,9],[3,6,7],[3,6,9],[4,5,8],
 [4,5,10],[4,6,10],[4,7,8],[5,6,8],[5,6,9],[5,7,10],[6,7,10]]

manifold_lex_d2_n10_o1_g1_#1002=[[1,2,3],[1,2,4],[1,3,4],[2,3,5],[2,4,6],
 [2,5,7],[2,6,8],[2,7,8],[3,4,7],[3,5,9],[3,6,7],[3,6,9],[4,5,8],
 [4,5,10],[4,6,10],[4,7,8],[5,7,10],[5,8,9],[6,7,10],[6,8,9]]

manifold_lex_d2_n10_o1_g1_#1003=[[1,2,3],[1,2,4],[1,3,4],[2,3,5],[2,4,6],
 [2,5,7],[2,6,8],[2,7,8],[3,4,7],[3,5,9],[3,6,7],[3,6,9],[4,5,9],
 [4,5,10],[4,6,10],[4,7,8],[4,8,9],[5,7,10],[6,7,10],[6,8,9]]

manifold_lex_d2_n10_o1_g1_#1004=[[1,2,3],[1,2,4],[1,3,4],[2,3,5],[2,4,6],
 [2,5,7],[2,6,8],[2,7,8],[3,4,7],[3,5,9],[3,6,7],[3,6,9],[4,6,10],
 [4,7,8],[4,8,9],[4,9,10],[5,6,7],[5,6,10],[5,9,10],[6,8,9]]

manifold_lex_d2_n10_o1_g1_#1005=[[1,2,3],[1,2,4],[1,3,4],[2,3,5],[2,4,6],
 [2,5,7],[2,6,8],[2,7,8],[3,4,7],[3,5,9],[3,6,7],[3,6,9],[4,6,10],
 [4,7,8],[4,8,9],[4,9,10],[5,7,9],[6,7,10],[6,8,9],[7,9,10]]

manifold_lex_d2_n10_o1_g1_#1006=[[1,2,3],[1,2,4],[1,3,4],[2,3,5],[2,4,6],
 [2,5,7],[2,6,8],[2,7,8],[3,4,7],[3,5,9],[3,6,7],[3,6,9],[4,6,10],
 [4,7,8],[4,8,9],[4,9,10],[5,7,10],[5,9,10],[6,7,10],[6,8,9]]

manifold_lex_d2_n10_o1_g1_#1007=[[1,2,3],[1,2,4],[1,3,4],[2,3,5],[2,4,6],
 [2,5,7],[2,6,8],[2,7,8],[3,4,7],[3,5,9],[3,6,7],[3,6,9],[4,6,10],
 [4,7,8],[4,8,10],[5,6,7],[5,6,10],[5,8,9],[5,8,10],[6,8,9]]

manifold_lex_d2_n10_o1_g1_#1008=[[1,2,3],[1,2,4],[1,3,4],[2,3,5],[2,4,6],
 [2,5,7],[2,6,8],[2,7,8],[3,4,7],[3,5,9],[3,6,7],[3,6,9],[4,6,10],
 [4,7,8],[4,8,10],[5,6,7],[5,6,10],[5,9,10],[6,8,9],[8,9,10]]

manifold_lex_d2_n10_o1_g1_#1009=[[1,2,3],[1,2,4],[1,3,4],[2,3,5],[2,4,6],
 [2,5,7],[2,6,8],[2,7,8],[3,4,7],[3,5,9],[3,6,7],[3,6,9],[4,6,10],
 [4,7,8],[4,8,10],[5,6,8],[5,6,9],[5,7,10],[5,8,10],[6,7,10]]

manifold_lex_d2_n10_o1_g1_#1010=[[1,2,3],[1,2,4],[1,3,4],[2,3,5],[2,4,6],
 [2,5,7],[2,6,8],[2,7,8],[3,4,7],[3,5,9],[3,6,7],[3,6,9],[4,6,10],
 [4,7,8],[4,8,10],[5,7,9],[6,7,10],[6,8,9],[7,9,10],[8,9,10]]

manifold_lex_d2_n10_o1_g1_#1011=[[1,2,3],[1,2,4],[1,3,4],[2,3,5],[2,4,6],
 [2,5,7],[2,6,8],[2,7,8],[3,4,7],[3,5,9],[3,6,7],[3,6,9],[4,6,10],
 [4,7,8],[4,8,10],[5,7,10],[5,8,9],[5,8,10],[6,7,10],[6,8,9]]

manifold_lex_d2_n10_o1_g1_#1012=[[1,2,3],[1,2,4],[1,3,4],[2,3,5],[2,4,6],
 [2,5,7],[2,6,8],[2,7,8],[3,4,7],[3,5,9],[3,6,7],[3,6,9],[4,6,10],
 [4,7,8],[4,8,10],[5,7,10],[5,9,10],[6,7,10],[6,8,9],[8,9,10]]

manifold_lex_d2_n10_o1_g1_#1013=[[1,2,3],[1,2,4],[1,3,4],[2,3,5],[2,4,6],
 [2,5,7],[2,6,8],[2,7,8],[3,4,7],[3,5,9],[3,6,7],[3,6,10],[3,9,10],
 [4,5,6],[4,5,9],[4,7,8],[4,8,9],[5,6,7],[6,8,10],[8,9,10]]

manifold_lex_d2_n10_o1_g1_#1014=[[1,2,3],[1,2,4],[1,3,4],[2,3,5],[2,4,6],
 [2,5,7],[2,6,8],[2,7,8],[3,4,7],[3,5,9],[3,6,7],[3,6,10],[3,9,10],
 [4,5,6],[4,5,9],[4,7,8],[4,8,10],[4,9,10],[5,6,7],[6,8,10]]

manifold_lex_d2_n10_o1_g1_#1015=[[1,2,3],[1,2,4],[1,3,4],[2,3,5],[2,4,6],
 [2,5,7],[2,6,8],[2,7,8],[3,4,7],[3,5,9],[3,6,7],[3,6,10],[3,9,10],
 [4,5,6],[4,5,9],[4,7,10],[4,9,10],[5,6,7],[6,8,10],[7,8,10]]

manifold_lex_d2_n10_o1_g1_#1016=[[1,2,3],[1,2,4],[1,3,4],[2,3,5],[2,4,6],
 [2,5,7],[2,6,8],[2,7,8],[3,4,7],[3,5,9],[3,6,7],[3,6,10],[3,9,10],
 [4,6,9],[4,7,8],[4,8,9],[5,6,7],[5,6,9],[6,8,10],[8,9,10]]

manifold_lex_d2_n10_o1_g1_#1017=[[1,2,3],[1,2,4],[1,3,4],[2,3,5],[2,4,6],
 [2,5,7],[2,6,8],[2,7,8],[3,4,7],[3,5,9],[3,6,7],[3,6,10],[3,9,10],
 [4,6,9],[4,7,8],[4,8,9],[5,7,9],[6,7,9],[6,8,10],[8,9,10]]

manifold_lex_d2_n10_o1_g1_#1018=[[1,2,3],[1,2,4],[1,3,4],[2,3,5],[2,4,6],
 [2,5,7],[2,6,8],[2,7,8],[3,4,7],[3,5,9],[3,6,7],[3,6,10],[3,9,10],
 [4,6,9],[4,7,8],[4,8,10],[4,9,10],[5,6,7],[5,6,9],[6,8,10]]

manifold_lex_d2_n10_o1_g1_#1019=[[1,2,3],[1,2,4],[1,3,4],[2,3,5],[2,4,6],
 [2,5,7],[2,6,8],[2,7,8],[3,4,7],[3,5,9],[3,6,7],[3,6,10],[3,9,10],
 [4,6,9],[4,7,8],[4,8,10],[4,9,10],[5,7,9],[6,7,9],[6,8,10]]

manifold_lex_d2_n10_o1_g1_#1020=[[1,2,3],[1,2,4],[1,3,4],[2,3,5],[2,4,6],
 [2,5,7],[2,6,8],[2,7,8],[3,4,7],[3,5,9],[3,6,7],[3,6,10],[3,9,10],
 [4,6,9],[4,7,10],[4,9,10],[5,6,7],[5,6,9],[6,8,10],[7,8,10]]

manifold_lex_d2_n10_o1_g1_#1021=[[1,2,3],[1,2,4],[1,3,4],[2,3,5],[2,4,6],
 [2,5,7],[2,6,8],[2,7,8],[3,4,7],[3,5,9],[3,6,7],[3,6,10],[3,9,10],
 [4,6,9],[4,7,10],[4,9,10],[5,7,9],[6,7,9],[6,8,10],[7,8,10]]

manifold_lex_d2_n10_o1_g1_#1022=[[1,2,3],[1,2,4],[1,3,4],[2,3,5],[2,4,6],
 [2,5,7],[2,6,8],[2,7,8],[3,4,7],[3,5,9],[3,6,8],[3,6,10],[3,7,10],
 [3,8,9],[4,5,6],[4,5,9],[4,7,8],[4,8,9],[5,6,10],[5,7,10]]

manifold_lex_d2_n10_o1_g1_#1023=[[1,2,3],[1,2,4],[1,3,4],[2,3,5],[2,4,6],
 [2,5,7],[2,6,8],[2,7,8],[3,4,7],[3,5,9],[3,6,8],[3,6,10],[3,7,10],
 [3,8,9],[4,5,8],[4,5,10],[4,6,10],[4,7,8],[5,7,10],[5,8,9]]

manifold_lex_d2_n10_o1_g1_#1024=[[1,2,3],[1,2,4],[1,3,4],[2,3,5],[2,4,6],
 [2,5,7],[2,6,8],[2,7,8],[3,4,7],[3,5,9],[3,6,8],[3,6,10],[3,7,10],
 [3,8,9],[4,5,9],[4,5,10],[4,6,10],[4,7,8],[4,8,9],[5,7,10]]

manifold_lex_d2_n10_o1_g1_#1025=[[1,2,3],[1,2,4],[1,3,4],[2,3,5],[2,4,6],
 [2,5,7],[2,6,8],[2,7,8],[3,4,7],[3,5,9],[3,6,8],[3,6,10],[3,7,10],
 [3,8,9],[4,5,9],[4,5,10],[4,6,10],[4,7,9],[5,7,10],[7,8,9]]

manifold_lex_d2_n10_o1_g1_#1026=[[1,2,3],[1,2,4],[1,3,4],[2,3,5],[2,4,6],
 [2,5,7],[2,6,8],[2,7,8],[3,4,7],[3,5,9],[3,6,8],[3,6,10],[3,7,10],
 [3,8,9],[4,6,9],[4,7,8],[4,8,9],[5,6,9],[5,6,10],[5,7,10]]

manifold_lex_d2_n10_o1_g1_#1027=[[1,2,3],[1,2,4],[1,3,4],[2,3,5],[2,4,6],
 [2,5,7],[2,6,8],[2,7,8],[3,4,7],[3,5,9],[3,6,8],[3,6,10],[3,7,10],
 [3,8,9],[4,6,9],[4,7,8],[4,8,9],[5,7,9],[6,9,10],[7,9,10]]

manifold_lex_d2_n10_o1_g1_#1028=[[1,2,3],[1,2,4],[1,3,4],[2,3,5],[2,4,6],
 [2,5,7],[2,6,8],[2,7,8],[3,4,7],[3,5,9],[3,6,8],[3,6,10],[3,7,10],
 [3,8,9],[4,6,9],[4,7,8],[4,8,9],[5,7,10],[5,9,10],[6,9,10]]

manifold_lex_d2_n10_o1_g1_#1029=[[1,2,3],[1,2,4],[1,3,4],[2,3,5],[2,4,6],
 [2,5,7],[2,6,8],[2,7,8],[3,4,7],[3,5,9],[3,6,8],[3,6,10],[3,7,10],
 [3,8,9],[4,6,10],[4,7,8],[4,8,9],[4,9,10],[5,7,9],[7,9,10]]

manifold_lex_d2_n10_o1_g1_#1030=[[1,2,3],[1,2,4],[1,3,4],[2,3,5],[2,4,6],
 [2,5,7],[2,6,8],[2,7,8],[3,4,7],[3,5,9],[3,6,8],[3,6,10],[3,7,10],
 [3,8,9],[4,6,10],[4,7,8],[4,8,9],[4,9,10],[5,7,10],[5,9,10]]

manifold_lex_d2_n10_o1_g1_#1031=[[1,2,3],[1,2,4],[1,3,4],[2,3,5],[2,4,6],
 [2,5,7],[2,6,8],[2,7,8],[3,4,7],[3,5,9],[3,6,8],[3,6,10],[3,7,10],
 [3,8,9],[4,6,10],[4,7,8],[4,8,10],[5,7,9],[7,9,10],[8,9,10]]

manifold_lex_d2_n10_o1_g1_#1032=[[1,2,3],[1,2,4],[1,3,4],[2,3,5],[2,4,6],
 [2,5,7],[2,6,8],[2,7,8],[3,4,7],[3,5,9],[3,6,8],[3,6,10],[3,7,10],
 [3,8,9],[4,6,10],[4,7,8],[4,8,10],[5,7,10],[5,9,10],[8,9,10]]

manifold_lex_d2_n10_o1_g1_#1033=[[1,2,3],[1,2,4],[1,3,4],[2,3,5],[2,4,6],
 [2,5,7],[2,6,8],[2,7,8],[3,4,7],[3,5,9],[3,6,8],[3,6,10],[3,7,10],
 [3,8,9],[4,6,10],[4,7,9],[4,9,10],[5,7,10],[5,9,10],[7,8,9]]

manifold_lex_d2_n10_o1_g1_#1034=[[1,2,3],[1,2,4],[1,3,4],[2,3,5],[2,4,6],
 [2,5,7],[2,6,8],[2,7,8],[3,4,7],[3,5,9],[3,6,9],[3,6,10],[3,7,10],
 [4,5,6],[4,5,9],[4,7,8],[4,8,9],[5,6,7],[6,7,10],[6,8,9]]

manifold_lex_d2_n10_o1_g1_#1035=[[1,2,3],[1,2,4],[1,3,4],[2,3,5],[2,4,6],
 [2,5,7],[2,6,8],[2,7,8],[3,4,7],[3,5,9],[3,6,9],[3,6,10],[3,7,10],
 [4,5,6],[4,5,9],[4,7,8],[4,8,9],[5,6,10],[5,7,10],[6,8,9]]

manifold_lex_d2_n10_o1_g1_#1036=[[1,2,3],[1,2,4],[1,3,4],[2,3,5],[2,4,6],
 [2,5,7],[2,6,8],[2,7,8],[3,4,7],[3,5,9],[3,6,9],[3,6,10],[3,7,10],
 [4,5,8],[4,5,10],[4,6,10],[4,7,8],[5,7,10],[5,8,9],[6,8,9]]

manifold_lex_d2_n10_o1_g1_#1037=[[1,2,3],[1,2,4],[1,3,4],[2,3,5],[2,4,6],
 [2,5,7],[2,6,8],[2,7,8],[3,4,7],[3,5,9],[3,6,9],[3,6,10],[3,7,10],
 [4,5,9],[4,5,10],[4,6,10],[4,7,8],[4,8,9],[5,7,10],[6,8,9]]

manifold_lex_d2_n10_o1_g1_#1038=[[1,2,3],[1,2,4],[1,3,4],[2,3,5],[2,4,6],
 [2,5,7],[2,6,8],[2,7,8],[3,4,7],[3,5,9],[3,6,9],[3,6,10],[3,7,10],
 [4,5,9],[4,5,10],[4,6,10],[4,7,9],[5,7,10],[6,7,8],[6,7,9]]

manifold_lex_d2_n10_o1_g1_#1039=[[1,2,3],[1,2,4],[1,3,4],[2,3,5],[2,4,6],
 [2,5,7],[2,6,8],[2,7,8],[3,4,7],[3,5,9],[3,6,9],[3,6,10],[3,7,10],
 [4,5,9],[4,5,10],[4,6,10],[4,7,9],[5,7,10],[6,8,9],[7,8,9]]

manifold_lex_d2_n10_o1_g1_#1040=[[1,2,3],[1,2,4],[1,3,4],[2,3,5],[2,4,6],
 [2,5,7],[2,6,8],[2,7,8],[3,4,7],[3,5,9],[3,6,9],[3,6,10],[3,7,10],
 [4,6,10],[4,7,8],[4,8,9],[4,9,10],[5,7,9],[6,8,9],[7,9,10]]

manifold_lex_d2_n10_o1_g1_#1041=[[1,2,3],[1,2,4],[1,3,4],[2,3,5],[2,4,6],
 [2,5,7],[2,6,8],[2,7,8],[3,4,7],[3,5,9],[3,6,9],[3,6,10],[3,7,10],
 [4,6,10],[4,7,8],[4,8,9],[4,9,10],[5,7,10],[5,9,10],[6,8,9]]

manifold_lex_d2_n10_o1_g1_#1042=[[1,2,3],[1,2,4],[1,3,4],[2,3,5],[2,4,6],
 [2,5,7],[2,6,8],[2,7,8],[3,4,7],[3,5,9],[3,6,9],[3,6,10],[3,7,10],
 [4,6,10],[4,7,8],[4,8,10],[5,7,9],[6,8,9],[7,9,10],[8,9,10]]

manifold_lex_d2_n10_o1_g1_#1043=[[1,2,3],[1,2,4],[1,3,4],[2,3,5],[2,4,6],
 [2,5,7],[2,6,8],[2,7,8],[3,4,7],[3,5,9],[3,6,9],[3,6,10],[3,7,10],
 [4,6,10],[4,7,8],[4,8,10],[5,7,10],[5,8,9],[5,8,10],[6,8,9]]

manifold_lex_d2_n10_o1_g1_#1044=[[1,2,3],[1,2,4],[1,3,4],[2,3,5],[2,4,6],
 [2,5,7],[2,6,8],[2,7,8],[3,4,7],[3,5,9],[3,6,9],[3,6,10],[3,7,10],
 [4,6,10],[4,7,8],[4,8,10],[5,7,10],[5,9,10],[6,8,9],[8,9,10]]

manifold_lex_d2_n10_o1_g1_#1045=[[1,2,3],[1,2,4],[1,3,4],[2,3,5],[2,4,6],
 [2,5,7],[2,6,8],[2,7,8],[3,4,7],[3,5,9],[3,6,9],[3,6,10],[3,7,10],
 [4,6,10],[4,7,9],[4,9,10],[5,7,10],[5,9,10],[6,7,8],[6,7,9]]

manifold_lex_d2_n10_o1_g1_#1046=[[1,2,3],[1,2,4],[1,3,4],[2,3,5],[2,4,6],
 [2,5,7],[2,6,8],[2,7,8],[3,4,7],[3,5,9],[3,6,9],[3,6,10],[3,7,10],
 [4,6,10],[4,7,9],[4,9,10],[5,7,10],[5,9,10],[6,8,9],[7,8,9]]

manifold_lex_d2_n10_o1_g1_#1047=[[1,2,3],[1,2,4],[1,3,4],[2,3,5],[2,4,6],
 [2,5,7],[2,6,8],[2,7,8],[3,4,7],[3,5,9],[3,7,10],[3,8,9],[3,8,10],
 [4,5,6],[4,5,9],[4,7,8],[4,8,9],[5,6,7],[6,7,10],[6,8,10]]

manifold_lex_d2_n10_o1_g1_#1048=[[1,2,3],[1,2,4],[1,3,4],[2,3,5],[2,4,6],
 [2,5,7],[2,6,8],[2,7,8],[3,4,7],[3,5,9],[3,7,10],[3,8,9],[3,8,10],
 [4,5,6],[4,5,9],[4,7,8],[4,8,9],[5,6,8],[5,7,10],[5,8,10]]

manifold_lex_d2_n10_o1_g1_#1049=[[1,2,3],[1,2,4],[1,3,4],[2,3,5],[2,4,6],
 [2,5,7],[2,6,8],[2,7,8],[3,4,7],[3,5,9],[3,7,10],[3,8,9],[3,8,10],
 [4,5,6],[4,5,9],[4,7,8],[4,8,9],[5,6,10],[5,7,10],[6,8,10]]

manifold_lex_d2_n10_o1_g1_#1050=[[1,2,3],[1,2,4],[1,3,4],[2,3,5],[2,4,6],
 [2,5,7],[2,6,8],[2,7,8],[3,4,7],[3,5,9],[3,7,10],[3,8,9],[3,8,10],
 [4,5,8],[4,5,9],[4,6,8],[4,7,9],[5,7,10],[5,8,10],[7,8,9]]

manifold_lex_d2_n10_o1_g1_#1051=[[1,2,3],[1,2,4],[1,3,4],[2,3,5],[2,4,6],
 [2,5,7],[2,6,8],[2,7,8],[3,4,7],[3,5,9],[3,7,10],[3,8,9],[3,8,10],
 [4,5,9],[4,5,10],[4,6,8],[4,7,9],[4,8,10],[5,7,10],[7,8,9]]

manifold_lex_d2_n10_o1_g1_#1052=[[1,2,3],[1,2,4],[1,3,4],[2,3,5],[2,4,6],
 [2,5,7],[2,6,8],[2,7,8],[3,4,7],[3,5,9],[3,7,10],[3,8,9],[3,8,10],
 [4,5,9],[4,5,10],[4,6,10],[4,7,8],[4,8,9],[5,7,10],[6,8,10]]

manifold_lex_d2_n10_o1_g1_#1053=[[1,2,3],[1,2,4],[1,3,4],[2,3,5],[2,4,6],
 [2,5,7],[2,6,8],[2,7,8],[3,4,7],[3,5,9],[3,7,10],[3,8,9],[3,8,10],
 [4,5,9],[4,5,10],[4,6,10],[4,7,9],[5,7,10],[6,8,10],[7,8,9]]

manifold_lex_d2_n10_o1_g1_#1054=[[1,2,3],[1,2,4],[1,3,4],[2,3,5],[2,4,6],
 [2,5,7],[2,6,8],[2,7,8],[3,4,7],[3,5,9],[3,7,10],[3,8,9],[3,8,10],
 [4,6,8],[4,7,9],[4,8,10],[4,9,10],[5,7,10],[5,9,10],[7,8,9]]

manifold_lex_d2_n10_o1_g1_#1055=[[1,2,3],[1,2,4],[1,3,4],[2,3,5],[2,4,6],
 [2,5,7],[2,6,8],[2,7,8],[3,4,7],[3,5,9],[3,7,10],[3,8,9],[3,8,10],
 [4,6,9],[4,7,8],[4,8,9],[5,6,7],[5,6,9],[6,7,10],[6,8,10]]

manifold_lex_d2_n10_o1_g1_#1056=[[1,2,3],[1,2,4],[1,3,4],[2,3,5],[2,4,6],
 [2,5,7],[2,6,8],[2,7,8],[3,4,7],[3,5,9],[3,7,10],[3,8,9],[3,8,10],
 [4,6,9],[4,7,8],[4,8,9],[5,6,8],[5,6,9],[5,7,10],[5,8,10]]

manifold_lex_d2_n10_o1_g1_#1057=[[1,2,3],[1,2,4],[1,3,4],[2,3,5],[2,4,6],
 [2,5,7],[2,6,8],[2,7,8],[3,4,7],[3,5,9],[3,7,10],[3,8,9],[3,8,10],
 [4,6,9],[4,7,8],[4,8,9],[5,6,9],[5,6,10],[5,7,10],[6,8,10]]

manifold_lex_d2_n10_o1_g1_#1058=[[1,2,3],[1,2,4],[1,3,4],[2,3,5],[2,4,6],
 [2,5,7],[2,6,8],[2,7,8],[3,4,7],[3,5,9],[3,7,10],[3,8,9],[3,8,10],
 [4,6,9],[4,7,8],[4,8,9],[5,7,9],[6,7,9],[6,7,10],[6,8,10]]

manifold_lex_d2_n10_o1_g1_#1059=[[1,2,3],[1,2,4],[1,3,4],[2,3,5],[2,4,6],
 [2,5,7],[2,6,8],[2,7,8],[3,4,7],[3,5,9],[3,7,10],[3,8,9],[3,8,10],
 [4,6,9],[4,7,8],[4,8,9],[5,7,9],[6,8,10],[6,9,10],[7,9,10]]

manifold_lex_d2_n10_o1_g1_#1060=[[1,2,3],[1,2,4],[1,3,4],[2,3,5],[2,4,6],
 [2,5,7],[2,6,8],[2,7,8],[3,4,7],[3,5,9],[3,7,10],[3,8,9],[3,8,10],
 [4,6,9],[4,7,8],[4,8,9],[5,7,10],[5,9,10],[6,8,10],[6,9,10]]

manifold_lex_d2_n10_o1_g1_#1061=[[1,2,3],[1,2,4],[1,3,4],[2,3,5],[2,4,6],
 [2,5,7],[2,6,8],[2,7,8],[3,4,7],[3,5,9],[3,7,10],[3,8,9],[3,8,10],
 [4,6,10],[4,7,8],[4,8,9],[4,9,10],[5,7,9],[6,8,10],[7,9,10]]

manifold_lex_d2_n10_o1_g1_#1062=[[1,2,3],[1,2,4],[1,3,4],[2,3,5],[2,4,6],
 [2,5,7],[2,6,8],[2,7,8],[3,4,7],[3,5,9],[3,7,10],[3,8,9],[3,8,10],
 [4,6,10],[4,7,8],[4,8,9],[4,9,10],[5,7,10],[5,9,10],[6,8,10]]

manifold_lex_d2_n10_o1_g1_#1063=[[1,2,3],[1,2,4],[1,3,4],[2,3,5],[2,4,6],
 [2,5,7],[2,6,8],[2,7,8],[3,4,7],[3,5,9],[3,7,10],[3,8,9],[3,8,10],
 [4,6,10],[4,7,9],[4,9,10],[5,7,10],[5,9,10],[6,8,10],[7,8,9]]

manifold_lex_d2_n10_o1_g1_#1064=[[1,2,3],[1,2,4],[1,3,4],[2,3,5],[2,4,6],
 [2,5,7],[2,6,8],[2,7,8],[3,4,7],[3,5,9],[3,7,10],[3,9,10],[4,5,6],
 [4,5,9],[4,7,8],[4,8,9],[5,6,7],[6,7,9],[6,8,9],[7,9,10]]

manifold_lex_d2_n10_o1_g1_#1065=[[1,2,3],[1,2,4],[1,3,4],[2,3,5],[2,4,6],
 [2,5,7],[2,6,8],[2,7,8],[3,4,7],[3,5,9],[3,7,10],[3,9,10],[4,5,6],
 [4,5,9],[4,7,8],[4,8,9],[5,6,7],[6,7,10],[6,8,9],[6,9,10]]

manifold_lex_d2_n10_o1_g1_#1066=[[1,2,3],[1,2,4],[1,3,4],[2,3,5],[2,4,6],
 [2,5,7],[2,6,8],[2,7,8],[3,4,7],[3,5,9],[3,7,10],[3,9,10],[4,5,6],
 [4,5,9],[4,7,8],[4,8,9],[5,6,7],[6,7,10],[6,8,10],[8,9,10]]

manifold_lex_d2_n10_o1_g1_#1067=[[1,2,3],[1,2,4],[1,3,4],[2,3,5],[2,4,6],
 [2,5,7],[2,6,8],[2,7,8],[3,4,7],[3,5,9],[3,7,10],[3,9,10],[4,5,6],
 [4,5,9],[4,7,8],[4,8,9],[5,6,8],[5,7,10],[5,8,10],[8,9,10]]

manifold_lex_d2_n10_o1_g1_#1068=[[1,2,3],[1,2,4],[1,3,4],[2,3,5],[2,4,6],
 [2,5,7],[2,6,8],[2,7,8],[3,4,7],[3,5,9],[3,7,10],[3,9,10],[4,5,6],
 [4,5,9],[4,7,8],[4,8,9],[5,6,10],[5,7,10],[6,8,9],[6,9,10]]

manifold_lex_d2_n10_o1_g1_#1069=[[1,2,3],[1,2,4],[1,3,4],[2,3,5],[2,4,6],
 [2,5,7],[2,6,8],[2,7,8],[3,4,7],[3,5,9],[3,7,10],[3,9,10],[4,5,6],
 [4,5,9],[4,7,8],[4,8,9],[5,6,10],[5,7,10],[6,8,10],[8,9,10]]

manifold_lex_d2_n10_o1_g1_#1070=[[1,2,3],[1,2,4],[1,3,4],[2,3,5],[2,4,6],
 [2,5,7],[2,6,8],[2,7,8],[3,4,7],[3,5,9],[3,7,10],[3,9,10],[4,5,6],
 [4,5,9],[4,7,8],[4,8,10],[4,9,10],[5,6,7],[6,7,10],[6,8,10]]

manifold_lex_d2_n10_o1_g1_#1071=[[1,2,3],[1,2,4],[1,3,4],[2,3,5],[2,4,6],
 [2,5,7],[2,6,8],[2,7,8],[3,4,7],[3,5,9],[3,7,10],[3,9,10],[4,5,6],
 [4,5,9],[4,7,8],[4,8,10],[4,9,10],[5,6,8],[5,7,10],[5,8,10]]

manifold_lex_d2_n10_o1_g1_#1072=[[1,2,3],[1,2,4],[1,3,4],[2,3,5],[2,4,6],
 [2,5,7],[2,6,8],[2,7,8],[3,4,7],[3,5,9],[3,7,10],[3,9,10],[4,5,6],
 [4,5,9],[4,7,8],[4,8,10],[4,9,10],[5,6,10],[5,7,10],[6,8,10]]

manifold_lex_d2_n10_o1_g1_#1073=[[1,2,3],[1,2,4],[1,3,4],[2,3,5],[2,4,6],
 [2,5,7],[2,6,8],[2,7,8],[3,4,7],[3,5,9],[3,7,10],[3,9,10],[4,5,8],
 [4,5,9],[4,6,8],[4,7,9],[5,7,10],[5,8,10],[7,8,9],[8,9,10]]

manifold_lex_d2_n10_o1_g1_#1074=[[1,2,3],[1,2,4],[1,3,4],[2,3,5],[2,4,6],
 [2,5,7],[2,6,8],[2,7,8],[3,4,7],[3,5,9],[3,7,10],[3,9,10],[4,5,8],
 [4,5,10],[4,6,9],[4,7,8],[4,9,10],[5,6,8],[5,6,9],[5,7,10]]

manifold_lex_d2_n10_o1_g1_#1075=[[1,2,3],[1,2,4],[1,3,4],[2,3,5],[2,4,6],
 [2,5,7],[2,6,8],[2,7,8],[3,4,7],[3,5,9],[3,7,10],[3,9,10],[4,5,8],
 [4,5,10],[4,6,9],[4,7,8],[4,9,10],[5,7,10],[5,8,9],[6,8,9]]

manifold_lex_d2_n10_o1_g1_#1076=[[1,2,3],[1,2,4],[1,3,4],[2,3,5],[2,4,6],
 [2,5,7],[2,6,8],[2,7,8],[3,4,7],[3,5,9],[3,7,10],[3,9,10],[4,5,8],
 [4,5,10],[4,6,10],[4,7,8],[5,6,8],[5,6,9],[5,7,10],[6,9,10]]

manifold_lex_d2_n10_o1_g1_#1077=[[1,2,3],[1,2,4],[1,3,4],[2,3,5],[2,4,6],
 [2,5,7],[2,6,8],[2,7,8],[3,4,7],[3,5,9],[3,7,10],[3,9,10],[4,5,8],
 [4,5,10],[4,6,10],[4,7,8],[5,7,10],[5,8,9],[6,8,9],[6,9,10]]

manifold_lex_d2_n10_o1_g1_#1078=[[1,2,3],[1,2,4],[1,3,4],[2,3,5],[2,4,6],
 [2,5,7],[2,6,8],[2,7,8],[3,4,7],[3,5,9],[3,7,10],[3,9,10],[4,5,8],
 [4,5,10],[4,6,10],[4,7,8],[5,7,10],[5,8,9],[6,8,10],[8,9,10]]

manifold_lex_d2_n10_o1_g1_#1079=[[1,2,3],[1,2,4],[1,3,4],[2,3,5],[2,4,6],
 [2,5,7],[2,6,8],[2,7,8],[3,4,7],[3,5,9],[3,7,10],[3,9,10],[4,5,9],
 [4,5,10],[4,6,10],[4,7,8],[4,8,9],[5,7,10],[6,8,9],[6,9,10]]

manifold_lex_d2_n10_o1_g1_#1080=[[1,2,3],[1,2,4],[1,3,4],[2,3,5],[2,4,6],
 [2,5,7],[2,6,8],[2,7,8],[3,4,7],[3,5,9],[3,7,10],[3,9,10],[4,5,9],
 [4,5,10],[4,6,10],[4,7,8],[4,8,9],[5,7,10],[6,8,10],[8,9,10]]

manifold_lex_d2_n10_o1_g1_#1081=[[1,2,3],[1,2,4],[1,3,4],[2,3,5],[2,4,6],
 [2,5,7],[2,6,8],[2,7,8],[3,4,7],[3,5,9],[3,7,10],[3,9,10],[4,5,9],
 [4,5,10],[4,6,10],[4,7,9],[5,7,10],[6,8,9],[6,9,10],[7,8,9]]

manifold_lex_d2_n10_o1_g1_#1082=[[1,2,3],[1,2,4],[1,3,4],[2,3,5],[2,4,6],
 [2,5,7],[2,6,8],[2,7,8],[3,4,7],[3,5,9],[3,7,10],[3,9,10],[4,5,9],
 [4,5,10],[4,6,10],[4,7,9],[5,7,10],[6,8,10],[7,8,9],[8,9,10]]

manifold_lex_d2_n10_o1_g1_#1083=[[1,2,3],[1,2,4],[1,3,4],[2,3,5],[2,4,6],
 [2,5,7],[2,6,8],[2,7,8],[3,4,7],[3,5,9],[3,7,10],[3,9,10],[4,6,9],
 [4,7,8],[4,8,9],[5,6,7],[5,6,9],[6,7,10],[6,8,10],[8,9,10]]

manifold_lex_d2_n10_o1_g1_#1084=[[1,2,3],[1,2,4],[1,3,4],[2,3,5],[2,4,6],
 [2,5,7],[2,6,8],[2,7,8],[3,4,7],[3,5,9],[3,7,10],[3,9,10],[4,6,9],
 [4,7,8],[4,8,9],[5,6,8],[5,6,9],[5,7,10],[5,8,10],[8,9,10]]

manifold_lex_d2_n10_o1_g1_#1085=[[1,2,3],[1,2,4],[1,3,4],[2,3,5],[2,4,6],
 [2,5,7],[2,6,8],[2,7,8],[3,4,7],[3,5,9],[3,7,10],[3,9,10],[4,6,9],
 [4,7,8],[4,8,9],[5,6,9],[5,6,10],[5,7,10],[6,8,10],[8,9,10]]

manifold_lex_d2_n10_o1_g1_#1086=[[1,2,3],[1,2,4],[1,3,4],[2,3,5],[2,4,6],
 [2,5,7],[2,6,8],[2,7,8],[3,4,7],[3,5,9],[3,7,10],[3,9,10],[4,6,9],
 [4,7,8],[4,8,9],[5,7,9],[6,7,9],[6,7,10],[6,8,10],[8,9,10]]

manifold_lex_d2_n10_o1_g1_#1087=[[1,2,3],[1,2,4],[1,3,4],[2,3,5],[2,4,6],
 [2,5,7],[2,6,8],[2,7,8],[3,4,7],[3,5,9],[3,7,10],[3,9,10],[4,6,9],
 [4,7,8],[4,8,10],[4,9,10],[5,6,7],[5,6,9],[6,7,10],[6,8,10]]

manifold_lex_d2_n10_o1_g1_#1088=[[1,2,3],[1,2,4],[1,3,4],[2,3,5],[2,4,6],
 [2,5,7],[2,6,8],[2,7,8],[3,4,7],[3,5,9],[3,7,10],[3,9,10],[4,6,9],
 [4,7,8],[4,8,10],[4,9,10],[5,6,8],[5,6,9],[5,7,10],[5,8,10]]

manifold_lex_d2_n10_o1_g1_#1089=[[1,2,3],[1,2,4],[1,3,4],[2,3,5],[2,4,6],
 [2,5,7],[2,6,8],[2,7,8],[3,4,7],[3,5,9],[3,7,10],[3,9,10],[4,6,9],
 [4,7,8],[4,8,10],[4,9,10],[5,6,9],[5,6,10],[5,7,10],[6,8,10]]

manifold_lex_d2_n10_o1_g1_#1090=[[1,2,3],[1,2,4],[1,3,4],[2,3,5],[2,4,6],
 [2,5,7],[2,6,8],[2,7,8],[3,4,7],[3,5,9],[3,7,10],[3,9,10],[4,6,9],
 [4,7,8],[4,8,10],[4,9,10],[5,7,9],[6,7,9],[6,7,10],[6,8,10]]

manifold_lex_d2_n10_o1_g1_#1091=[[1,2,3],[1,2,4],[1,3,4],[2,3,5],[2,4,6],
 [2,5,7],[2,6,8],[2,7,8],[3,4,7],[3,5,9],[3,7,10],[3,9,10],[4,6,9],
 [4,7,8],[4,8,10],[4,9,10],[5,7,10],[5,8,9],[5,8,10],[6,8,9]]

manifold_lex_d2_n10_o1_g1_#1092=[[1,2,3],[1,2,4],[1,3,4],[2,3,5],[2,4,6],
 [2,5,7],[2,6,8],[2,7,8],[3,4,7],[3,5,9],[3,7,10],[3,9,10],[4,6,10],
 [4,7,8],[4,8,10],[5,6,8],[5,6,9],[5,7,10],[5,8,10],[6,9,10]]

manifold_lex_d2_n10_o1_g1_#1093=[[1,2,3],[1,2,4],[1,3,4],[2,3,5],[2,4,6],
 [2,5,7],[2,6,8],[2,7,8],[3,4,7],[3,5,9],[3,7,10],[3,9,10],[4,6,10],
 [4,7,8],[4,8,10],[5,7,10],[5,8,9],[5,8,10],[6,8,9],[6,9,10]]

manifold_lex_d2_n10_o1_g1_#1094=[[1,2,3],[1,2,4],[1,3,4],[2,3,5],[2,4,6],
 [2,5,7],[2,6,8],[2,7,8],[3,4,9],[3,5,6],[3,6,7],[3,7,8],[3,8,9],
 [4,5,7],[4,5,10],[4,6,7],[4,8,9],[4,8,10],[5,6,8],[5,8,10]]

manifold_lex_d2_n10_o1_g1_#1095=[[1,2,3],[1,2,4],[1,3,4],[2,3,5],[2,4,6],
 [2,5,7],[2,6,8],[2,7,8],[3,4,9],[3,5,6],[3,6,7],[3,7,8],[3,8,9],
 [4,5,7],[4,5,10],[4,6,7],[4,8,9],[4,8,10],[5,6,10],[6,8,10]]

manifold_lex_d2_n10_o1_g1_#1096=[[1,2,3],[1,2,4],[1,3,4],[2,3,5],[2,4,6],
 [2,5,7],[2,6,8],[2,7,8],[3,4,9],[3,5,6],[3,6,7],[3,7,8],[3,8,9],
 [4,5,7],[4,5,10],[4,6,7],[4,9,10],[5,6,8],[5,8,10],[8,9,10]]

manifold_lex_d2_n10_o1_g1_#1097=[[1,2,3],[1,2,4],[1,3,4],[2,3,5],[2,4,6],
 [2,5,7],[2,6,8],[2,7,8],[3,4,9],[3,5,6],[3,6,7],[3,7,8],[3,8,9],
 [4,5,7],[4,5,10],[4,6,7],[4,9,10],[5,6,10],[6,8,9],[6,9,10]]

manifold_lex_d2_n10_o1_g1_#1098=[[1,2,3],[1,2,4],[1,3,4],[2,3,5],[2,4,6],
 [2,5,7],[2,6,8],[2,7,8],[3,4,9],[3,5,6],[3,6,7],[3,7,8],[3,8,9],
 [4,5,7],[4,5,10],[4,6,7],[4,9,10],[5,6,10],[6,8,10],[8,9,10]]

manifold_lex_d2_n10_o1_g1_#1099=[[1,2,3],[1,2,4],[1,3,4],[2,3,5],[2,4,6],
 [2,5,7],[2,6,8],[2,7,8],[3,4,9],[3,5,6],[3,6,7],[3,7,8],[3,8,9],
 [4,5,8],[4,5,10],[4,6,10],[4,8,9],[5,6,8],[5,7,10],[6,7,10]]

manifold_lex_d2_n10_o1_g1_#1100=[[1,2,3],[1,2,4],[1,3,4],[2,3,5],[2,4,6],
 [2,5,7],[2,6,8],[2,7,8],[3,4,9],[3,5,6],[3,6,7],[3,7,8],[3,8,9],
 [4,5,9],[4,5,10],[4,6,7],[4,7,10],[5,6,8],[5,7,10],[5,8,9]]

manifold_lex_d2_n10_o1_g1_#1101=[[1,2,3],[1,2,4],[1,3,4],[2,3,5],[2,4,6],
 [2,5,7],[2,6,8],[2,7,8],[3,4,9],[3,5,6],[3,6,7],[3,7,8],[3,8,9],
 [4,6,7],[4,7,10],[4,8,9],[4,8,10],[5,6,8],[5,7,10],[5,8,10]]

manifold_lex_d2_n10_o1_g1_#1102=[[1,2,3],[1,2,4],[1,3,4],[2,3,5],[2,4,6],
 [2,5,7],[2,6,8],[2,7,8],[3,4,9],[3,5,6],[3,6,7],[3,7,8],[3,8,9],
 [4,6,7],[4,7,10],[4,8,9],[4,8,10],[5,6,10],[5,7,10],[6,8,10]]

manifold_lex_d2_n10_o1_g1_#1103=[[1,2,3],[1,2,4],[1,3,4],[2,3,5],[2,4,6],
 [2,5,7],[2,6,8],[2,7,8],[3,4,9],[3,5,6],[3,6,7],[3,7,8],[3,8,9],
 [4,6,7],[4,7,10],[4,9,10],[5,6,8],[5,7,10],[5,8,9],[5,9,10]]

manifold_lex_d2_n10_o1_g1_#1104=[[1,2,3],[1,2,4],[1,3,4],[2,3,5],[2,4,6],
 [2,5,7],[2,6,8],[2,7,8],[3,4,9],[3,5,6],[3,6,7],[3,7,8],[3,8,9],
 [4,6,7],[4,7,10],[4,9,10],[5,6,8],[5,7,10],[5,8,10],[8,9,10]]

manifold_lex_d2_n10_o1_g1_#1105=[[1,2,3],[1,2,4],[1,3,4],[2,3,5],[2,4,6],
 [2,5,7],[2,6,8],[2,7,8],[3,4,9],[3,5,6],[3,6,7],[3,7,8],[3,8,9],
 [4,6,7],[4,7,10],[4,9,10],[5,6,9],[5,7,10],[5,9,10],[6,8,9]]

manifold_lex_d2_n10_o1_g1_#1106=[[1,2,3],[1,2,4],[1,3,4],[2,3,5],[2,4,6],
 [2,5,7],[2,6,8],[2,7,8],[3,4,9],[3,5,6],[3,6,7],[3,7,8],[3,8,9],
 [4,6,7],[4,7,10],[4,9,10],[5,6,10],[5,7,10],[6,8,9],[6,9,10]]

manifold_lex_d2_n10_o1_g1_#1107=[[1,2,3],[1,2,4],[1,3,4],[2,3,5],[2,4,6],
 [2,5,7],[2,6,8],[2,7,8],[3,4,9],[3,5,6],[3,6,7],[3,7,8],[3,8,9],
 [4,6,7],[4,7,10],[4,9,10],[5,6,10],[5,7,10],[6,8,10],[8,9,10]]

manifold_lex_d2_n10_o1_g1_#1108=[[1,2,3],[1,2,4],[1,3,4],[2,3,5],[2,4,6],
 [2,5,7],[2,6,8],[2,7,8],[3,4,9],[3,5,6],[3,6,7],[3,7,8],[3,8,9],
 [4,6,10],[4,8,9],[4,8,10],[5,6,8],[5,7,10],[5,8,10],[6,7,10]]

manifold_lex_d2_n10_o1_g1_#1109=[[1,2,3],[1,2,4],[1,3,4],[2,3,5],[2,4,6],
 [2,5,7],[2,6,8],[2,7,8],[3,4,9],[3,5,6],[3,6,7],[3,7,8],[3,8,10],
 [3,9,10],[4,6,7],[4,7,10],[4,9,10],[5,6,10],[5,7,10],[6,8,10]]

manifold_lex_d2_n10_o1_g1_#1110=[[1,2,3],[1,2,4],[1,3,4],[2,3,5],[2,4,6],
 [2,5,7],[2,6,8],[2,7,8],[3,4,9],[3,5,6],[3,6,7],[3,7,10],[3,9,10],
 [4,5,7],[4,5,8],[4,6,7],[4,8,9],[5,6,8],[7,8,10],[8,9,10]]

manifold_lex_d2_n10_o1_g1_#1111=[[1,2,3],[1,2,4],[1,3,4],[2,3,5],[2,4,6],
 [2,5,7],[2,6,8],[2,7,8],[3,4,9],[3,5,6],[3,6,7],[3,7,10],[3,9,10],
 [4,5,7],[4,5,10],[4,6,7],[4,9,10],[5,6,10],[6,8,10],[7,8,10]]

manifold_lex_d2_n10_o1_g1_#1112=[[1,2,3],[1,2,4],[1,3,4],[2,3,5],[2,4,6],
 [2,5,7],[2,6,8],[2,7,8],[3,4,9],[3,5,6],[3,6,10],[3,7,8],[3,7,10],
 [3,8,9],[4,5,7],[4,5,8],[4,6,10],[4,7,10],[4,8,9],[5,6,8]]

manifold_lex_d2_n10_o1_g1_#1113=[[1,2,3],[1,2,4],[1,3,4],[2,3,5],[2,4,6],
 [2,5,7],[2,6,8],[2,7,8],[3,4,9],[3,5,6],[3,6,10],[3,7,8],[3,7,10],
 [3,8,9],[4,5,7],[4,5,9],[4,6,10],[4,7,10],[5,6,8],[5,8,9]]

manifold_lex_d2_n10_o1_g1_#1114=[[1,2,3],[1,2,4],[1,3,4],[2,3,5],[2,4,6],
 [2,5,7],[2,6,8],[2,7,8],[3,4,9],[3,5,6],[3,6,10],[3,7,8],[3,7,10],
 [3,8,9],[4,5,7],[4,5,9],[4,6,10],[4,7,10],[5,6,9],[6,8,9]]

manifold_lex_d2_n10_o1_g1_#1115=[[1,2,3],[1,2,4],[1,3,4],[2,3,5],[2,4,6],
 [2,5,7],[2,6,8],[2,7,8],[3,4,9],[3,5,6],[3,6,10],[3,7,8],[3,7,10],
 [3,8,9],[4,5,8],[4,5,10],[4,6,10],[4,8,9],[5,6,8],[5,7,10]]

manifold_lex_d2_n10_o1_g1_#1116=[[1,2,3],[1,2,4],[1,3,4],[2,3,5],[2,4,6],
 [2,5,7],[2,6,8],[2,7,8],[3,4,9],[3,5,6],[3,6,10],[3,7,8],[3,7,10],
 [3,8,9],[4,6,10],[4,7,9],[4,7,10],[5,6,7],[6,7,9],[6,8,9]]

manifold_lex_d2_n10_o1_g1_#1117=[[1,2,3],[1,2,4],[1,3,4],[2,3,5],[2,4,6],
 [2,5,7],[2,6,8],[2,7,8],[3,4,9],[3,5,6],[3,6,10],[3,7,8],[3,7,10],
 [3,8,9],[4,6,10],[4,7,9],[4,7,10],[5,6,8],[5,7,9],[5,8,9]]

manifold_lex_d2_n10_o1_g1_#1118=[[1,2,3],[1,2,4],[1,3,4],[2,3,5],[2,4,6],
 [2,5,7],[2,6,8],[2,7,8],[3,4,9],[3,5,6],[3,6,10],[3,7,8],[3,7,10],
 [3,8,9],[4,6,10],[4,7,9],[4,7,10],[5,6,9],[5,7,9],[6,8,9]]

manifold_lex_d2_n10_o1_g1_#1119=[[1,2,3],[1,2,4],[1,3,4],[2,3,5],[2,4,6],
 [2,5,7],[2,6,8],[2,7,8],[3,4,9],[3,5,6],[3,6,10],[3,7,8],[3,7,10],
 [3,8,9],[4,6,10],[4,8,9],[4,8,10],[5,6,8],[5,7,10],[5,8,10]]

manifold_lex_d2_n10_o1_g1_#1120=[[1,2,3],[1,2,4],[1,3,4],[2,3,5],[2,4,6],
 [2,5,7],[2,6,8],[2,7,8],[3,4,9],[3,5,6],[3,6,10],[3,7,9],[3,7,10],
 [4,5,7],[4,5,8],[4,6,10],[4,7,10],[4,8,9],[5,6,8],[7,8,9]]

manifold_lex_d2_n10_o1_g1_#1121=[[1,2,3],[1,2,4],[1,3,4],[2,3,5],[2,4,6],
 [2,5,7],[2,6,8],[2,7,8],[3,4,9],[3,5,6],[3,6,10],[3,7,9],[3,7,10],
 [4,5,7],[4,5,9],[4,6,10],[4,7,10],[5,6,8],[5,8,9],[7,8,9]]

manifold_lex_d2_n10_o1_g1_#1122=[[1,2,3],[1,2,4],[1,3,4],[2,3,5],[2,4,6],
 [2,5,7],[2,6,8],[2,7,8],[3,4,9],[3,5,6],[3,6,10],[3,7,9],[3,7,10],
 [4,5,7],[4,5,9],[4,6,10],[4,7,10],[5,6,9],[6,7,8],[6,7,9]]

manifold_lex_d2_n10_o1_g1_#1123=[[1,2,3],[1,2,4],[1,3,4],[2,3,5],[2,4,6],
 [2,5,7],[2,6,8],[2,7,8],[3,4,9],[3,5,6],[3,6,10],[3,7,9],[3,7,10],
 [4,5,7],[4,5,9],[4,6,10],[4,7,10],[5,6,9],[6,8,9],[7,8,9]]

manifold_lex_d2_n10_o1_g1_#1124=[[1,2,3],[1,2,4],[1,3,4],[2,3,5],[2,4,6],
 [2,5,7],[2,6,8],[2,7,8],[3,4,9],[3,5,6],[3,6,10],[3,7,9],[3,7,10],
 [4,5,8],[4,5,10],[4,6,10],[4,7,8],[4,7,9],[5,6,8],[5,7,10]]

manifold_lex_d2_n10_o1_g1_#1125=[[1,2,3],[1,2,4],[1,3,4],[2,3,5],[2,4,6],
 [2,5,7],[2,6,8],[2,7,8],[3,4,9],[3,5,6],[3,6,10],[3,7,9],[3,7,10],
 [4,5,8],[4,5,10],[4,6,10],[4,8,9],[5,6,8],[5,7,10],[7,8,9]]

manifold_lex_d2_n10_o1_g1_#1126=[[1,2,3],[1,2,4],[1,3,4],[2,3,5],[2,4,6],
 [2,5,7],[2,6,8],[2,7,8],[3,4,9],[3,5,6],[3,6,10],[3,7,9],[3,7,10],
 [4,6,10],[4,7,8],[4,7,9],[4,8,10],[5,6,8],[5,7,10],[5,8,10]]

manifold_lex_d2_n10_o1_g1_#1127=[[1,2,3],[1,2,4],[1,3,4],[2,3,5],[2,4,6],
 [2,5,7],[2,6,8],[2,7,8],[3,4,9],[3,5,6],[3,6,10],[3,7,9],[3,7,10],
 [4,6,10],[4,8,9],[4,8,10],[5,6,8],[5,7,10],[5,8,10],[7,8,9]]

manifold_lex_d2_n10_o1_g1_#1128=[[1,2,3],[1,2,4],[1,3,4],[2,3,5],[2,4,6],
 [2,5,7],[2,6,8],[2,7,8],[3,4,9],[3,5,6],[3,6,10],[3,8,9],[3,8,10],
 [4,5,7],[4,5,8],[4,6,7],[4,8,9],[5,6,8],[6,7,10],[7,8,10]]

manifold_lex_d2_n10_o1_g1_#1129=[[1,2,3],[1,2,4],[1,3,4],[2,3,5],[2,4,6],
 [2,5,7],[2,6,8],[2,7,8],[3,4,9],[3,5,6],[3,6,10],[3,8,9],[3,8,10],
 [4,5,7],[4,5,8],[4,6,10],[4,7,10],[4,8,9],[5,6,8],[7,8,10]]

manifold_lex_d2_n10_o1_g1_#1130=[[1,2,3],[1,2,4],[1,3,4],[2,3,5],[2,4,6],
 [2,5,7],[2,6,8],[2,7,8],[3,4,9],[3,5,6],[3,6,10],[3,8,9],[3,8,10],
 [4,5,7],[4,5,9],[4,6,10],[4,7,8],[4,8,10],[5,6,8],[5,8,9]]

manifold_lex_d2_n10_o1_g1_#1131=[[1,2,3],[1,2,4],[1,3,4],[2,3,5],[2,4,6],
 [2,5,7],[2,6,8],[2,7,8],[3,4,9],[3,5,6],[3,6,10],[3,8,9],[3,8,10],
 [4,5,7],[4,5,9],[4,6,10],[4,7,8],[4,8,10],[5,6,9],[6,8,9]]

manifold_lex_d2_n10_o1_g1_#1132=[[1,2,3],[1,2,4],[1,3,4],[2,3,5],[2,4,6],
 [2,5,7],[2,6,8],[2,7,8],[3,4,9],[3,5,6],[3,6,10],[3,8,9],[3,8,10],
 [4,5,7],[4,5,9],[4,6,10],[4,7,10],[5,6,8],[5,8,9],[7,8,10]]

manifold_lex_d2_n10_o1_g1_#1133=[[1,2,3],[1,2,4],[1,3,4],[2,3,5],[2,4,6],
 [2,5,7],[2,6,8],[2,7,8],[3,4,9],[3,5,6],[3,6,10],[3,8,9],[3,8,10],
 [4,5,7],[4,5,9],[4,6,10],[4,7,10],[5,6,9],[6,8,9],[7,8,10]]

manifold_lex_d2_n10_o1_g1_#1134=[[1,2,3],[1,2,4],[1,3,4],[2,3,5],[2,4,6],
 [2,5,7],[2,6,8],[2,7,8],[3,4,9],[3,5,6],[3,6,10],[3,8,9],[3,8,10],
 [4,5,8],[4,5,10],[4,6,10],[4,8,9],[5,6,8],[5,7,10],[7,8,10]]

manifold_lex_d2_n10_o1_g1_#1135=[[1,2,3],[1,2,4],[1,3,4],[2,3,5],[2,4,6],
 [2,5,7],[2,6,8],[2,7,8],[3,4,9],[3,5,6],[3,6,10],[3,8,9],[3,8,10],
 [4,6,10],[4,7,8],[4,7,9],[4,8,10],[5,6,7],[6,7,9],[6,8,9]]

manifold_lex_d2_n10_o1_g1_#1136=[[1,2,3],[1,2,4],[1,3,4],[2,3,5],[2,4,6],
 [2,5,7],[2,6,8],[2,7,8],[3,4,9],[3,5,6],[3,6,10],[3,8,9],[3,8,10],
 [4,6,10],[4,7,8],[4,7,9],[4,8,10],[5,6,8],[5,7,9],[5,8,9]]

manifold_lex_d2_n10_o1_g1_#1137=[[1,2,3],[1,2,4],[1,3,4],[2,3,5],[2,4,6],
 [2,5,7],[2,6,8],[2,7,8],[3,4,9],[3,5,6],[3,6,10],[3,8,9],[3,8,10],
 [4,6,10],[4,7,8],[4,7,9],[4,8,10],[5,6,9],[5,7,9],[6,8,9]]

manifold_lex_d2_n10_o1_g1_#1138=[[1,2,3],[1,2,4],[1,3,4],[2,3,5],[2,4,6],
 [2,5,7],[2,6,8],[2,7,8],[3,4,9],[3,5,6],[3,6,10],[3,8,9],[3,8,10],
 [4,6,10],[4,7,9],[4,7,10],[5,6,7],[6,7,9],[6,8,9],[7,8,10]]

manifold_lex_d2_n10_o1_g1_#1139=[[1,2,3],[1,2,4],[1,3,4],[2,3,5],[2,4,6],
 [2,5,7],[2,6,8],[2,7,8],[3,4,9],[3,5,6],[3,6,10],[3,8,9],[3,8,10],
 [4,6,10],[4,7,9],[4,7,10],[5,6,8],[5,7,9],[5,8,9],[7,8,10]]

manifold_lex_d2_n10_o1_g1_#1140=[[1,2,3],[1,2,4],[1,3,4],[2,3,5],[2,4,6],
 [2,5,7],[2,6,8],[2,7,8],[3,4,9],[3,5,6],[3,6,10],[3,8,9],[3,8,10],
 [4,6,10],[4,7,9],[4,7,10],[5,6,9],[5,7,9],[6,8,9],[7,8,10]]

manifold_lex_d2_n10_o1_g1_#1141=[[1,2,3],[1,2,4],[1,3,4],[2,3,5],[2,4,6],
 [2,5,7],[2,6,8],[2,7,8],[3,4,9],[3,5,7],[3,6,8],[3,6,9],[3,7,10],
 [3,8,10],[4,6,7],[4,7,10],[4,8,9],[4,8,10],[6,7,9],[7,8,9]]

manifold_lex_d2_n10_o1_g1_#1142=[[1,2,3],[1,2,4],[1,3,4],[2,3,5],[2,4,6],
 [2,5,7],[2,6,8],[2,7,8],[3,4,9],[3,5,7],[3,6,9],[3,6,10],[3,7,10],
 [4,6,7],[4,7,10],[4,8,9],[4,8,10],[6,7,9],[6,8,10],[7,8,9]]

manifold_lex_d2_n10_o1_g1_#1143=[[1,2,3],[1,2,4],[1,3,4],[2,3,5],[2,4,6],
 [2,5,7],[2,6,8],[2,7,8],[3,4,9],[3,5,7],[3,7,10],[3,9,10],[4,6,7],
 [4,7,10],[4,8,9],[4,8,10],[6,7,9],[6,8,10],[6,9,10],[7,8,9]]

manifold_lex_d2_n10_o1_g1_#1144=[[1,2,3],[1,2,4],[1,3,4],[2,3,5],[2,4,6],
 [2,5,7],[2,6,8],[2,7,8],[3,4,9],[3,5,8],[3,6,7],[3,6,8],[3,7,9],
 [4,5,7],[4,5,8],[4,6,7],[4,8,10],[4,9,10],[7,8,10],[7,9,10]]

manifold_lex_d2_n10_o1_g1_#1145=[[1,2,3],[1,2,4],[1,3,4],[2,3,5],[2,4,6],
 [2,5,7],[2,6,8],[2,7,8],[3,4,9],[3,5,8],[3,6,7],[3,6,8],[3,7,9],
 [4,5,7],[4,5,10],[4,6,7],[4,9,10],[5,8,10],[7,8,9],[8,9,10]]

manifold_lex_d2_n10_o1_g1_#1146=[[1,2,3],[1,2,4],[1,3,4],[2,3,5],[2,4,6],
 [2,5,7],[2,6,8],[2,7,8],[3,4,9],[3,5,8],[3,6,7],[3,6,8],[3,7,9],
 [4,5,7],[4,5,10],[4,6,7],[4,9,10],[5,8,10],[7,8,10],[7,9,10]]

manifold_lex_d2_n10_o1_g1_#1147=[[1,2,3],[1,2,4],[1,3,4],[2,3,5],[2,4,6],
 [2,5,7],[2,6,8],[2,7,8],[3,4,9],[3,5,8],[3,6,7],[3,6,8],[3,7,9],
 [4,5,8],[4,5,10],[4,6,10],[4,7,8],[4,7,9],[5,7,10],[6,7,10]]

manifold_lex_d2_n10_o1_g1_#1148=[[1,2,3],[1,2,4],[1,3,4],[2,3,5],[2,4,6],
 [2,5,7],[2,6,8],[2,7,8],[3,4,9],[3,5,8],[3,6,7],[3,6,8],[3,7,9],
 [4,5,8],[4,5,10],[4,6,10],[4,8,9],[5,7,10],[6,7,10],[7,8,9]]

manifold_lex_d2_n10_o1_g1_#1149=[[1,2,3],[1,2,4],[1,3,4],[2,3,5],[2,4,6],
 [2,5,7],[2,6,8],[2,7,8],[3,4,9],[3,5,8],[3,6,7],[3,6,8],[3,7,9],
 [4,5,9],[4,5,10],[4,6,7],[4,7,10],[5,7,10],[5,8,9],[7,8,9]]

manifold_lex_d2_n10_o1_g1_#1150=[[1,2,3],[1,2,4],[1,3,4],[2,3,5],[2,4,6],
 [2,5,7],[2,6,8],[2,7,8],[3,4,9],[3,5,8],[3,6,7],[3,6,8],[3,7,9],
 [4,6,7],[4,7,10],[4,8,9],[4,8,10],[5,7,10],[5,8,10],[7,8,9]]

manifold_lex_d2_n10_o1_g1_#1151=[[1,2,3],[1,2,4],[1,3,4],[2,3,5],[2,4,6],
 [2,5,7],[2,6,8],[2,7,8],[3,4,9],[3,5,8],[3,6,7],[3,6,8],[3,7,9],
 [4,6,7],[4,7,10],[4,9,10],[5,7,10],[5,8,9],[5,9,10],[7,8,9]]

manifold_lex_d2_n10_o1_g1_#1152=[[1,2,3],[1,2,4],[1,3,4],[2,3,5],[2,4,6],
 [2,5,7],[2,6,8],[2,7,8],[3,4,9],[3,5,8],[3,6,7],[3,6,8],[3,7,9],
 [4,6,7],[4,7,10],[4,9,10],[5,7,10],[5,8,10],[7,8,9],[8,9,10]]

manifold_lex_d2_n10_o1_g1_#1153=[[1,2,3],[1,2,4],[1,3,4],[2,3,5],[2,4,6],
 [2,5,7],[2,6,8],[2,7,8],[3,4,9],[3,5,8],[3,6,7],[3,6,8],[3,7,9],
 [4,6,10],[4,7,8],[4,7,9],[4,8,10],[5,7,10],[5,8,10],[6,7,10]]

manifold_lex_d2_n10_o1_g1_#1154=[[1,2,3],[1,2,4],[1,3,4],[2,3,5],[2,4,6],
 [2,5,7],[2,6,8],[2,7,8],[3,4,9],[3,5,8],[3,6,7],[3,6,8],[3,7,9],
 [4,6,10],[4,8,9],[4,8,10],[5,6,7],[5,6,10],[5,8,10],[7,8,9]]

manifold_lex_d2_n10_o1_g1_#1155=[[1,2,3],[1,2,4],[1,3,4],[2,3,5],[2,4,6],
 [2,5,7],[2,6,8],[2,7,8],[3,4,9],[3,5,8],[3,6,7],[3,6,8],[3,7,9],
 [4,6,10],[4,8,9],[4,8,10],[5,7,10],[5,8,10],[6,7,10],[7,8,9]]

manifold_lex_d2_n10_o1_g1_#1156=[[1,2,3],[1,2,4],[1,3,4],[2,3,5],[2,4,6],
 [2,5,7],[2,6,8],[2,7,8],[3,4,9],[3,5,8],[3,6,8],[3,6,10],[3,7,9],
 [3,7,10],[4,5,7],[4,5,8],[4,6,10],[4,7,10],[4,8,9],[7,8,9]]

manifold_lex_d2_n10_o1_g1_#1157=[[1,2,3],[1,2,4],[1,3,4],[2,3,5],[2,4,6],
 [2,5,7],[2,6,8],[2,7,8],[3,4,9],[3,5,8],[3,6,8],[3,6,10],[3,7,9],
 [3,7,10],[4,5,7],[4,5,9],[4,6,10],[4,7,10],[5,8,9],[7,8,9]]

manifold_lex_d2_n10_o1_g1_#1158=[[1,2,3],[1,2,4],[1,3,4],[2,3,5],[2,4,6],
 [2,5,7],[2,6,8],[2,7,8],[3,4,9],[3,5,8],[3,6,8],[3,6,10],[3,7,9],
 [3,7,10],[4,5,8],[4,5,10],[4,6,10],[4,7,8],[4,7,9],[5,7,10]]

manifold_lex_d2_n10_o1_g1_#1159=[[1,2,3],[1,2,4],[1,3,4],[2,3,5],[2,4,6],
 [2,5,7],[2,6,8],[2,7,8],[3,4,9],[3,5,8],[3,6,8],[3,6,10],[3,7,9],
 [3,7,10],[4,5,8],[4,5,10],[4,6,10],[4,8,9],[5,7,10],[7,8,9]]

manifold_lex_d2_n10_o1_g1_#1160=[[1,2,3],[1,2,4],[1,3,4],[2,3,5],[2,4,6],
 [2,5,7],[2,6,8],[2,7,8],[3,4,9],[3,5,8],[3,6,8],[3,6,10],[3,7,9],
 [3,7,10],[4,6,10],[4,8,9],[4,8,10],[5,7,10],[5,8,10],[7,8,9]]

manifold_lex_d2_n10_o1_g1_#1161=[[1,2,3],[1,2,4],[1,3,4],[2,3,5],[2,4,6],
 [2,5,7],[2,6,8],[2,7,8],[3,4,9],[3,5,8],[3,6,8],[3,6,10],[3,9,10],
 [4,5,7],[4,5,8],[4,6,10],[4,7,10],[4,8,9],[7,8,9],[7,9,10]]

manifold_lex_d2_n10_o1_g1_#1162=[[1,2,3],[1,2,4],[1,3,4],[2,3,5],[2,4,6],
 [2,5,7],[2,6,8],[2,7,8],[3,4,9],[3,5,8],[3,6,8],[3,6,10],[3,9,10],
 [4,5,7],[4,5,8],[4,6,10],[4,7,10],[4,8,9],[7,8,10],[8,9,10]]

manifold_lex_d2_n10_o1_g1_#1163=[[1,2,3],[1,2,4],[1,3,4],[2,3,5],[2,4,6],
 [2,5,7],[2,6,8],[2,7,8],[3,4,9],[3,5,8],[3,6,8],[3,6,10],[3,9,10],
 [4,5,7],[4,5,9],[4,6,10],[4,7,8],[4,8,10],[5,8,9],[8,9,10]]

manifold_lex_d2_n10_o1_g1_#1164=[[1,2,3],[1,2,4],[1,3,4],[2,3,5],[2,4,6],
 [2,5,7],[2,6,8],[2,7,8],[3,4,9],[3,5,8],[3,6,8],[3,6,10],[3,9,10],
 [4,5,7],[4,5,9],[4,6,10],[4,7,8],[4,8,10],[5,8,10],[5,9,10]]

manifold_lex_d2_n10_o1_g1_#1165=[[1,2,3],[1,2,4],[1,3,4],[2,3,5],[2,4,6],
 [2,5,7],[2,6,8],[2,7,8],[3,4,9],[3,5,8],[3,6,8],[3,6,10],[3,9,10],
 [4,5,7],[4,5,9],[4,6,10],[4,7,10],[5,8,9],[7,8,9],[7,9,10]]

manifold_lex_d2_n10_o1_g1_#1166=[[1,2,3],[1,2,4],[1,3,4],[2,3,5],[2,4,6],
 [2,5,7],[2,6,8],[2,7,8],[3,4,9],[3,5,8],[3,6,8],[3,6,10],[3,9,10],
 [4,5,7],[4,5,9],[4,6,10],[4,7,10],[5,8,9],[7,8,10],[8,9,10]]

manifold_lex_d2_n10_o1_g1_#1167=[[1,2,3],[1,2,4],[1,3,4],[2,3,5],[2,4,6],
 [2,5,7],[2,6,8],[2,7,8],[3,4,9],[3,5,8],[3,6,8],[3,6,10],[3,9,10],
 [4,5,7],[4,5,9],[4,6,10],[4,7,10],[5,8,10],[5,9,10],[7,8,10]]

manifold_lex_d2_n10_o1_g1_#1168=[[1,2,3],[1,2,4],[1,3,4],[2,3,5],[2,4,6],
 [2,5,7],[2,6,8],[2,7,8],[3,4,9],[3,5,8],[3,6,8],[3,6,10],[3,9,10],
 [4,5,7],[4,5,10],[4,6,7],[4,9,10],[5,8,10],[6,7,10],[7,8,10]]

manifold_lex_d2_n10_o1_g1_#1169=[[1,2,3],[1,2,4],[1,3,4],[2,3,5],[2,4,6],
 [2,5,7],[2,6,8],[2,7,8],[3,4,9],[3,5,8],[3,6,8],[3,6,10],[3,9,10],
 [4,5,8],[4,5,10],[4,6,10],[4,7,8],[4,7,9],[5,7,9],[5,9,10]]

manifold_lex_d2_n10_o1_g1_#1170=[[1,2,3],[1,2,4],[1,3,4],[2,3,5],[2,4,6],
 [2,5,7],[2,6,8],[2,7,8],[3,4,9],[3,5,8],[3,6,8],[3,6,10],[3,9,10],
 [4,5,8],[4,5,10],[4,6,10],[4,7,8],[4,7,9],[5,7,10],[7,9,10]]

manifold_lex_d2_n10_o1_g1_#1171=[[1,2,3],[1,2,4],[1,3,4],[2,3,5],[2,4,6],
 [2,5,7],[2,6,8],[2,7,8],[3,4,9],[3,5,8],[3,6,8],[3,6,10],[3,9,10],
 [4,5,8],[4,5,10],[4,6,10],[4,8,9],[5,7,9],[5,9,10],[7,8,9]]

manifold_lex_d2_n10_o1_g1_#1172=[[1,2,3],[1,2,4],[1,3,4],[2,3,5],[2,4,6],
 [2,5,7],[2,6,8],[2,7,8],[3,4,9],[3,5,8],[3,6,8],[3,6,10],[3,9,10],
 [4,5,8],[4,5,10],[4,6,10],[4,8,9],[5,7,10],[7,8,9],[7,9,10]]

manifold_lex_d2_n10_o1_g1_#1173=[[1,2,3],[1,2,4],[1,3,4],[2,3,5],[2,4,6],
 [2,5,7],[2,6,8],[2,7,8],[3,4,9],[3,5,8],[3,6,8],[3,6,10],[3,9,10],
 [4,5,8],[4,5,10],[4,6,10],[4,8,9],[5,7,10],[7,8,10],[8,9,10]]

manifold_lex_d2_n10_o1_g1_#1174=[[1,2,3],[1,2,4],[1,3,4],[2,3,5],[2,4,6],
 [2,5,7],[2,6,8],[2,7,8],[3,4,9],[3,5,8],[3,6,8],[3,6,10],[3,9,10],
 [4,6,10],[4,7,8],[4,7,9],[4,8,10],[5,7,9],[5,8,9],[8,9,10]]

manifold_lex_d2_n10_o1_g1_#1175=[[1,2,3],[1,2,4],[1,3,4],[2,3,5],[2,4,6],
 [2,5,7],[2,6,8],[2,7,8],[3,4,9],[3,5,8],[3,6,8],[3,6,10],[3,9,10],
 [4,6,10],[4,7,8],[4,7,9],[4,8,10],[5,7,9],[5,8,10],[5,9,10]]

manifold_lex_d2_n10_o1_g1_#1176=[[1,2,3],[1,2,4],[1,3,4],[2,3,5],[2,4,6],
 [2,5,7],[2,6,8],[2,7,8],[3,4,9],[3,5,8],[3,6,8],[3,6,10],[3,9,10],
 [4,6,10],[4,7,8],[4,7,9],[4,8,10],[5,7,10],[5,8,10],[7,9,10]]

manifold_lex_d2_n10_o1_g1_#1177=[[1,2,3],[1,2,4],[1,3,4],[2,3,5],[2,4,6],
 [2,5,7],[2,6,8],[2,7,8],[3,4,9],[3,5,8],[3,6,8],[3,6,10],[3,9,10],
 [4,6,10],[4,7,9],[4,7,10],[5,7,9],[5,8,9],[7,8,10],[8,9,10]]

manifold_lex_d2_n10_o1_g1_#1178=[[1,2,3],[1,2,4],[1,3,4],[2,3,5],[2,4,6],
 [2,5,7],[2,6,8],[2,7,8],[3,4,9],[3,5,8],[3,7,9],[3,7,10],[3,8,10],
 [4,5,7],[4,5,8],[4,6,10],[4,7,10],[4,8,9],[6,8,10],[7,8,9]]

manifold_lex_d2_n10_o1_g1_#1179=[[1,2,3],[1,2,4],[1,3,4],[2,3,5],[2,4,6],
 [2,5,7],[2,6,8],[2,7,8],[3,4,9],[3,5,8],[3,7,9],[3,7,10],[3,8,10],
 [4,5,7],[4,5,9],[4,6,10],[4,7,10],[5,8,9],[6,8,10],[7,8,9]]

manifold_lex_d2_n10_o1_g1_#1180=[[1,2,3],[1,2,4],[1,3,4],[2,3,5],[2,4,6],
 [2,5,7],[2,6,8],[2,7,8],[3,4,9],[3,5,8],[3,7,9],[3,7,10],[3,8,10],
 [4,5,8],[4,5,10],[4,6,10],[4,8,9],[5,7,10],[6,8,10],[7,8,9]]

manifold_lex_d2_n10_o1_g1_#1181=[[1,2,3],[1,2,4],[1,3,4],[2,3,5],[2,4,6],
 [2,5,7],[2,6,8],[2,7,8],[3,4,9],[3,5,8],[3,8,10],[3,9,10],[4,5,8],
 [4,5,10],[4,6,10],[4,7,8],[4,7,9],[5,7,9],[5,9,10],[6,8,10]]

manifold_lex_d2_n10_o1_g1_#1182=[[1,2,3],[1,2,4],[1,3,4],[2,3,5],[2,4,6],
 [2,5,7],[2,6,8],[2,7,8],[3,4,9],[3,5,8],[3,8,10],[3,9,10],[4,5,8],
 [4,5,10],[4,6,10],[4,7,8],[4,7,9],[5,7,10],[6,8,10],[7,9,10]]

manifold_lex_d2_n10_o1_g1_#1183=[[1,2,3],[1,2,4],[1,3,4],[2,3,5],[2,4,6],
 [2,5,7],[2,6,8],[2,7,8],[3,4,9],[3,5,10],[3,6,7],[3,6,8],[3,7,9],
 [3,8,10],[4,6,10],[4,7,8],[4,7,9],[4,8,10],[5,7,10],[6,7,10]]

manifold_lex_d2_n10_o1_g1_#1184=[[1,2,3],[1,2,4],[1,3,4],[2,3,5],[2,4,6],
 [2,5,7],[2,6,8],[2,7,8],[3,4,9],[3,5,10],[3,6,8],[3,6,9],[3,7,8],
 [3,7,10],[4,5,7],[4,5,9],[4,6,10],[4,7,10],[5,6,9],[5,6,10]]

manifold_lex_d2_n10_o1_g1_#1185=[[1,2,3],[1,2,4],[1,3,4],[2,3,5],[2,4,6],
 [2,5,7],[2,6,8],[2,7,8],[3,4,9],[3,5,10],[3,6,8],[3,6,9],[3,7,8],
 [3,7,10],[4,5,7],[4,5,9],[4,6,10],[4,7,10],[5,9,10],[6,9,10]]

manifold_lex_d2_n10_o1_g1_#1186=[[1,2,3],[1,2,4],[1,3,4],[2,3,5],[2,4,6],
 [2,5,7],[2,6,8],[2,7,8],[3,4,9],[3,5,10],[3,6,8],[3,6,9],[3,8,10],
 [4,5,7],[4,5,9],[4,6,10],[4,7,10],[5,6,9],[5,6,10],[7,8,10]]

manifold_lex_d2_n10_o1_g1_#1187=[[1,2,3],[1,2,4],[1,3,4],[2,3,5],[2,4,6],
 [2,5,7],[2,6,8],[2,7,8],[3,4,9],[3,5,10],[3,6,8],[3,6,9],[3,8,10],
 [4,5,7],[4,5,9],[4,6,10],[4,7,10],[5,9,10],[6,9,10],[7,8,10]]

manifold_lex_d2_n10_o1_g1_#1188=[[1,2,3],[1,2,4],[1,3,4],[2,3,5],[2,4,6],
 [2,5,7],[2,6,8],[2,7,8],[3,4,9],[3,5,10],[3,6,8],[3,6,9],[3,8,10],
 [4,6,10],[4,7,8],[4,7,9],[4,8,10],[5,6,7],[5,6,10],[6,7,9]]

manifold_lex_d2_n10_o1_g1_#1189=[[1,2,3],[1,2,4],[1,3,4],[2,3,5],[2,4,6],
 [2,5,7],[2,6,8],[2,7,8],[3,4,9],[3,5,10],[3,6,8],[3,6,9],[3,8,10],
 [4,6,10],[4,7,8],[4,7,9],[4,8,10],[5,6,9],[5,6,10],[5,7,9]]

manifold_lex_d2_n10_o1_g1_#1190=[[1,2,3],[1,2,4],[1,3,4],[2,3,5],[2,4,6],
 [2,5,7],[2,6,8],[2,7,8],[3,4,9],[3,5,10],[3,6,8],[3,6,9],[3,8,10],
 [4,6,10],[4,7,8],[4,7,9],[4,8,10],[5,7,9],[5,9,10],[6,9,10]]

manifold_lex_d2_n10_o1_g1_#1191=[[1,2,3],[1,2,4],[1,3,4],[2,3,5],[2,4,6],
 [2,5,7],[2,6,8],[2,7,8],[3,4,9],[3,5,10],[3,6,8],[3,6,9],[3,8,10],
 [4,6,10],[4,7,8],[4,7,9],[4,8,10],[5,7,10],[6,7,9],[6,7,10]]

manifold_lex_d2_n10_o1_g1_#1192=[[1,2,3],[1,2,4],[1,3,4],[2,3,5],[2,4,6],
 [2,5,7],[2,6,8],[2,7,8],[3,4,9],[3,5,10],[3,6,8],[3,6,9],[3,8,10],
 [4,6,10],[4,7,8],[4,7,9],[4,8,10],[5,7,10],[6,9,10],[7,9,10]]

manifold_lex_d2_n10_o1_g1_#1193=[[1,2,3],[1,2,4],[1,3,4],[2,3,5],[2,4,6],
 [2,5,7],[2,6,8],[2,7,8],[3,4,9],[3,5,10],[3,7,8],[3,7,10],[3,8,9],
 [4,6,10],[4,7,9],[4,7,10],[5,6,7],[5,6,10],[6,7,9],[6,8,9]]

manifold_lex_d2_n10_o1_g1_#1194=[[1,2,3],[1,2,4],[1,3,4],[2,3,5],[2,4,6],
 [2,5,7],[2,6,8],[2,7,8],[3,4,9],[3,5,10],[3,7,8],[3,7,10],[3,8,9],
 [4,6,10],[4,7,9],[4,7,10],[5,6,8],[5,6,10],[5,7,9],[5,8,9]]

manifold_lex_d2_n10_o1_g1_#1195=[[1,2,3],[1,2,4],[1,3,4],[2,3,5],[2,4,6],
 [2,5,7],[2,6,8],[2,7,8],[3,4,9],[3,5,10],[3,7,8],[3,7,10],[3,8,9],
 [4,6,10],[4,7,9],[4,7,10],[5,6,9],[5,6,10],[5,7,9],[6,8,9]]

manifold_lex_d2_n10_o1_g1_#1196=[[1,2,3],[1,2,4],[1,3,4],[2,3,5],[2,4,6],
 [2,5,7],[2,6,8],[2,7,8],[3,4,9],[3,5,10],[3,7,8],[3,7,10],[3,8,9],
 [4,6,10],[4,7,9],[4,7,10],[5,7,9],[5,8,9],[5,8,10],[6,8,10]]

manifold_lex_d2_n10_o1_g1_#1197=[[1,2,3],[1,2,4],[1,3,4],[2,3,5],[2,4,6],
 [2,5,7],[2,6,8],[2,7,8],[3,4,9],[3,5,10],[3,8,9],[3,8,10],[4,6,10],
 [4,7,9],[4,7,10],[5,6,7],[5,6,10],[6,7,9],[6,8,9],[7,8,10]]

manifold_lex_d2_n10_o1_g1_#1198=[[1,2,3],[1,2,4],[1,3,4],[2,3,5],[2,4,6],
 [2,5,7],[2,6,8],[2,7,8],[3,4,9],[3,5,10],[3,8,9],[3,8,10],[4,6,10],
 [4,7,9],[4,7,10],[5,6,9],[5,6,10],[5,7,9],[6,8,9],[7,8,10]]

manifold_lex_d2_n10_o1_g1_#1199=[[1,2,3],[1,2,4],[1,3,4],[2,3,5],[2,4,6],
 [2,5,7],[2,6,8],[2,7,9],[2,8,9],[3,4,7],[3,5,6],[3,6,10],[3,7,8],
 [3,8,10],[4,6,10],[4,7,9],[4,8,9],[4,8,10],[5,6,7],[6,7,8]]

manifold_lex_d2_n10_o1_g1_#1200=[[1,2,3],[1,2,4],[1,3,4],[2,3,5],[2,4,6],
 [2,5,7],[2,6,8],[2,7,9],[2,8,9],[3,4,7],[3,5,6],[3,6,10],[3,7,8],
 [3,8,10],[4,6,10],[4,7,9],[4,8,9],[4,8,10],[5,6,8],[5,7,8]]

manifold_lex_d2_n10_o1_g1_#1201=[[1,2,3],[1,2,4],[1,3,4],[2,3,5],[2,4,6],
 [2,5,7],[2,6,8],[2,7,9],[2,8,9],[3,4,7],[3,5,8],[3,6,8],[3,6,10],
 [3,7,10],[4,5,6],[4,5,8],[4,7,9],[4,8,9],[5,6,10],[5,7,10]]

manifold_lex_d2_n10_o1_g1_#1202=[[1,2,3],[1,2,4],[1,3,4],[2,3,5],[2,4,6],
 [2,5,7],[2,6,8],[2,7,9],[2,8,9],[3,4,7],[3,5,8],[3,6,8],[3,6,10],
 [3,7,10],[4,5,8],[4,5,10],[4,6,10],[4,7,9],[4,8,9],[5,7,10]]

manifold_lex_d2_n10_o1_g1_#1203=[[1,2,3],[1,2,4],[1,3,4],[2,3,5],[2,4,6],
 [2,5,7],[2,6,8],[2,7,9],[2,8,9],[3,4,7],[3,5,8],[3,6,8],[3,6,10],
 [3,7,10],[4,5,9],[4,5,10],[4,6,10],[4,7,9],[5,7,10],[5,8,9]]

manifold_lex_d2_n10_o1_g1_#1204=[[1,2,3],[1,2,4],[1,3,4],[2,3,5],[2,4,6],
 [2,5,7],[2,6,8],[2,7,9],[2,8,9],[3,4,7],[3,5,8],[3,6,8],[3,6,10],
 [3,7,10],[4,6,10],[4,7,9],[4,8,9],[4,8,10],[5,7,8],[7,8,10]]

manifold_lex_d2_n10_o1_g1_#1205=[[1,2,3],[1,2,4],[1,3,4],[2,3,5],[2,4,6],
 [2,5,7],[2,6,8],[2,7,9],[2,8,9],[3,4,7],[3,5,8],[3,6,8],[3,6,10],
 [3,7,10],[4,6,10],[4,7,9],[4,8,9],[4,8,10],[5,7,10],[5,8,10]]

manifold_lex_d2_n10_o1_g1_#1206=[[1,2,3],[1,2,4],[1,3,4],[2,3,5],[2,4,6],
 [2,5,7],[2,6,8],[2,7,9],[2,8,9],[3,4,7],[3,5,9],[3,6,8],[3,6,10],
 [3,7,10],[3,8,9],[4,5,9],[4,5,10],[4,6,10],[4,7,9],[5,7,10]]

manifold_lex_d2_n10_o1_g1_#1207=[[1,2,3],[1,2,4],[1,3,4],[2,3,5],[2,4,6],
 [2,5,7],[2,6,8],[2,7,9],[2,8,9],[3,4,7],[3,5,9],[3,7,10],[3,8,9],
 [3,8,10],[4,5,9],[4,5,10],[4,6,10],[4,7,9],[5,7,10],[6,8,10]]

manifold_lex_d2_n10_o1_g1_#1208=[[1,2,3],[1,2,4],[1,3,4],[2,3,5],[2,4,6],
 [2,5,7],[2,6,8],[2,7,9],[2,8,9],[3,4,7],[3,5,10],[3,6,7],[3,6,8],
 [3,8,9],[3,9,10],[4,5,6],[4,5,10],[4,7,9],[4,9,10],[5,6,7]]

manifold_lex_d2_n10_o1_g1_#1209=[[1,2,3],[1,2,4],[1,3,4],[2,3,5],[2,4,6],
 [2,5,7],[2,6,8],[2,7,9],[2,8,9],[3,4,7],[3,5,10],[3,6,7],[3,6,8],
 [3,8,10],[4,5,6],[4,5,10],[4,7,9],[4,9,10],[5,6,7],[8,9,10]]

manifold_lex_d2_n10_o1_g1_#1210=[[1,2,3],[1,2,4],[1,3,4],[2,3,5],[2,4,6],
 [2,5,7],[2,6,8],[2,7,9],[2,8,9],[3,4,7],[3,5,10],[3,6,7],[3,6,8],
 [3,8,10],[4,6,10],[4,7,9],[4,8,9],[4,8,10],[5,6,7],[5,6,10]]

manifold_lex_d2_n10_o1_g1_#1211=[[1,2,3],[1,2,4],[1,3,4],[2,3,5],[2,4,6],
 [2,5,7],[2,6,8],[2,7,9],[2,8,9],[3,4,7],[3,5,10],[3,6,7],[3,6,8],
 [3,8,10],[4,6,10],[4,7,9],[4,8,9],[4,8,10],[5,7,10],[6,7,10]]

manifold_lex_d2_n10_o1_g1_#1212=[[1,2,3],[1,2,4],[1,3,4],[2,3,5],[2,4,6],
 [2,5,7],[2,6,8],[2,7,9],[2,8,9],[3,4,7],[3,5,10],[3,7,8],[3,8,9],
 [3,9,10],[4,6,8],[4,7,9],[4,8,10],[4,9,10],[5,7,8],[5,8,10]]

manifold_lex_d2_n10_o1_g1_#1213=[[1,2,3],[1,2,4],[1,3,4],[2,3,5],[2,4,6],
 [2,5,7],[2,6,8],[2,7,9],[2,8,9],[3,4,9],[3,5,7],[3,6,7],[3,6,10],
 [3,9,10],[4,6,10],[4,7,8],[4,7,10],[4,8,9],[6,7,8],[7,9,10]]

manifold_lex_d2_n10_o1_g1_#1214=[[1,2,3],[1,2,4],[1,3,4],[2,3,5],[2,4,6],
 [2,5,7],[2,6,8],[2,7,9],[2,8,9],[3,4,9],[3,5,8],[3,6,7],[3,6,8],
 [3,7,9],[4,5,7],[4,5,10],[4,6,7],[4,9,10],[5,8,10],[8,9,10]]

manifold_lex_d2_n10_o1_g1_#1215=[[1,2,3],[1,2,4],[1,3,4],[2,3,5],[2,4,6],
 [2,5,7],[2,6,8],[2,7,9],[2,8,9],[3,4,9],[3,5,8],[3,6,7],[3,6,8],
 [3,7,9],[4,6,7],[4,7,10],[4,8,9],[4,8,10],[5,7,8],[7,8,10]]

manifold_lex_d2_n10_o1_g1_#1216=[[1,2,3],[1,2,4],[1,3,4],[2,3,5],[2,4,6],
 [2,5,7],[2,6,8],[2,7,9],[2,8,9],[3,4,9],[3,5,8],[3,6,7],[3,6,8],
 [3,7,9],[4,6,7],[4,7,10],[4,8,9],[4,8,10],[5,7,10],[5,8,10]]

manifold_lex_d2_n10_o1_g1_#1217=[[1,2,3],[1,2,4],[1,3,4],[2,3,5],[2,4,6],
 [2,5,7],[2,6,8],[2,7,9],[2,8,9],[3,4,9],[3,5,8],[3,6,8],[3,6,10],
 [3,7,9],[3,7,10],[4,5,7],[4,5,8],[4,6,10],[4,7,10],[4,8,9]]

manifold_lex_d2_n10_o1_g1_#1218=[[1,2,3],[1,2,4],[1,3,4],[2,3,5],[2,4,6],
 [2,5,7],[2,6,8],[2,7,9],[2,8,9],[3,4,9],[3,5,8],[3,6,8],[3,6,10],
 [3,7,9],[3,7,10],[4,5,8],[4,5,10],[4,6,10],[4,8,9],[5,7,10]]

manifold_lex_d2_n10_o1_g1_#1219=[[1,2,3],[1,2,4],[1,3,4],[2,3,5],[2,4,6],
 [2,5,7],[2,6,8],[2,7,9],[2,8,9],[3,4,9],[3,5,8],[3,6,8],[3,6,10],
 [3,7,9],[3,7,10],[4,6,10],[4,7,8],[4,7,10],[4,8,9],[5,7,8]]

manifold_lex_d2_n10_o1_g1_#1220=[[1,2,3],[1,2,4],[1,3,4],[2,3,5],[2,4,6],
 [2,5,7],[2,6,8],[2,7,9],[2,8,9],[3,4,9],[3,5,8],[3,6,8],[3,6,10],
 [3,9,10],[4,6,10],[4,7,8],[4,7,10],[4,8,9],[5,7,8],[7,9,10]]

manifold_lex_d2_n10_o1_g1_#1221=[[1,2,3],[1,2,4],[1,3,4],[2,3,5],[2,4,6],
 [2,5,7],[2,6,8],[2,7,9],[2,8,9],[3,4,9],[3,5,8],[3,7,9],[3,7,10],
 [3,8,10],[4,5,7],[4,5,8],[4,6,10],[4,7,10],[4,8,9],[6,8,10]]

manifold_lex_d2_n10_o1_g1_#1222=[[1,2,3],[1,2,4],[1,3,4],[2,3,5],[2,4,6],
 [2,5,7],[2,6,8],[2,7,9],[2,8,9],[3,4,9],[3,5,8],[3,7,9],[3,7,10],
 [3,8,10],[4,6,10],[4,7,8],[4,7,10],[4,8,9],[5,7,8],[6,8,10]]

manifold_lex_d2_n10_o1_g1_#1223=[[1,2,3],[1,2,4],[1,3,5],[1,4,5],[2,3,6],
 [2,4,6],[3,4,7],[3,4,8],[3,5,7],[3,6,8],[4,5,9],[4,6,10],[4,7,9],
 [4,8,10],[5,6,7],[5,6,9],[6,7,8],[6,9,10],[7,8,9],[8,9,10]]

manifold_lex_d2_n10_o1_g1_#1224=[[1,2,3],[1,2,4],[1,3,5],[1,4,5],[2,3,6],
 [2,4,6],[3,4,7],[3,4,8],[3,5,7],[3,6,8],[4,5,9],[4,6,10],[4,7,9],
 [4,8,10],[5,6,7],[5,6,9],[6,7,8],[6,9,10],[7,8,10],[7,9,10]]

manifold_lex_d2_n10_o1_g1_#1225=[[1,2,3],[1,2,4],[1,3,5],[1,4,5],[2,3,6],
 [2,4,6],[3,4,7],[3,4,8],[3,5,7],[3,6,8],[4,5,9],[4,6,10],[4,7,9],
 [4,8,10],[5,6,7],[5,6,10],[5,8,9],[5,8,10],[6,7,8],[7,8,9]]

manifold_lex_d2_n10_o1_g1_#1226=[[1,2,3],[1,2,4],[1,3,5],[1,4,5],[2,3,6],
 [2,4,6],[3,4,7],[3,4,8],[3,5,7],[3,6,8],[4,5,9],[4,6,10],[4,7,9],
 [4,8,10],[5,6,7],[5,6,10],[5,8,9],[5,8,10],[6,7,9],[6,8,9]]

manifold_lex_d2_n10_o1_g1_#1227=[[1,2,3],[1,2,4],[1,3,5],[1,4,5],[2,3,6],
 [2,4,6],[3,4,7],[3,4,8],[3,5,7],[3,6,8],[4,5,9],[4,6,10],[4,7,9],
 [4,8,10],[5,6,7],[5,6,10],[5,9,10],[6,7,8],[7,8,9],[8,9,10]]

manifold_lex_d2_n10_o1_g1_#1228=[[1,2,3],[1,2,4],[1,3,5],[1,4,5],[2,3,6],
 [2,4,6],[3,4,7],[3,4,8],[3,5,7],[3,6,8],[4,5,9],[4,6,10],[4,7,9],
 [4,8,10],[5,6,7],[5,6,10],[5,9,10],[6,7,8],[7,8,10],[7,9,10]]

manifold_lex_d2_n10_o1_g1_#1229=[[1,2,3],[1,2,4],[1,3,5],[1,4,5],[2,3,6],
 [2,4,6],[3,4,7],[3,4,8],[3,5,7],[3,6,8],[4,5,9],[4,6,10],[4,7,9],
 [4,8,10],[5,6,7],[5,6,10],[5,9,10],[6,7,9],[6,8,9],[8,9,10]]

manifold_lex_d2_n10_o1_g1_#1230=[[1,2,3],[1,2,4],[1,3,5],[1,4,5],[2,3,6],
 [2,4,6],[3,4,7],[3,4,8],[3,5,7],[3,6,8],[4,5,9],[4,6,10],[4,7,9],
 [4,8,10],[5,7,8],[5,8,9],[6,7,9],[6,7,10],[6,8,9],[7,8,10]]

manifold_lex_d2_n10_o1_g1_#1231=[[1,2,3],[1,2,4],[1,3,5],[1,4,5],[2,3,6],
 [2,4,6],[3,4,7],[3,4,8],[3,5,7],[3,6,8],[4,5,9],[4,6,10],[4,7,9],
 [4,8,10],[5,7,8],[5,8,9],[6,8,9],[6,9,10],[7,8,10],[7,9,10]]

manifold_lex_d2_n10_o1_g1_#1232=[[1,2,3],[1,2,4],[1,3,5],[1,4,5],[2,3,6],
 [2,4,6],[3,4,7],[3,4,8],[3,5,7],[3,6,8],[4,5,9],[4,6,10],[4,7,9],
 [4,8,10],[5,7,10],[5,8,9],[5,8,10],[6,7,9],[6,7,10],[6,8,9]]

manifold_lex_d2_n10_o1_g1_#1233=[[1,2,3],[1,2,4],[1,3,5],[1,4,5],[2,3,6],
 [2,4,6],[3,4,7],[3,4,8],[3,5,7],[3,6,8],[4,5,9],[4,6,10],[4,7,9],
 [4,8,10],[5,7,10],[5,8,9],[5,8,10],[6,8,9],[6,9,10],[7,9,10]]

manifold_lex_d2_n10_o1_g1_#1234=[[1,2,3],[1,2,4],[1,3,5],[1,4,5],[2,3,6],
 [2,4,6],[3,4,7],[3,4,8],[3,5,7],[3,6,9],[3,8,9],[4,5,9],[4,6,8],
 [4,7,9],[5,6,7],[5,6,10],[5,9,10],[6,7,9],[6,8,10],[8,9,10]]

manifold_lex_d2_n10_o1_g1_#1235=[[1,2,3],[1,2,4],[1,3,5],[1,4,5],[2,3,6],
 [2,4,6],[3,4,7],[3,4,8],[3,5,7],[3,6,9],[3,8,9],[4,5,9],[4,6,8],
 [4,7,9],[5,7,8],[5,8,9],[6,8,10],[6,9,10],[7,8,10],[7,9,10]]

manifold_lex_d2_n10_o1_g1_#1236=[[1,2,3],[1,2,4],[1,3,5],[1,4,5],[2,3,6],
 [2,4,6],[3,4,7],[3,4,8],[3,5,7],[3,6,9],[3,8,9],[4,5,9],[4,6,8],
 [4,7,9],[5,7,10],[5,8,9],[5,8,10],[6,7,9],[6,7,10],[6,8,10]]

manifold_lex_d2_n10_o1_g1_#1237=[[1,2,3],[1,2,4],[1,3,5],[1,4,5],[2,3,6],
 [2,4,6],[3,4,7],[3,4,8],[3,5,7],[3,6,9],[3,8,9],[4,5,9],[4,6,8],
 [4,7,9],[5,7,10],[5,8,9],[5,8,10],[6,8,10],[6,9,10],[7,9,10]]

manifold_lex_d2_n10_o1_g1_#1238=[[1,2,3],[1,2,4],[1,3,5],[1,4,5],[2,3,6],
 [2,4,6],[3,4,7],[3,4,8],[3,5,7],[3,6,9],[3,8,9],[4,5,9],[4,6,8],
 [4,7,10],[4,9,10],[5,6,7],[5,6,8],[5,8,9],[6,7,10],[6,9,10]]

manifold_lex_d2_n10_o1_g1_#1239=[[1,2,3],[1,2,4],[1,3,5],[1,4,5],[2,3,6],
 [2,4,6],[3,4,7],[3,4,8],[3,5,7],[3,6,9],[3,8,9],[4,5,9],[4,6,8],
 [4,7,10],[4,9,10],[5,6,8],[5,6,10],[5,7,10],[5,8,9],[6,9,10]]

manifold_lex_d2_n10_o1_g1_#1240=[[1,2,3],[1,2,4],[1,3,5],[1,4,5],[2,3,6],
 [2,4,6],[3,4,7],[3,4,8],[3,5,7],[3,6,9],[3,8,9],[4,5,9],[4,6,8],
 [4,7,10],[4,9,10],[5,7,8],[5,8,9],[6,7,8],[6,7,10],[6,9,10]]

manifold_lex_d2_n10_o1_g1_#1241=[[1,2,3],[1,2,4],[1,3,5],[1,4,5],[2,3,6],
 [2,4,6],[3,4,7],[3,4,8],[3,5,7],[3,6,9],[3,8,9],[4,5,9],[4,6,8],
 [4,7,10],[4,9,10],[5,7,8],[5,8,9],[6,8,10],[6,9,10],[7,8,10]]

manifold_lex_d2_n10_o1_g1_#1242=[[1,2,3],[1,2,4],[1,3,5],[1,4,5],[2,3,6],
 [2,4,6],[3,4,7],[3,4,8],[3,5,7],[3,6,9],[3,8,9],[4,5,9],[4,6,8],
 [4,7,10],[4,9,10],[5,7,9],[6,7,8],[6,7,10],[6,9,10],[7,8,9]]

manifold_lex_d2_n10_o1_g1_#1243=[[1,2,3],[1,2,4],[1,3,5],[1,4,5],[2,3,6],
 [2,4,6],[3,4,7],[3,4,8],[3,5,7],[3,6,9],[3,8,9],[4,5,9],[4,6,8],
 [4,7,10],[4,9,10],[5,7,9],[6,8,10],[6,9,10],[7,8,9],[7,8,10]]

manifold_lex_d2_n10_o1_g1_#1244=[[1,2,3],[1,2,4],[1,3,5],[1,4,5],[2,3,6],
 [2,4,6],[3,4,7],[3,4,8],[3,5,7],[3,6,9],[3,8,9],[4,5,9],[4,6,8],
 [4,7,10],[4,9,10],[5,7,10],[5,8,9],[5,8,10],[6,8,10],[6,9,10]]

manifold_lex_d2_n10_o1_g1_#1245=[[1,2,3],[1,2,4],[1,3,5],[1,4,5],[2,3,6],
 [2,4,6],[3,4,7],[3,4,8],[3,5,7],[3,6,9],[3,8,9],[4,5,9],[4,6,10],
 [4,7,9],[4,8,10],[5,6,7],[5,6,10],[5,8,9],[5,8,10],[6,7,9]]

manifold_lex_d2_n10_o1_g1_#1246=[[1,2,3],[1,2,4],[1,3,5],[1,4,5],[2,3,6],
 [2,4,6],[3,4,7],[3,4,8],[3,5,7],[3,6,9],[3,8,9],[4,5,9],[4,6,10],
 [4,7,9],[4,8,10],[5,6,7],[5,6,10],[5,9,10],[6,7,9],[8,9,10]]

manifold_lex_d2_n10_o1_g1_#1247=[[1,2,3],[1,2,4],[1,3,5],[1,4,5],[2,3,6],
 [2,4,6],[3,4,7],[3,4,8],[3,5,7],[3,6,9],[3,8,9],[4,5,9],[4,6,10],
 [4,7,9],[4,8,10],[5,7,8],[5,8,9],[6,7,9],[6,7,10],[7,8,10]]

manifold_lex_d2_n10_o1_g1_#1248=[[1,2,3],[1,2,4],[1,3,5],[1,4,5],[2,3,6],
 [2,4,6],[3,4,7],[3,4,8],[3,5,7],[3,6,9],[3,8,9],[4,5,9],[4,6,10],
 [4,7,9],[4,8,10],[5,7,8],[5,8,9],[6,9,10],[7,8,10],[7,9,10]]

manifold_lex_d2_n10_o1_g1_#1249=[[1,2,3],[1,2,4],[1,3,5],[1,4,5],[2,3,6],
 [2,4,6],[3,4,7],[3,4,8],[3,5,7],[3,6,9],[3,8,9],[4,5,9],[4,6,10],
 [4,7,9],[4,8,10],[5,7,10],[5,8,9],[5,8,10],[6,7,9],[6,7,10]]

manifold_lex_d2_n10_o1_g1_#1250=[[1,2,3],[1,2,4],[1,3,5],[1,4,5],[2,3,6],
 [2,4,6],[3,4,7],[3,4,8],[3,5,7],[3,6,9],[3,8,9],[4,5,9],[4,6,10],
 [4,7,9],[4,8,10],[5,7,10],[5,8,9],[5,8,10],[6,9,10],[7,9,10]]

manifold_lex_d2_n10_o1_g1_#1251=[[1,2,3],[1,2,4],[1,3,5],[1,4,5],[2,3,6],
 [2,4,6],[3,4,7],[3,4,8],[3,5,7],[3,6,9],[3,8,9],[4,5,9],[4,6,10],
 [4,7,9],[4,8,10],[5,7,10],[5,9,10],[6,7,9],[6,7,10],[8,9,10]]

manifold_lex_d2_n10_o1_g1_#1252=[[1,2,3],[1,2,4],[1,3,5],[1,4,5],[2,3,6],
 [2,4,6],[3,4,7],[3,4,8],[3,5,7],[3,6,9],[3,8,9],[4,5,10],[4,6,8],
 [4,7,9],[4,9,10],[5,6,7],[5,6,8],[5,8,10],[6,7,9],[8,9,10]]

manifold_lex_d2_n10_o1_g1_#1253=[[1,2,3],[1,2,4],[1,3,5],[1,4,5],[2,3,6],
 [2,4,6],[3,4,7],[3,4,8],[3,5,7],[3,6,9],[3,8,9],[4,5,10],[4,6,8],
 [4,7,9],[4,9,10],[5,6,7],[5,6,10],[6,7,9],[6,8,10],[8,9,10]]

manifold_lex_d2_n10_o1_g1_#1254=[[1,2,3],[1,2,4],[1,3,5],[1,4,5],[2,3,6],
 [2,4,6],[3,4,7],[3,4,8],[3,5,7],[3,6,9],[3,8,9],[4,5,10],[4,6,8],
 [4,7,9],[4,9,10],[5,6,8],[5,6,9],[5,7,9],[5,8,10],[8,9,10]]

manifold_lex_d2_n10_o1_g1_#1255=[[1,2,3],[1,2,4],[1,3,5],[1,4,5],[2,3,6],
 [2,4,6],[3,4,7],[3,4,8],[3,5,7],[3,6,9],[3,8,9],[4,5,10],[4,6,8],
 [4,7,9],[4,9,10],[5,6,9],[5,6,10],[5,7,9],[6,8,10],[8,9,10]]

manifold_lex_d2_n10_o1_g1_#1256=[[1,2,3],[1,2,4],[1,3,5],[1,4,5],[2,3,6],
 [2,4,6],[3,4,7],[3,4,8],[3,5,7],[3,6,9],[3,8,9],[4,5,10],[4,6,8],
 [4,7,9],[4,9,10],[5,7,8],[5,8,10],[6,7,8],[6,7,9],[8,9,10]]

manifold_lex_d2_n10_o1_g1_#1257=[[1,2,3],[1,2,4],[1,3,5],[1,4,5],[2,3,6],
 [2,4,6],[3,4,7],[3,4,8],[3,5,7],[3,6,9],[3,8,9],[4,5,10],[4,6,8],
 [4,7,9],[4,9,10],[5,7,10],[6,7,8],[6,7,9],[7,8,10],[8,9,10]]

manifold_lex_d2_n10_o1_g1_#1258=[[1,2,3],[1,2,4],[1,3,5],[1,4,5],[2,3,6],
 [2,4,6],[3,4,7],[3,4,8],[3,5,7],[3,6,9],[3,8,9],[4,5,10],[4,6,8],
 [4,7,9],[4,9,10],[5,7,10],[6,7,9],[6,7,10],[6,8,10],[8,9,10]]

manifold_lex_d2_n10_o1_g1_#1259=[[1,2,3],[1,2,4],[1,3,5],[1,4,5],[2,3,6],
 [2,4,6],[3,4,7],[3,4,8],[3,5,7],[3,6,9],[3,8,9],[4,5,10],[4,6,8],
 [4,7,10],[5,6,7],[5,6,8],[5,8,9],[5,9,10],[6,7,9],[7,9,10]]

manifold_lex_d2_n10_o1_g1_#1260=[[1,2,3],[1,2,4],[1,3,5],[1,4,5],[2,3,6],
 [2,4,6],[3,4,7],[3,4,8],[3,5,7],[3,6,9],[3,8,9],[4,5,10],[4,6,8],
 [4,7,10],[5,6,7],[5,6,8],[5,8,9],[5,9,10],[6,7,10],[6,9,10]]

manifold_lex_d2_n10_o1_g1_#1261=[[1,2,3],[1,2,4],[1,3,5],[1,4,5],[2,3,6],
 [2,4,6],[3,4,7],[3,4,8],[3,5,7],[3,6,9],[3,8,9],[4,5,10],[4,6,8],
 [4,7,10],[5,6,7],[5,6,8],[5,8,10],[6,7,9],[7,8,9],[7,8,10]]

manifold_lex_d2_n10_o1_g1_#1262=[[1,2,3],[1,2,4],[1,3,5],[1,4,5],[2,3,6],
 [2,4,6],[3,4,7],[3,4,8],[3,5,7],[3,6,9],[3,8,9],[4,5,10],[4,6,8],
 [4,7,10],[5,6,7],[5,6,8],[5,8,10],[6,7,9],[7,9,10],[8,9,10]]

manifold_lex_d2_n10_o1_g1_#1263=[[1,2,3],[1,2,4],[1,3,5],[1,4,5],[2,3,6],
 [2,4,6],[3,4,7],[3,4,8],[3,5,7],[3,6,9],[3,8,9],[4,5,10],[4,6,8],
 [4,7,10],[5,6,7],[5,6,10],[6,7,9],[6,8,10],[7,8,9],[7,8,10]]

manifold_lex_d2_n10_o1_g1_#1264=[[1,2,3],[1,2,4],[1,3,5],[1,4,5],[2,3,6],
 [2,4,6],[3,4,7],[3,4,8],[3,5,7],[3,6,9],[3,8,9],[4,5,10],[4,6,8],
 [4,7,10],[5,6,7],[5,6,10],[6,7,9],[6,8,10],[7,9,10],[8,9,10]]

manifold_lex_d2_n10_o1_g1_#1265=[[1,2,3],[1,2,4],[1,3,5],[1,4,5],[2,3,6],
 [2,4,6],[3,4,7],[3,4,8],[3,5,7],[3,6,9],[3,8,9],[4,5,10],[4,6,8],
 [4,7,10],[5,6,9],[5,6,10],[5,7,8],[5,8,9],[6,7,8],[6,7,10]]

manifold_lex_d2_n10_o1_g1_#1266=[[1,2,3],[1,2,4],[1,3,5],[1,4,5],[2,3,6],
 [2,4,6],[3,4,7],[3,4,8],[3,5,7],[3,6,9],[3,8,9],[4,5,10],[4,6,8],
 [4,7,10],[5,6,9],[5,6,10],[5,7,8],[5,8,9],[6,8,10],[7,8,10]]

manifold_lex_d2_n10_o1_g1_#1267=[[1,2,3],[1,2,4],[1,3,5],[1,4,5],[2,3,6],
 [2,4,6],[3,4,7],[3,4,8],[3,5,7],[3,6,9],[3,8,9],[4,5,10],[4,6,8],
 [4,7,10],[5,6,9],[5,6,10],[5,7,9],[6,8,10],[7,8,9],[7,8,10]]

manifold_lex_d2_n10_o1_g1_#1268=[[1,2,3],[1,2,4],[1,3,5],[1,4,5],[2,3,6],
 [2,4,6],[3,4,7],[3,4,8],[3,5,7],[3,6,9],[3,8,9],[4,5,10],[4,6,8],
 [4,7,10],[5,6,9],[5,6,10],[5,7,9],[6,8,10],[7,9,10],[8,9,10]]

manifold_lex_d2_n10_o1_g1_#1269=[[1,2,3],[1,2,4],[1,3,5],[1,4,5],[2,3,6],
 [2,4,6],[3,4,7],[3,4,8],[3,5,7],[3,6,9],[3,8,9],[4,5,10],[4,6,8],
 [4,7,10],[5,7,8],[5,8,9],[5,9,10],[6,7,8],[6,7,9],[7,9,10]]

manifold_lex_d2_n10_o1_g1_#1270=[[1,2,3],[1,2,4],[1,3,5],[1,4,5],[2,3,6],
 [2,4,6],[3,4,7],[3,4,8],[3,5,7],[3,6,9],[3,8,9],[4,5,10],[4,6,8],
 [4,7,10],[5,7,8],[5,8,9],[5,9,10],[6,7,8],[6,7,10],[6,9,10]]

manifold_lex_d2_n10_o1_g1_#1271=[[1,2,3],[1,2,4],[1,3,5],[1,4,5],[2,3,6],
 [2,4,6],[3,4,7],[3,4,8],[3,5,7],[3,6,9],[3,8,9],[4,5,10],[4,6,8],
 [4,7,10],[5,7,8],[5,8,9],[5,9,10],[6,8,10],[6,9,10],[7,8,10]]

manifold_lex_d2_n10_o1_g1_#1272=[[1,2,3],[1,2,4],[1,3,5],[1,4,5],[2,3,6],
 [2,4,6],[3,4,7],[3,4,8],[3,5,7],[3,6,9],[3,8,9],[4,5,10],[4,6,8],
 [4,7,10],[5,7,8],[5,8,10],[6,7,8],[6,7,9],[7,9,10],[8,9,10]]

manifold_lex_d2_n10_o1_g1_#1273=[[1,2,3],[1,2,4],[1,3,5],[1,4,5],[2,3,6],
 [2,4,6],[3,4,7],[3,4,8],[3,5,7],[3,6,9],[3,8,9],[4,5,10],[4,6,8],
 [4,7,10],[5,7,9],[5,9,10],[6,8,10],[6,9,10],[7,8,9],[7,8,10]]

manifold_lex_d2_n10_o1_g1_#1274=[[1,2,3],[1,2,4],[1,3,5],[1,4,5],[2,3,6],
 [2,4,6],[3,4,7],[3,4,8],[3,5,7],[3,6,9],[3,8,10],[3,9,10],[4,5,10],
 [4,6,8],[4,7,9],[4,9,10],[5,6,7],[5,6,8],[5,8,10],[6,7,9]]

manifold_lex_d2_n10_o1_g1_#1275=[[1,2,3],[1,2,4],[1,3,5],[1,4,5],[2,3,6],
 [2,4,6],[3,4,7],[3,4,8],[3,5,7],[3,6,9],[3,8,10],[3,9,10],[4,5,10],
 [4,6,8],[4,7,9],[4,9,10],[5,6,7],[5,6,10],[6,7,9],[6,8,10]]

manifold_lex_d2_n10_o1_g1_#1276=[[1,2,3],[1,2,4],[1,3,5],[1,4,5],[2,3,6],
 [2,4,6],[3,4,7],[3,4,8],[3,5,7],[3,6,9],[3,8,10],[3,9,10],[4,5,10],
 [4,6,8],[4,7,9],[4,9,10],[5,6,9],[5,6,10],[5,7,9],[6,8,10]]

manifold_lex_d2_n10_o1_g1_#1277=[[1,2,3],[1,2,4],[1,3,5],[1,4,5],[2,3,6],
 [2,4,6],[3,4,7],[3,4,8],[3,5,7],[3,6,9],[3,8,10],[3,9,10],[4,5,10],
 [4,6,8],[4,7,9],[4,9,10],[5,7,8],[5,8,10],[6,7,8],[6,7,9]]

manifold_lex_d2_n10_o1_g1_#1278=[[1,2,3],[1,2,4],[1,3,5],[1,4,5],[2,3,6],
 [2,4,6],[3,4,7],[3,4,8],[3,5,7],[3,6,9],[3,8,10],[3,9,10],[4,5,10],
 [4,6,8],[4,7,9],[4,9,10],[5,7,8],[5,8,10],[6,8,9],[7,8,9]]

manifold_lex_d2_n10_o1_g1_#1279=[[1,2,3],[1,2,4],[1,3,5],[1,4,5],[2,3,6],
 [2,4,6],[3,4,7],[3,4,8],[3,5,7],[3,6,9],[3,8,10],[3,9,10],[4,5,10],
 [4,6,8],[4,7,9],[4,9,10],[5,7,9],[5,8,9],[5,8,10],[6,8,9]]

manifold_lex_d2_n10_o1_g1_#1280=[[1,2,3],[1,2,4],[1,3,5],[1,4,5],[2,3,6],
 [2,4,6],[3,4,7],[3,4,8],[3,5,7],[3,6,9],[3,8,10],[3,9,10],[4,5,10],
 [4,6,8],[4,7,9],[4,9,10],[5,7,10],[6,8,9],[7,8,9],[7,8,10]]

manifold_lex_d2_n10_o1_g1_#1281=[[1,2,3],[1,2,4],[1,3,5],[1,4,5],[2,3,6],
 [2,4,6],[3,4,7],[3,4,8],[3,5,7],[3,6,9],[3,8,10],[3,9,10],[4,5,10],
 [4,6,9],[4,7,10],[4,8,9],[5,7,8],[5,8,10],[7,8,9],[7,9,10]]

manifold_lex_d2_n10_o1_g1_#1282=[[1,2,3],[1,2,4],[1,3,5],[1,4,5],[2,3,6],
 [2,4,6],[3,4,7],[3,4,8],[3,5,7],[3,6,9],[3,8,10],[3,9,10],[4,5,10],
 [4,6,9],[4,7,10],[4,8,9],[5,7,9],[5,8,9],[5,8,10],[7,9,10]]

manifold_lex_d2_n10_o1_g1_#1283=[[1,2,3],[1,2,4],[1,3,5],[1,4,5],[2,3,6],
 [2,4,6],[3,4,7],[3,4,8],[3,5,9],[3,6,10],[3,7,9],[3,8,10],[4,5,10],
 [4,6,9],[4,7,10],[4,8,9],[5,8,9],[5,8,10],[6,7,9],[6,7,10]]

manifold_lex_d2_n10_o1_g1_#1284=[[1,2,3],[1,2,4],[1,3,5],[1,4,5],[2,3,6],
 [2,4,6],[3,4,7],[3,4,8],[3,5,9],[3,6,10],[3,7,9],[3,8,10],[4,5,10],
 [4,6,9],[4,7,10],[4,8,9],[5,8,9],[5,8,10],[6,9,10],[7,9,10]]

manifold_lex_d2_n10_o1_g1_#1285=[[1,2,3],[1,2,4],[1,3,5],[1,4,5],[2,3,6],
 [2,4,6],[3,5,6],[4,5,7],[4,6,8],[4,7,9],[4,8,10],[4,9,10],[5,6,9],
 [5,7,10],[5,8,9],[5,8,10],[6,7,8],[6,7,10],[6,9,10],[7,8,9]]

manifold_lex_d2_n10_o1_g1_#1286=[[1,2,3],[1,2,4],[1,3,5],[1,4,5],[2,3,6],
 [2,4,6],[3,5,7],[3,6,7],[4,5,8],[4,6,9],[4,7,8],[4,7,10],[4,9,10],
 [5,6,8],[5,6,10],[5,7,9],[5,9,10],[6,7,10],[6,8,9],[7,8,9]]

manifold_lex_d2_n10_o1_g1_#1287=[[1,2,3],[1,2,4],[1,3,5],[1,4,5],[2,3,6],
 [2,4,6],[3,5,7],[3,6,7],[4,5,8],[4,6,9],[4,7,8],[4,7,10],[4,9,10],
 [5,7,9],[5,8,10],[5,9,10],[6,7,10],[6,8,9],[6,8,10],[7,8,9]]

manifold_lex_d2_n10_o1_g1_#1288=[[1,2,3],[1,2,4],[1,3,5],[1,4,5],[2,3,6],
 [2,4,6],[3,5,7],[3,6,7],[4,5,8],[4,6,9],[4,8,10],[4,9,10],[5,6,8],
 [5,6,10],[5,7,9],[5,9,10],[6,7,10],[6,8,9],[7,8,9],[7,8,10]]

manifold_lex_d2_n10_o1_g1_#1289=[[1,2,3],[1,2,4],[1,3,5],[1,4,5],[2,3,6],
 [2,4,6],[3,5,7],[3,6,8],[3,7,8],[4,5,8],[4,6,7],[4,7,9],[4,8,9],
 [5,6,9],[5,6,10],[5,7,9],[5,8,10],[6,7,10],[6,8,9],[7,8,10]]

manifold_lex_d2_n10_o1_g1_#1290=[[1,2,3],[1,2,4],[1,3,5],[1,4,5],[2,3,6],
 [2,4,6],[3,5,7],[3,6,8],[3,7,8],[4,5,8],[4,6,7],[4,7,9],[4,8,9],
 [5,7,9],[5,8,10],[5,9,10],[6,7,10],[6,8,9],[6,9,10],[7,8,10]]

manifold_lex_d2_n10_o1_g1_#1291=[[1,2,3],[1,2,4],[1,3,5],[1,4,5],[2,3,6],
 [2,4,6],[3,5,7],[3,6,8],[3,7,8],[4,5,8],[4,6,9],[4,7,9],[4,7,10],
 [4,8,10],[5,6,7],[5,6,9],[5,8,9],[6,7,10],[6,8,10],[7,8,9]]

manifold_lex_d2_n10_o1_g1_#1292=[[1,2,3],[1,2,4],[1,3,5],[1,4,5],[2,3,6],
 [2,4,6],[3,5,7],[3,6,8],[3,7,8],[4,5,8],[4,6,9],[4,7,9],[4,7,10],
 [4,8,10],[5,6,9],[5,6,10],[5,7,10],[5,8,9],[6,8,10],[7,8,9]]

manifold_lex_d2_n10_o1_g1_#1293=[[1,2,3],[1,2,4],[1,3,5],[1,4,5],[2,3,6],
 [2,4,6],[3,5,7],[3,6,8],[3,7,8],[4,5,8],[4,6,9],[4,7,9],[4,7,10],
 [4,8,10],[5,7,10],[5,8,9],[5,9,10],[6,8,10],[6,9,10],[7,8,9]]

manifold_lex_d2_n10_o1_g1_#1294=[[1,2,3],[1,2,4],[1,3,5],[1,4,5],[2,3,6],
 [2,4,6],[3,5,7],[3,6,8],[3,7,8],[4,5,8],[4,6,9],[4,8,10],[4,9,10],
 [5,6,7],[5,6,9],[5,8,9],[6,7,10],[6,8,10],[7,8,9],[7,9,10]]

manifold_lex_d2_n10_o1_g1_#1295=[[1,2,3],[1,2,4],[1,3,5],[1,4,5],[2,3,6],
 [2,4,6],[3,5,7],[3,6,8],[3,7,8],[4,5,8],[4,6,9],[4,8,10],[4,9,10],
 [5,6,9],[5,6,10],[5,7,10],[5,8,9],[6,8,10],[7,8,9],[7,9,10]]

manifold_lex_d2_n10_o1_g1_#1296=[[1,2,3],[1,2,4],[1,3,5],[1,4,5],[2,3,6],
 [2,4,6],[3,5,7],[3,6,8],[3,7,8],[4,5,9],[4,6,10],[4,7,8],[4,7,9],
 [4,8,10],[5,6,7],[5,6,10],[5,8,9],[5,8,10],[6,7,9],[6,8,9]]

manifold_lex_d2_n10_o1_g1_#1297=[[1,2,3],[1,2,4],[1,3,5],[1,4,5],[2,3,6],
 [2,4,6],[3,5,7],[3,6,8],[3,7,8],[4,5,9],[4,6,10],[4,7,8],[4,7,9],
 [4,8,10],[5,6,7],[5,6,10],[5,9,10],[6,7,9],[6,8,9],[8,9,10]]

manifold_lex_d2_n10_o1_g1_#1298=[[1,2,3],[1,2,4],[1,3,5],[1,4,5],[2,3,6],
 [2,4,6],[3,5,7],[3,6,8],[3,7,8],[4,5,9],[4,6,10],[4,7,8],[4,7,9],
 [4,8,10],[5,7,10],[5,8,9],[5,8,10],[6,7,9],[6,7,10],[6,8,9]]

manifold_lex_d2_n10_o1_g1_#1299=[[1,2,3],[1,2,4],[1,3,5],[1,4,5],[2,3,6],
 [2,4,6],[3,5,7],[3,6,8],[3,7,8],[4,5,9],[4,6,10],[4,7,8],[4,7,9],
 [4,8,10],[5,7,10],[5,8,9],[5,8,10],[6,8,9],[6,9,10],[7,9,10]]

manifold_lex_d2_n10_o1_g1_#1300=[[1,2,3],[1,2,4],[1,3,5],[1,4,5],[2,3,6],
 [2,4,6],[3,5,7],[3,6,8],[3,7,8],[4,5,9],[4,6,10],[4,7,9],[4,7,10],
 [5,6,7],[5,6,10],[5,8,9],[5,8,10],[6,7,9],[6,8,9],[7,8,10]]

manifold_lex_d2_n10_o1_g1_#1301=[[1,2,3],[1,2,4],[1,3,5],[1,4,5],[2,3,6],
 [2,4,6],[3,5,7],[3,6,8],[3,7,8],[4,5,9],[4,6,10],[4,7,9],[4,7,10],
 [5,6,7],[5,6,10],[5,9,10],[6,7,9],[6,8,9],[7,8,10],[8,9,10]]

manifold_lex_d2_n10_o1_g1_#1302=[[1,2,3],[1,2,4],[1,3,5],[1,4,5],[2,3,6],
 [2,4,6],[3,5,7],[3,6,8],[3,7,8],[4,5,9],[4,6,10],[4,9,10],[5,6,7],
 [5,6,10],[5,8,9],[5,8,10],[6,7,9],[6,8,9],[7,8,10],[7,9,10]]

manifold_lex_d2_n10_o1_g1_#1303=[[1,2,3],[1,2,4],[1,3,5],[1,4,5],[2,3,6],
 [2,4,6],[3,5,7],[3,6,8],[3,7,9],[3,8,9],[4,5,8],[4,6,7],[4,7,10],
 [4,8,10],[5,6,9],[5,6,10],[5,7,10],[5,8,9],[6,7,9],[6,8,10]]

manifold_lex_d2_n10_o1_g1_#1304=[[1,2,3],[1,2,4],[1,3,5],[1,4,5],[2,3,6],
 [2,4,6],[3,5,7],[3,6,8],[3,7,9],[3,8,9],[4,5,8],[4,6,7],[4,7,10],
 [4,8,10],[5,7,10],[5,8,9],[5,9,10],[6,7,9],[6,8,10],[6,9,10]]

manifold_lex_d2_n10_o1_g1_#1305=[[1,2,3],[1,2,4],[1,3,5],[1,4,5],[2,3,6],
 [2,4,6],[3,5,7],[3,6,8],[3,7,9],[3,8,9],[4,5,8],[4,6,9],[4,7,8],
 [4,7,9],[5,6,7],[5,6,10],[5,8,10],[6,7,8],[6,9,10],[8,9,10]]

manifold_lex_d2_n10_o1_g1_#1306=[[1,2,3],[1,2,4],[1,3,5],[1,4,5],[2,3,6],
 [2,4,6],[3,5,7],[3,6,8],[3,7,9],[3,8,9],[4,5,8],[4,6,9],[4,7,8],
 [4,7,9],[5,7,10],[5,8,9],[5,9,10],[6,7,8],[6,7,10],[6,9,10]]

manifold_lex_d2_n10_o1_g1_#1307=[[1,2,3],[1,2,4],[1,3,5],[1,4,5],[2,3,6],
 [2,4,6],[3,5,7],[3,6,8],[3,7,9],[3,8,9],[4,5,8],[4,6,9],[4,7,8],
 [4,7,9],[5,7,10],[5,8,9],[5,9,10],[6,8,10],[6,9,10],[7,8,10]]

manifold_lex_d2_n10_o1_g1_#1308=[[1,2,3],[1,2,4],[1,3,5],[1,4,5],[2,3,6],
 [2,4,6],[3,5,7],[3,6,8],[3,7,9],[3,8,9],[4,5,8],[4,6,9],[4,7,9],
 [4,7,10],[4,8,10],[5,6,7],[5,6,9],[5,8,9],[6,7,10],[6,8,10]]

manifold_lex_d2_n10_o1_g1_#1309=[[1,2,3],[1,2,4],[1,3,5],[1,4,5],[2,3,6],
 [2,4,6],[3,5,7],[3,6,8],[3,7,9],[3,8,9],[4,5,8],[4,6,9],[4,7,9],
 [4,7,10],[4,8,10],[5,6,9],[5,6,10],[5,7,10],[5,8,9],[6,8,10]]

manifold_lex_d2_n10_o1_g1_#1310=[[1,2,3],[1,2,4],[1,3,5],[1,4,5],[2,3,6],
 [2,4,6],[3,5,7],[3,6,8],[3,7,9],[3,8,9],[4,5,8],[4,6,9],[4,7,9],
 [4,7,10],[4,8,10],[5,7,10],[5,8,9],[5,9,10],[6,8,10],[6,9,10]]

manifold_lex_d2_n10_o1_g1_#1311=[[1,2,3],[1,2,4],[1,3,5],[1,4,5],[2,3,6],
 [2,4,6],[3,5,7],[3,6,8],[3,7,9],[3,8,9],[4,5,8],[4,6,9],[4,8,10],
 [4,9,10],[5,6,7],[5,6,9],[5,8,9],[6,7,8],[7,8,10],[7,9,10]]

manifold_lex_d2_n10_o1_g1_#1312=[[1,2,3],[1,2,4],[1,3,5],[1,4,5],[2,3,6],
 [2,4,6],[3,5,7],[3,6,8],[3,7,9],[3,8,9],[4,5,8],[4,6,9],[4,8,10],
 [4,9,10],[5,6,7],[5,6,9],[5,8,9],[6,7,10],[6,8,10],[7,9,10]]

manifold_lex_d2_n10_o1_g1_#1313=[[1,2,3],[1,2,4],[1,3,5],[1,4,5],[2,3,6],
 [2,4,6],[3,5,7],[3,6,8],[3,7,9],[3,8,9],[4,5,8],[4,6,9],[4,8,10],
 [4,9,10],[5,6,9],[5,6,10],[5,7,10],[5,8,9],[6,8,10],[7,9,10]]

manifold_lex_d2_n10_o1_g1_#1314=[[1,2,3],[1,2,4],[1,3,5],[1,4,5],[2,3,6],
 [2,4,6],[3,5,7],[3,6,8],[3,7,9],[3,8,9],[4,5,8],[4,6,10],[4,7,8],
 [4,7,9],[4,9,10],[5,6,7],[5,6,10],[5,8,9],[5,9,10],[6,7,8]]

manifold_lex_d2_n10_o1_g1_#1315=[[1,2,3],[1,2,4],[1,3,5],[1,4,5],[2,3,6],
 [2,4,6],[3,5,7],[3,6,8],[3,7,9],[3,8,9],[4,5,8],[4,6,10],[4,7,8],
 [4,7,9],[4,9,10],[5,6,7],[5,6,10],[5,8,10],[6,7,8],[8,9,10]]

manifold_lex_d2_n10_o1_g1_#1316=[[1,2,3],[1,2,4],[1,3,5],[1,4,5],[2,3,6],
 [2,4,6],[3,5,7],[3,6,8],[3,7,9],[3,8,9],[4,5,8],[4,6,10],[4,7,8],
 [4,7,9],[4,9,10],[5,7,10],[5,8,9],[5,9,10],[6,7,8],[6,7,10]]

manifold_lex_d2_n10_o1_g1_#1317=[[1,2,3],[1,2,4],[1,3,5],[1,4,5],[2,3,6],
 [2,4,6],[3,5,7],[3,6,8],[3,7,9],[3,8,9],[4,5,8],[4,6,10],[4,7,8],
 [4,7,9],[4,9,10],[5,7,10],[5,8,9],[5,9,10],[6,8,10],[7,8,10]]

manifold_lex_d2_n10_o1_g1_#1318=[[1,2,3],[1,2,4],[1,3,5],[1,4,5],[2,3,6],
 [2,4,6],[3,5,7],[3,6,8],[3,7,9],[3,8,9],[4,5,8],[4,6,10],[4,7,8],
 [4,7,9],[4,9,10],[5,7,10],[5,8,10],[6,7,8],[6,7,10],[8,9,10]]

manifold_lex_d2_n10_o1_g1_#1319=[[1,2,3],[1,2,4],[1,3,5],[1,4,5],[2,3,6],
 [2,4,6],[3,5,7],[3,6,8],[3,7,9],[3,8,9],[4,5,9],[4,6,10],[4,7,8],
 [4,7,10],[4,8,9],[5,6,7],[5,6,9],[6,7,8],[6,9,10],[7,9,10]]

manifold_lex_d2_n10_o1_g1_#1320=[[1,2,3],[1,2,4],[1,3,5],[1,4,5],[2,3,6],
 [2,4,6],[3,5,7],[3,6,8],[3,7,9],[3,8,9],[4,5,9],[4,6,10],[4,7,8],
 [4,7,10],[4,8,9],[5,6,7],[5,6,10],[5,9,10],[6,7,8],[7,9,10]]

manifold_lex_d2_n10_o1_g1_#1321=[[1,2,3],[1,2,4],[1,3,5],[1,4,5],[2,3,6],
 [2,4,6],[3,5,7],[3,6,8],[3,7,9],[3,8,9],[4,5,9],[4,6,10],[4,7,8],
 [4,7,10],[4,8,9],[5,6,8],[5,6,9],[5,7,8],[6,9,10],[7,9,10]]

manifold_lex_d2_n10_o1_g1_#1322=[[1,2,3],[1,2,4],[1,3,5],[1,4,5],[2,3,6],
 [2,4,6],[3,5,7],[3,6,8],[3,7,9],[3,8,9],[4,5,9],[4,6,10],[4,7,8],
 [4,7,10],[4,8,9],[5,6,8],[5,6,10],[5,7,8],[5,9,10],[7,9,10]]

manifold_lex_d2_n10_o1_g1_#1323=[[1,2,3],[1,2,4],[1,3,5],[1,4,5],[2,3,6],
 [2,4,6],[3,5,7],[3,6,8],[3,7,9],[3,8,9],[4,5,9],[4,6,10],[4,7,8],
 [4,7,10],[4,8,9],[5,7,8],[5,8,10],[5,9,10],[6,8,10],[7,9,10]]

manifold_lex_d2_n10_o1_g1_#1324=[[1,2,3],[1,2,4],[1,3,5],[1,4,5],[2,3,6],
 [2,4,6],[3,5,7],[3,6,8],[3,7,9],[3,8,9],[4,5,9],[4,6,10],[4,8,9],
 [4,8,10],[5,6,7],[5,6,9],[6,7,8],[6,9,10],[7,8,10],[7,9,10]]

manifold_lex_d2_n10_o1_g1_#1325=[[1,2,3],[1,2,4],[1,3,5],[1,4,5],[2,3,6],
 [2,4,6],[3,5,7],[3,6,8],[3,7,9],[3,8,9],[4,5,9],[4,6,10],[4,8,9],
 [4,8,10],[5,6,7],[5,6,10],[5,9,10],[6,7,8],[7,8,10],[7,9,10]]

manifold_lex_d2_n10_o1_g1_#1326=[[1,2,3],[1,2,4],[1,3,5],[1,4,5],[2,3,6],
 [2,4,6],[3,5,7],[3,6,8],[3,7,9],[3,8,9],[4,5,9],[4,6,10],[4,8,9],
 [4,8,10],[5,6,8],[5,6,9],[5,7,8],[6,7,9],[6,7,10],[7,8,10]]

manifold_lex_d2_n10_o1_g1_#1327=[[1,2,3],[1,2,4],[1,3,5],[1,4,5],[2,3,6],
 [2,4,6],[3,5,7],[3,6,8],[3,7,9],[3,8,9],[4,5,9],[4,6,10],[4,8,9],
 [4,8,10],[5,6,8],[5,6,9],[5,7,8],[6,9,10],[7,8,10],[7,9,10]]

manifold_lex_d2_n10_o1_g1_#1328=[[1,2,3],[1,2,4],[1,3,5],[1,4,5],[2,3,6],
 [2,4,6],[3,5,7],[3,6,8],[3,7,9],[3,8,9],[4,5,9],[4,6,10],[4,8,9],
 [4,8,10],[5,6,8],[5,6,9],[5,7,10],[5,8,10],[6,7,9],[6,7,10]]

manifold_lex_d2_n10_o1_g1_#1329=[[1,2,3],[1,2,4],[1,3,5],[1,4,5],[2,3,6],
 [2,4,6],[3,5,7],[3,6,8],[3,7,9],[3,8,10],[3,9,10],[4,5,7],[4,6,9],
 [4,7,10],[4,8,9],[4,8,10],[6,7,8],[6,7,10],[6,9,10],[7,8,9]]

manifold_lex_d2_n10_o1_g1_#1330=[[1,2,3],[1,2,4],[1,3,5],[1,4,5],[2,3,6],
 [2,4,6],[3,5,7],[3,6,8],[3,7,9],[3,8,10],[3,9,10],[4,5,8],[4,6,7],
 [4,7,10],[4,8,9],[4,9,10],[5,7,8],[6,7,9],[6,8,9],[7,8,10]]

manifold_lex_d2_n10_o1_g1_#1331=[[1,2,3],[1,2,4],[1,3,5],[1,4,5],[2,3,6],
 [2,4,6],[3,5,7],[3,6,8],[3,7,9],[3,8,10],[3,9,10],[4,5,8],[4,6,7],
 [4,7,10],[4,8,9],[4,9,10],[5,7,10],[5,8,10],[6,7,9],[6,8,9]]

manifold_lex_d2_n10_o1_g1_#1332=[[1,2,3],[1,2,4],[1,3,5],[1,4,5],[2,3,6],
 [2,4,6],[3,5,7],[3,6,8],[3,7,9],[3,8,10],[3,9,10],[4,5,8],[4,6,10],
 [4,7,8],[4,7,9],[4,9,10],[5,6,7],[5,6,10],[5,8,10],[6,7,8]]

manifold_lex_d2_n10_o1_g1_#1333=[[1,2,3],[1,2,4],[1,3,5],[1,4,5],[2,3,6],
 [2,4,6],[3,5,7],[3,6,8],[3,7,9],[3,8,10],[3,9,10],[4,5,8],[4,6,10],
 [4,7,8],[4,7,9],[4,9,10],[5,7,10],[5,8,10],[6,7,8],[6,7,10]]

manifold_lex_d2_n10_o1_g1_#1334=[[1,2,3],[1,2,4],[1,3,5],[1,4,5],[2,3,6],
 [2,4,6],[3,5,7],[3,6,8],[3,7,9],[3,8,10],[3,9,10],[4,5,10],[4,6,9],
 [4,7,8],[4,7,9],[4,8,10],[5,6,7],[5,6,9],[5,9,10],[6,7,8]]

manifold_lex_d2_n10_o1_g1_#1335=[[1,2,3],[1,2,4],[1,3,5],[1,4,5],[2,3,6],
 [2,4,6],[3,5,7],[3,6,8],[3,7,9],[3,8,10],[3,9,10],[4,5,10],[4,6,9],
 [4,7,8],[4,7,9],[4,8,10],[5,6,7],[5,6,10],[6,7,8],[6,9,10]]

manifold_lex_d2_n10_o1_g1_#1336=[[1,2,3],[1,2,4],[1,3,5],[1,4,5],[2,3,6],
 [2,4,6],[3,5,7],[3,6,8],[3,7,9],[3,8,10],[3,9,10],[4,5,10],[4,6,9],
 [4,7,8],[4,7,9],[4,8,10],[5,7,8],[5,8,9],[5,9,10],[6,8,9]]

manifold_lex_d2_n10_o1_g1_#1337=[[1,2,3],[1,2,4],[1,3,5],[1,4,5],[2,3,6],
 [2,4,7],[2,5,6],[2,5,7],[3,4,6],[3,4,8],[3,5,8],[4,5,9],[4,6,7],
 [4,8,9],[5,6,8],[5,7,9],[6,7,10],[6,8,10],[7,9,10],[8,9,10]]

manifold_lex_d2_n10_o1_g1_#1338=[[1,2,3],[1,2,4],[1,3,5],[1,4,5],[2,3,6],
 [2,4,7],[2,5,6],[2,5,7],[3,4,6],[3,4,8],[3,5,8],[4,5,9],[4,6,7],
 [4,8,9],[5,6,8],[5,7,10],[5,9,10],[6,7,10],[6,8,9],[6,9,10]]

manifold_lex_d2_n10_o1_g1_#1339=[[1,2,3],[1,2,4],[1,3,5],[1,4,5],[2,3,6],
 [2,4,7],[2,5,6],[2,5,7],[3,4,6],[3,4,8],[3,5,8],[4,5,9],[4,6,7],
 [4,8,9],[5,6,8],[5,7,10],[5,9,10],[6,7,10],[6,8,10],[8,9,10]]

manifold_lex_d2_n10_o1_g1_#1340=[[1,2,3],[1,2,4],[1,3,5],[1,4,5],[2,3,6],
 [2,4,7],[2,5,6],[2,5,7],[3,4,6],[3,4,8],[3,5,8],[4,5,9],[4,6,7],
 [4,8,9],[5,6,10],[5,7,9],[5,8,10],[6,7,9],[6,9,10],[8,9,10]]

manifold_lex_d2_n10_o1_g1_#1341=[[1,2,3],[1,2,4],[1,3,5],[1,4,5],[2,3,6],
 [2,4,7],[2,5,6],[2,5,7],[3,4,6],[3,4,8],[3,5,8],[4,5,9],[4,6,7],
 [4,8,9],[5,6,10],[5,7,9],[5,8,10],[6,7,10],[7,8,9],[7,8,10]]

manifold_lex_d2_n10_o1_g1_#1342=[[1,2,3],[1,2,4],[1,3,5],[1,4,5],[2,3,6],
 [2,4,7],[2,5,6],[2,5,7],[3,4,6],[3,4,8],[3,5,8],[4,5,9],[4,6,7],
 [4,8,9],[5,6,10],[5,7,9],[5,8,10],[6,7,10],[7,9,10],[8,9,10]]

manifold_lex_d2_n10_o1_g1_#1343=[[1,2,3],[1,2,4],[1,3,5],[1,4,5],[2,3,6],
 [2,4,7],[2,5,6],[2,5,7],[3,4,6],[3,4,8],[3,5,8],[4,5,9],[4,6,7],
 [4,8,10],[4,9,10],[5,6,10],[5,7,9],[5,8,10],[6,7,9],[6,9,10]]

manifold_lex_d2_n10_o1_g1_#1344=[[1,2,3],[1,2,4],[1,3,5],[1,4,5],[2,3,6],
 [2,4,7],[2,5,6],[2,5,7],[3,4,6],[3,4,8],[3,5,8],[4,5,9],[4,6,7],
 [4,8,10],[4,9,10],[5,6,10],[5,7,9],[5,8,10],[6,7,10],[7,9,10]]

manifold_lex_d2_n10_o1_g1_#1345=[[1,2,3],[1,2,4],[1,3,5],[1,4,5],[2,3,6],
 [2,4,7],[2,5,6],[2,5,7],[3,4,6],[3,4,8],[3,5,8],[4,5,9],[4,6,10],
 [4,7,10],[4,8,9],[5,6,10],[5,7,9],[5,8,10],[7,8,9],[7,8,10]]

manifold_lex_d2_n10_o1_g1_#1346=[[1,2,3],[1,2,4],[1,3,5],[1,4,5],[2,3,6],
 [2,4,7],[2,5,6],[2,5,7],[3,4,6],[3,4,8],[3,5,8],[4,5,9],[4,6,10],
 [4,7,10],[4,8,9],[5,6,10],[5,7,9],[5,8,10],[7,9,10],[8,9,10]]

manifold_lex_d2_n10_o1_g1_#1347=[[1,2,3],[1,2,4],[1,3,5],[1,4,5],[2,3,6],
 [2,4,7],[2,5,6],[2,5,7],[3,4,6],[3,4,8],[3,5,9],[3,7,8],[3,7,9],
 [4,5,8],[4,6,10],[4,7,9],[4,9,10],[5,6,10],[5,7,8],[5,9,10]]

manifold_lex_d2_n10_o1_g1_#1348=[[1,2,3],[1,2,4],[1,3,5],[1,4,5],[2,3,6],
 [2,4,7],[2,5,6],[2,5,7],[3,4,6],[3,4,8],[3,5,9],[3,7,8],[3,7,9],
 [4,5,8],[4,6,10],[4,7,10],[5,6,9],[5,7,8],[6,9,10],[7,9,10]]

manifold_lex_d2_n10_o1_g1_#1349=[[1,2,3],[1,2,4],[1,3,5],[1,4,5],[2,3,6],
 [2,4,7],[2,5,6],[2,5,7],[3,4,6],[3,4,8],[3,5,9],[3,7,8],[3,7,9],
 [4,5,8],[4,6,10],[4,7,10],[5,6,10],[5,7,8],[5,9,10],[7,9,10]]

manifold_lex_d2_n10_o1_g1_#1350=[[1,2,3],[1,2,4],[1,3,5],[1,4,5],[2,3,6],
 [2,4,7],[2,5,6],[2,5,7],[3,4,6],[3,4,8],[3,5,9],[3,7,8],[3,7,10],
 [3,9,10],[4,5,8],[4,6,9],[4,7,10],[4,9,10],[5,6,9],[5,7,8]]

manifold_lex_d2_n10_o1_g1_#1351=[[1,2,3],[1,2,4],[1,3,5],[1,4,5],[2,3,6],
 [2,4,7],[2,5,6],[2,5,7],[3,4,6],[3,4,8],[3,5,9],[3,7,8],[3,7,10],
 [3,9,10],[4,5,8],[4,6,10],[4,7,10],[5,6,9],[5,7,8],[6,9,10]]

manifold_lex_d2_n10_o1_g1_#1352=[[1,2,3],[1,2,4],[1,3,5],[1,4,5],[2,3,6],
 [2,4,7],[2,5,6],[2,5,7],[3,4,6],[3,4,8],[3,5,9],[3,8,9],[4,5,8],
 [4,6,7],[5,6,9],[5,7,8],[6,7,10],[6,9,10],[7,8,10],[8,9,10]]

manifold_lex_d2_n10_o1_g1_#1353=[[1,2,3],[1,2,4],[1,3,5],[1,4,5],[2,3,6],
 [2,4,7],[2,5,6],[2,5,7],[3,4,6],[3,4,8],[3,5,9],[3,8,9],[4,5,8],
 [4,6,7],[5,6,9],[5,7,10],[5,8,10],[6,7,9],[7,9,10],[8,9,10]]

manifold_lex_d2_n10_o1_g1_#1354=[[1,2,3],[1,2,4],[1,3,5],[1,4,5],[2,3,6],
 [2,4,7],[2,5,6],[2,5,7],[3,4,6],[3,4,8],[3,5,9],[3,8,9],[4,5,8],
 [4,6,7],[5,6,9],[5,7,10],[5,8,10],[6,7,10],[6,8,9],[6,8,10]]

manifold_lex_d2_n10_o1_g1_#1355=[[1,2,3],[1,2,4],[1,3,5],[1,4,5],[2,3,6],
 [2,4,7],[2,5,6],[2,5,7],[3,4,6],[3,4,8],[3,5,9],[3,8,9],[4,5,8],
 [4,6,7],[5,6,9],[5,7,10],[5,8,10],[6,7,10],[6,9,10],[8,9,10]]

manifold_lex_d2_n10_o1_g1_#1356=[[1,2,3],[1,2,4],[1,3,5],[1,4,5],[2,3,6],
 [2,4,7],[2,5,6],[2,5,7],[3,4,6],[3,4,8],[3,5,9],[3,8,9],[4,5,8],
 [4,6,7],[5,6,10],[5,7,8],[5,9,10],[6,7,10],[7,8,9],[7,9,10]]

manifold_lex_d2_n10_o1_g1_#1357=[[1,2,3],[1,2,4],[1,3,5],[1,4,5],[2,3,6],
 [2,4,7],[2,5,6],[2,5,7],[3,4,6],[3,4,8],[3,5,9],[3,8,9],[4,5,8],
 [4,6,7],[5,6,10],[5,7,8],[5,9,10],[6,7,10],[7,8,10],[8,9,10]]

manifold_lex_d2_n10_o1_g1_#1358=[[1,2,3],[1,2,4],[1,3,5],[1,4,5],[2,3,6],
 [2,4,7],[2,5,6],[2,5,7],[3,4,6],[3,4,8],[3,5,9],[3,8,9],[4,5,8],
 [4,6,9],[4,7,9],[5,6,9],[5,7,10],[5,8,10],[7,9,10],[8,9,10]]

manifold_lex_d2_n10_o1_g1_#1359=[[1,2,3],[1,2,4],[1,3,5],[1,4,5],[2,3,6],
 [2,4,7],[2,5,6],[2,5,7],[3,4,6],[3,4,8],[3,5,9],[3,8,9],[4,5,8],
 [4,6,9],[4,7,10],[4,9,10],[5,6,9],[5,7,8],[7,8,10],[8,9,10]]

manifold_lex_d2_n10_o1_g1_#1360=[[1,2,3],[1,2,4],[1,3,5],[1,4,5],[2,3,6],
 [2,4,7],[2,5,6],[2,5,7],[3,4,6],[3,4,8],[3,5,9],[3,8,9],[4,5,8],
 [4,6,9],[4,7,10],[4,9,10],[5,6,9],[5,7,10],[5,8,10],[8,9,10]]

manifold_lex_d2_n10_o1_g1_#1361=[[1,2,3],[1,2,4],[1,3,5],[1,4,5],[2,3,6],
 [2,4,7],[2,5,6],[2,5,7],[3,4,6],[3,4,8],[3,5,9],[3,8,9],[4,5,8],
 [4,6,10],[4,7,9],[4,9,10],[5,6,10],[5,7,8],[5,9,10],[7,8,9]]

manifold_lex_d2_n10_o1_g1_#1362=[[1,2,3],[1,2,4],[1,3,5],[1,4,5],[2,3,6],
 [2,4,7],[2,5,6],[2,5,7],[3,4,6],[3,4,8],[3,5,9],[3,8,9],[4,5,8],
 [4,6,10],[4,7,10],[5,6,9],[5,7,8],[6,8,9],[6,8,10],[7,8,10]]

manifold_lex_d2_n10_o1_g1_#1363=[[1,2,3],[1,2,4],[1,3,5],[1,4,5],[2,3,6],
 [2,4,7],[2,5,6],[2,5,7],[3,4,6],[3,4,8],[3,5,9],[3,8,9],[4,5,8],
 [4,6,10],[4,7,10],[5,6,9],[5,7,8],[6,9,10],[7,8,9],[7,9,10]]

manifold_lex_d2_n10_o1_g1_#1364=[[1,2,3],[1,2,4],[1,3,5],[1,4,5],[2,3,6],
 [2,4,7],[2,5,6],[2,5,7],[3,4,6],[3,4,8],[3,5,9],[3,8,9],[4,5,8],
 [4,6,10],[4,7,10],[5,6,9],[5,7,8],[6,9,10],[7,8,10],[8,9,10]]

manifold_lex_d2_n10_o1_g1_#1365=[[1,2,3],[1,2,4],[1,3,5],[1,4,5],[2,3,6],
 [2,4,7],[2,5,6],[2,5,7],[3,4,6],[3,4,8],[3,5,9],[3,8,9],[4,5,8],
 [4,6,10],[4,7,10],[5,6,9],[5,7,10],[5,8,10],[6,9,10],[8,9,10]]

manifold_lex_d2_n10_o1_g1_#1366=[[1,2,3],[1,2,4],[1,3,5],[1,4,5],[2,3,6],
 [2,4,7],[2,5,6],[2,5,7],[3,4,6],[3,4,8],[3,5,9],[3,8,9],[4,5,8],
 [4,6,10],[4,7,10],[5,6,10],[5,7,8],[5,9,10],[7,8,9],[7,9,10]]

manifold_lex_d2_n10_o1_g1_#1367=[[1,2,3],[1,2,4],[1,3,5],[1,4,5],[2,3,6],
 [2,4,7],[2,5,6],[2,5,7],[3,4,6],[3,4,8],[3,5,9],[3,8,9],[4,5,8],
 [4,6,10],[4,7,10],[5,6,10],[5,7,8],[5,9,10],[7,8,10],[8,9,10]]

manifold_lex_d2_n10_o1_g1_#1368=[[1,2,3],[1,2,4],[1,3,5],[1,4,5],[2,3,6],
 [2,4,7],[2,5,6],[2,5,7],[3,4,6],[3,4,8],[3,5,9],[3,8,9],[4,5,10],
 [4,6,7],[4,8,10],[5,6,9],[5,7,10],[6,7,8],[6,8,9],[7,8,10]]

manifold_lex_d2_n10_o1_g1_#1369=[[1,2,3],[1,2,4],[1,3,5],[1,4,5],[2,3,6],
 [2,4,7],[2,5,6],[2,5,7],[3,4,6],[3,4,8],[3,5,9],[3,8,9],[4,5,10],
 [4,6,7],[4,8,10],[5,6,9],[5,7,10],[6,7,9],[7,8,9],[7,8,10]]

manifold_lex_d2_n10_o1_g1_#1370=[[1,2,3],[1,2,4],[1,3,5],[1,4,5],[2,3,6],
 [2,4,7],[2,5,6],[2,5,7],[3,4,6],[3,4,8],[3,5,9],[3,8,9],[4,5,10],
 [4,6,7],[4,8,10],[5,6,9],[5,7,10],[6,7,9],[7,9,10],[8,9,10]]

manifold_lex_d2_n10_o1_g1_#1371=[[1,2,3],[1,2,4],[1,3,5],[1,4,5],[2,3,6],
 [2,4,7],[2,5,6],[2,5,7],[3,4,6],[3,4,8],[3,5,9],[3,8,9],[4,5,10],
 [4,6,7],[4,8,10],[5,6,9],[5,7,10],[6,7,10],[6,8,9],[6,8,10]]

manifold_lex_d2_n10_o1_g1_#1372=[[1,2,3],[1,2,4],[1,3,5],[1,4,5],[2,3,6],
 [2,4,7],[2,5,6],[2,5,7],[3,4,6],[3,4,8],[3,5,9],[3,8,9],[4,5,10],
 [4,6,7],[4,8,10],[5,6,9],[5,7,10],[6,7,10],[6,9,10],[8,9,10]]

manifold_lex_d2_n10_o1_g1_#1373=[[1,2,3],[1,2,4],[1,3,5],[1,4,5],[2,3,6],
 [2,4,7],[2,5,6],[2,5,7],[3,4,6],[3,4,8],[3,5,9],[3,8,9],[4,5,10],
 [4,6,9],[4,7,9],[4,8,10],[5,6,9],[5,7,10],[7,8,9],[7,8,10]]

manifold_lex_d2_n10_o1_g1_#1374=[[1,2,3],[1,2,4],[1,3,5],[1,4,5],[2,3,6],
 [2,4,7],[2,5,6],[2,5,7],[3,4,6],[3,4,8],[3,5,9],[3,8,9],[4,5,10],
 [4,6,9],[4,7,9],[4,8,10],[5,6,9],[5,7,10],[7,9,10],[8,9,10]]

manifold_lex_d2_n10_o1_g1_#1375=[[1,2,3],[1,2,4],[1,3,5],[1,4,5],[2,3,6],
 [2,4,7],[2,5,6],[2,5,7],[3,4,6],[3,4,8],[3,5,9],[3,8,10],[3,9,10],
 [4,5,8],[4,6,7],[5,6,9],[5,7,8],[6,7,9],[7,8,10],[7,9,10]]

manifold_lex_d2_n10_o1_g1_#1376=[[1,2,3],[1,2,4],[1,3,5],[1,4,5],[2,3,6],
 [2,4,7],[2,5,6],[2,5,7],[3,4,6],[3,4,8],[3,5,9],[3,8,10],[3,9,10],
 [4,5,8],[4,6,7],[5,6,9],[5,7,8],[6,7,10],[6,9,10],[7,8,10]]

manifold_lex_d2_n10_o1_g1_#1377=[[1,2,3],[1,2,4],[1,3,5],[1,4,5],[2,3,6],
 [2,4,7],[2,5,6],[2,5,7],[3,4,6],[3,4,8],[3,5,9],[3,8,10],[3,9,10],
 [4,5,8],[4,6,7],[5,6,9],[5,7,10],[5,8,10],[6,7,9],[7,9,10]]

manifold_lex_d2_n10_o1_g1_#1378=[[1,2,3],[1,2,4],[1,3,5],[1,4,5],[2,3,6],
 [2,4,7],[2,5,6],[2,5,7],[3,4,6],[3,4,8],[3,5,9],[3,8,10],[3,9,10],
 [4,5,8],[4,6,7],[5,6,9],[5,7,10],[5,8,10],[6,7,10],[6,9,10]]

manifold_lex_d2_n10_o1_g1_#1379=[[1,2,3],[1,2,4],[1,3,5],[1,4,5],[2,3,6],
 [2,4,7],[2,5,6],[2,5,7],[3,4,6],[3,4,8],[3,5,9],[3,8,10],[3,9,10],
 [4,5,8],[4,6,9],[4,7,9],[5,6,9],[5,7,8],[7,8,10],[7,9,10]]

manifold_lex_d2_n10_o1_g1_#1380=[[1,2,3],[1,2,4],[1,3,5],[1,4,5],[2,3,6],
 [2,4,7],[2,5,6],[2,5,7],[3,4,6],[3,4,8],[3,5,9],[3,8,10],[3,9,10],
 [4,5,8],[4,6,9],[4,7,9],[5,6,9],[5,7,10],[5,8,10],[7,9,10]]

manifold_lex_d2_n10_o1_g1_#1381=[[1,2,3],[1,2,4],[1,3,5],[1,4,5],[2,3,6],
 [2,4,7],[2,5,6],[2,5,7],[3,4,6],[3,4,8],[3,5,9],[3,8,10],[3,9,10],
 [4,5,8],[4,6,9],[4,7,10],[4,9,10],[5,6,9],[5,7,8],[7,8,10]]

manifold_lex_d2_n10_o1_g1_#1382=[[1,2,3],[1,2,4],[1,3,5],[1,4,5],[2,3,6],
 [2,4,7],[2,5,6],[2,5,7],[3,4,6],[3,4,8],[3,5,9],[3,8,10],[3,9,10],
 [4,5,8],[4,6,9],[4,7,10],[4,9,10],[5,6,9],[5,7,10],[5,8,10]]

manifold_lex_d2_n10_o1_g1_#1383=[[1,2,3],[1,2,4],[1,3,5],[1,4,5],[2,3,6],
 [2,4,7],[2,5,6],[2,5,7],[3,4,6],[3,4,8],[3,5,9],[3,8,10],[3,9,10],
 [4,5,8],[4,6,10],[4,7,10],[5,6,9],[5,7,8],[6,9,10],[7,8,10]]

manifold_lex_d2_n10_o1_g1_#1384=[[1,2,3],[1,2,4],[1,3,5],[1,4,5],[2,3,6],
 [2,4,7],[2,5,6],[2,5,7],[3,4,6],[3,4,8],[3,5,9],[3,8,10],[3,9,10],
 [4,5,8],[4,6,10],[4,7,10],[5,6,9],[5,7,10],[5,8,10],[6,9,10]]

manifold_lex_d2_n10_o1_g1_#1385=[[1,2,3],[1,2,4],[1,3,5],[1,4,5],[2,3,6],
 [2,4,7],[2,5,6],[2,5,7],[3,4,8],[3,4,9],[3,5,8],[3,6,9],[4,5,10],
 [4,6,8],[4,6,10],[4,7,9],[5,6,8],[5,7,9],[5,9,10],[6,9,10]]

manifold_lex_d2_n10_o1_g1_#1386=[[1,2,3],[1,2,4],[1,3,5],[1,4,5],[2,3,6],
 [2,4,7],[2,5,6],[2,5,7],[3,4,8],[3,4,9],[3,5,8],[3,6,9],[4,5,10],
 [4,6,8],[4,6,10],[4,7,9],[5,6,8],[5,7,10],[6,9,10],[7,9,10]]

manifold_lex_d2_n10_o1_g1_#1387=[[1,2,3],[1,2,4],[1,3,5],[1,4,5],[2,3,6],
 [2,4,7],[2,5,6],[2,5,7],[3,4,8],[3,4,9],[3,5,8],[3,6,9],[4,5,10],
 [4,7,9],[4,8,10],[5,6,8],[5,7,9],[5,9,10],[6,8,10],[6,9,10]]

manifold_lex_d2_n10_o1_g1_#1388=[[1,2,3],[1,2,4],[1,3,5],[1,4,5],[2,3,6],
 [2,4,7],[2,5,6],[2,5,7],[3,4,8],[3,4,9],[3,5,8],[3,6,9],[4,5,10],
 [4,7,9],[4,8,10],[5,6,8],[5,7,10],[6,7,8],[6,7,9],[7,8,10]]

manifold_lex_d2_n10_o1_g1_#1389=[[1,2,3],[1,2,4],[1,3,5],[1,4,5],[2,3,6],
 [2,4,7],[2,5,6],[2,5,7],[3,4,8],[3,4,9],[3,5,8],[3,6,9],[4,5,10],
 [4,7,9],[4,8,10],[5,6,8],[5,7,10],[6,7,9],[6,7,10],[6,8,10]]

manifold_lex_d2_n10_o1_g1_#1390=[[1,2,3],[1,2,4],[1,3,5],[1,4,5],[2,3,6],
 [2,4,7],[2,5,6],[2,5,7],[3,4,8],[3,4,9],[3,5,8],[3,6,9],[4,5,10],
 [4,7,9],[4,8,10],[5,6,8],[5,7,10],[6,8,9],[7,8,9],[7,8,10]]

manifold_lex_d2_n10_o1_g1_#1391=[[1,2,3],[1,2,4],[1,3,5],[1,4,5],[2,3,6],
 [2,4,7],[2,5,6],[2,5,7],[3,4,8],[3,4,9],[3,5,8],[3,6,9],[4,5,10],
 [4,7,9],[4,8,10],[5,6,8],[5,7,10],[6,8,9],[7,9,10],[8,9,10]]

manifold_lex_d2_n10_o1_g1_#1392=[[1,2,3],[1,2,4],[1,3,5],[1,4,5],[2,3,6],
 [2,4,7],[2,5,6],[2,5,7],[3,4,8],[3,4,9],[3,5,8],[3,6,9],[4,5,10],
 [4,7,9],[4,8,10],[5,6,8],[5,7,10],[6,8,10],[6,9,10],[7,9,10]]

manifold_lex_d2_n10_o1_g1_#1393=[[1,2,3],[1,2,4],[1,3,5],[1,4,5],[2,3,6],
 [2,4,7],[2,5,6],[2,5,7],[3,4,8],[3,4,9],[3,5,8],[3,6,9],[4,5,10],
 [4,7,9],[4,8,10],[5,6,9],[5,7,10],[5,8,9],[7,9,10],[8,9,10]]

manifold_lex_d2_n10_o1_g1_#1394=[[1,2,3],[1,2,4],[1,3,5],[1,4,5],[2,3,6],
 [2,4,7],[2,5,6],[2,5,7],[3,4,8],[3,4,9],[3,5,8],[3,6,10],[3,9,10],
 [4,5,10],[4,7,9],[4,8,10],[5,6,8],[5,7,9],[5,9,10],[6,8,10]]

manifold_lex_d2_n10_o1_g1_#1395=[[1,2,3],[1,2,4],[1,3,5],[1,4,5],[2,3,6],
 [2,4,7],[2,5,6],[2,5,7],[3,4,8],[3,4,9],[3,5,8],[3,6,10],[3,9,10],
 [4,5,10],[4,7,9],[4,8,10],[5,6,8],[5,7,10],[6,8,10],[7,9,10]]

manifold_lex_d2_n10_o1_g1_#1396=[[1,2,3],[1,2,4],[1,3,5],[1,4,5],[2,3,6],
 [2,4,7],[2,5,6],[2,5,7],[3,5,8],[3,6,7],[3,7,8],[4,5,9],[4,6,9],
 [4,6,10],[4,7,8],[4,8,10],[5,6,10],[5,7,9],[5,8,10],[6,7,9]]

manifold_lex_d2_n10_o1_g1_#1397=[[1,2,3],[1,2,4],[1,3,5],[1,4,5],[2,3,6],
 [2,4,7],[2,5,6],[2,5,7],[3,5,8],[3,6,7],[3,7,8],[4,5,9],[4,6,9],
 [4,6,10],[4,7,10],[5,6,8],[5,7,9],[6,7,9],[6,8,10],[7,8,10]]

manifold_lex_d2_n10_o1_g1_#1398=[[1,2,3],[1,2,4],[1,3,5],[1,4,5],[2,3,6],
 [2,4,7],[2,5,6],[2,5,7],[3,5,8],[3,6,7],[3,7,8],[4,5,9],[4,6,9],
 [4,6,10],[4,7,10],[5,6,10],[5,7,9],[5,8,10],[6,7,9],[7,8,10]]

manifold_lex_d2_n10_o1_g1_#1399=[[1,2,3],[1,2,4],[1,3,5],[1,4,5],[2,3,6],
 [2,4,7],[2,5,6],[2,5,7],[3,5,8],[3,6,7],[3,7,8],[4,5,9],[4,7,8],
 [4,8,9],[5,6,8],[5,7,9],[6,7,10],[6,8,10],[7,9,10],[8,9,10]]

manifold_lex_d2_n10_o1_g1_#1400=[[1,2,3],[1,2,4],[1,3,5],[1,4,5],[2,3,6],
 [2,4,7],[2,5,6],[2,5,7],[3,5,8],[3,6,7],[3,7,8],[4,5,9],[4,7,8],
 [4,8,9],[5,6,8],[5,7,10],[5,9,10],[6,7,10],[6,8,9],[6,9,10]]

manifold_lex_d2_n10_o1_g1_#1401=[[1,2,3],[1,2,4],[1,3,5],[1,4,5],[2,3,6],
 [2,4,7],[2,5,6],[2,5,7],[3,5,8],[3,6,7],[3,7,8],[4,5,9],[4,7,8],
 [4,8,9],[5,6,8],[5,7,10],[5,9,10],[6,7,10],[6,8,10],[8,9,10]]

manifold_lex_d2_n10_o1_g1_#1402=[[1,2,3],[1,2,4],[1,3,5],[1,4,5],[2,3,6],
 [2,4,7],[2,5,6],[2,5,7],[3,5,8],[3,6,7],[3,7,8],[4,5,9],[4,7,8],
 [4,8,9],[5,6,10],[5,7,9],[5,8,10],[6,7,9],[6,9,10],[8,9,10]]

manifold_lex_d2_n10_o1_g1_#1403=[[1,2,3],[1,2,4],[1,3,5],[1,4,5],[2,3,6],
 [2,4,7],[2,5,6],[2,5,7],[3,5,8],[3,6,7],[3,7,8],[4,5,9],[4,7,8],
 [4,8,9],[5,6,10],[5,7,9],[5,8,10],[6,7,10],[7,9,10],[8,9,10]]

manifold_lex_d2_n10_o1_g1_#1404=[[1,2,3],[1,2,4],[1,3,5],[1,4,5],[2,3,6],
 [2,4,7],[2,5,6],[2,5,7],[3,5,8],[3,6,7],[3,7,8],[4,5,9],[4,7,8],
 [4,8,10],[4,9,10],[5,6,8],[5,7,9],[6,7,9],[6,8,10],[6,9,10]]

manifold_lex_d2_n10_o1_g1_#1405=[[1,2,3],[1,2,4],[1,3,5],[1,4,5],[2,3,6],
 [2,4,7],[2,5,6],[2,5,7],[3,5,8],[3,6,7],[3,7,8],[4,5,9],[4,7,8],
 [4,8,10],[4,9,10],[5,6,8],[5,7,9],[6,7,10],[6,8,10],[7,9,10]]

manifold_lex_d2_n10_o1_g1_#1406=[[1,2,3],[1,2,4],[1,3,5],[1,4,5],[2,3,6],
 [2,4,7],[2,5,6],[2,5,7],[3,5,8],[3,6,7],[3,7,8],[4,5,9],[4,7,8],
 [4,8,10],[4,9,10],[5,6,10],[5,7,9],[5,8,10],[6,7,9],[6,9,10]]

manifold_lex_d2_n10_o1_g1_#1407=[[1,2,3],[1,2,4],[1,3,5],[1,4,5],[2,3,6],
 [2,4,7],[2,5,6],[2,5,7],[3,5,8],[3,6,7],[3,7,8],[4,5,9],[4,7,9],
 [5,6,8],[5,7,10],[5,9,10],[6,7,10],[6,8,10],[7,8,9],[8,9,10]]

manifold_lex_d2_n10_o1_g1_#1408=[[1,2,3],[1,2,4],[1,3,5],[1,4,5],[2,3,6],
 [2,4,7],[2,5,6],[2,5,7],[3,5,8],[3,6,7],[3,7,8],[4,5,9],[4,7,10],
 [4,9,10],[5,6,8],[5,7,9],[6,7,9],[6,8,9],[7,8,10],[8,9,10]]

manifold_lex_d2_n10_o1_g1_#1409=[[1,2,3],[1,2,4],[1,3,5],[1,4,5],[2,3,6],
 [2,4,7],[2,5,6],[2,5,7],[3,5,8],[3,6,7],[3,7,8],[4,5,9],[4,7,10],
 [4,9,10],[5,6,8],[5,7,9],[6,7,9],[6,8,10],[6,9,10],[7,8,10]]

manifold_lex_d2_n10_o1_g1_#1410=[[1,2,3],[1,2,4],[1,3,5],[1,4,5],[2,3,6],
 [2,4,7],[2,5,6],[2,5,7],[3,5,8],[3,6,7],[3,7,8],[4,5,9],[4,7,10],
 [4,9,10],[5,6,10],[5,7,9],[5,8,10],[6,7,9],[6,9,10],[7,8,10]]

manifold_lex_d2_n10_o1_g1_#1411=[[1,2,3],[1,2,4],[1,3,5],[1,4,5],[2,3,6],
 [2,4,7],[2,5,6],[2,5,7],[3,5,8],[3,6,7],[3,7,9],[3,8,9],[4,5,9],
 [4,7,9],[5,6,8],[5,7,10],[5,9,10],[6,7,10],[6,8,9],[6,9,10]]

manifold_lex_d2_n10_o1_g1_#1412=[[1,2,3],[1,2,4],[1,3,5],[1,4,5],[2,3,6],
 [2,4,7],[2,5,6],[2,5,7],[3,5,8],[3,6,7],[3,7,9],[3,8,9],[4,5,9],
 [4,7,9],[5,6,8],[5,7,10],[5,9,10],[6,7,10],[6,8,10],[8,9,10]]

manifold_lex_d2_n10_o1_g1_#1413=[[1,2,3],[1,2,4],[1,3,5],[1,4,5],[2,3,6],
 [2,4,7],[2,5,6],[2,5,7],[3,5,8],[3,6,7],[3,7,9],[3,8,9],[4,5,10],
 [4,6,8],[4,6,10],[4,7,9],[4,8,9],[5,6,8],[5,7,10],[6,7,10]]

manifold_lex_d2_n10_o1_g1_#1414=[[1,2,3],[1,2,4],[1,3,5],[1,4,5],[2,3,6],
 [2,4,7],[2,5,6],[2,5,7],[3,5,8],[3,6,7],[3,7,9],[3,8,9],[4,5,10],
 [4,6,9],[4,6,10],[4,7,9],[5,6,8],[5,7,10],[6,7,10],[6,8,9]]

manifold_lex_d2_n10_o1_g1_#1415=[[1,2,3],[1,2,4],[1,3,5],[1,4,5],[2,3,6],
 [2,4,7],[2,5,6],[2,5,7],[3,5,8],[3,6,7],[3,7,9],[3,8,9],[4,5,10],
 [4,7,9],[4,8,9],[4,8,10],[5,6,8],[5,7,10],[6,7,8],[7,8,10]]

manifold_lex_d2_n10_o1_g1_#1416=[[1,2,3],[1,2,4],[1,3,5],[1,4,5],[2,3,6],
 [2,4,7],[2,5,6],[2,5,7],[3,5,8],[3,6,7],[3,7,9],[3,8,9],[4,5,10],
 [4,7,9],[4,8,9],[4,8,10],[5,6,8],[5,7,10],[6,7,10],[6,8,10]]

manifold_lex_d2_n10_o1_g1_#1417=[[1,2,3],[1,2,4],[1,3,5],[1,4,5],[2,3,6],
 [2,4,7],[2,5,6],[2,5,7],[3,5,8],[3,6,7],[3,7,9],[3,8,9],[4,5,10],
 [4,7,9],[4,9,10],[5,6,8],[5,7,10],[6,7,8],[7,8,10],[8,9,10]]

manifold_lex_d2_n10_o1_g1_#1418=[[1,2,3],[1,2,4],[1,3,5],[1,4,5],[2,3,6],
 [2,4,7],[2,5,6],[2,5,7],[3,5,8],[3,6,7],[3,7,9],[3,8,9],[4,5,10],
 [4,7,9],[4,9,10],[5,6,8],[5,7,10],[6,7,10],[6,8,9],[6,9,10]]

manifold_lex_d2_n10_o1_g1_#1419=[[1,2,3],[1,2,4],[1,3,5],[1,4,5],[2,3,6],
 [2,4,7],[2,5,6],[2,5,7],[3,5,8],[3,6,7],[3,7,9],[3,8,9],[4,5,10],
 [4,7,9],[4,9,10],[5,6,8],[5,7,10],[6,7,10],[6,8,10],[8,9,10]]

manifold_lex_d2_n10_o1_g1_#1420=[[1,2,3],[1,2,4],[1,3,5],[1,4,5],[2,3,6],
 [2,4,7],[2,5,6],[2,5,7],[3,5,8],[3,6,7],[3,7,9],[3,8,10],[3,9,10],
 [4,5,9],[4,7,9],[5,6,8],[5,7,10],[5,9,10],[6,7,8],[7,8,10]]

manifold_lex_d2_n10_o1_g1_#1421=[[1,2,3],[1,2,4],[1,3,5],[1,4,5],[2,3,6],
 [2,4,7],[2,5,6],[2,5,7],[3,5,8],[3,6,7],[3,7,9],[3,8,10],[3,9,10],
 [4,5,10],[4,7,9],[4,9,10],[5,6,8],[5,7,10],[6,7,8],[7,8,10]]

manifold_lex_d2_n10_o1_g1_#1422=[[1,2,3],[1,2,4],[1,3,5],[1,4,5],[2,3,6],
 [2,4,7],[2,5,6],[2,5,7],[3,5,8],[3,6,8],[4,5,9],[4,6,8],[4,6,10],
 [4,7,10],[4,8,9],[5,6,10],[5,7,9],[5,8,10],[7,9,10],[8,9,10]]

manifold_lex_d2_n10_o1_g1_#1423=[[1,2,3],[1,2,4],[1,3,5],[1,4,5],[2,3,6],
 [2,4,7],[2,5,6],[2,5,7],[3,5,8],[3,6,8],[4,5,9],[4,6,9],[4,6,10],
 [4,7,8],[4,8,10],[5,6,10],[5,7,9],[5,8,10],[6,8,9],[7,8,9]]

manifold_lex_d2_n10_o1_g1_#1424=[[1,2,3],[1,2,4],[1,3,5],[1,4,5],[2,3,6],
 [2,4,7],[2,5,6],[2,5,7],[3,5,8],[3,6,8],[4,5,9],[4,6,9],[4,6,10],
 [4,7,10],[5,6,10],[5,7,9],[5,8,10],[6,7,8],[6,7,9],[7,8,10]]

manifold_lex_d2_n10_o1_g1_#1425=[[1,2,3],[1,2,4],[1,3,5],[1,4,5],[2,3,6],
 [2,4,7],[2,5,6],[2,5,7],[3,5,8],[3,6,8],[4,5,9],[4,6,9],[4,6,10],
 [4,7,10],[5,6,10],[5,7,9],[5,8,10],[6,8,9],[7,8,9],[7,8,10]]

manifold_lex_d2_n10_o1_g1_#1426=[[1,2,3],[1,2,4],[1,3,5],[1,4,5],[2,3,6],
 [2,4,7],[2,5,6],[2,5,7],[3,5,8],[3,6,8],[4,5,9],[4,6,9],[4,6,10],
 [4,7,10],[5,6,10],[5,7,9],[5,8,10],[6,8,9],[7,9,10],[8,9,10]]

manifold_lex_d2_n10_o1_g1_#1427=[[1,2,3],[1,2,4],[1,3,5],[1,4,5],[2,3,6],
 [2,4,7],[2,5,6],[2,5,7],[3,5,8],[3,6,8],[4,5,9],[4,7,8],[4,8,9],
 [5,6,10],[5,7,9],[5,8,10],[6,7,8],[6,7,10],[7,9,10],[8,9,10]]

manifold_lex_d2_n10_o1_g1_#1428=[[1,2,3],[1,2,4],[1,3,5],[1,4,5],[2,3,6],
 [2,4,7],[2,5,6],[2,5,7],[3,5,8],[3,6,8],[4,5,9],[4,7,8],[4,8,10],
 [4,9,10],[5,6,10],[5,7,9],[5,8,10],[6,7,8],[6,7,9],[6,9,10]]

manifold_lex_d2_n10_o1_g1_#1429=[[1,2,3],[1,2,4],[1,3,5],[1,4,5],[2,3,6],
 [2,4,7],[2,5,6],[2,5,7],[3,5,8],[3,6,8],[4,5,9],[4,7,8],[4,8,10],
 [4,9,10],[5,6,10],[5,7,9],[5,8,10],[6,8,9],[6,9,10],[7,8,9]]

manifold_lex_d2_n10_o1_g1_#1430=[[1,2,3],[1,2,4],[1,3,5],[1,4,5],[2,3,6],
 [2,4,7],[2,5,6],[2,5,7],[3,5,8],[3,6,8],[4,5,9],[4,7,10],[4,9,10],
 [5,6,10],[5,7,9],[5,8,10],[6,7,8],[6,7,9],[6,9,10],[7,8,10]]

manifold_lex_d2_n10_o1_g1_#1431=[[1,2,3],[1,2,4],[1,3,5],[1,4,5],[2,3,6],
 [2,4,7],[2,5,6],[2,5,7],[3,5,8],[3,6,8],[4,5,9],[4,7,10],[4,9,10],
 [5,6,10],[5,7,9],[5,8,10],[6,8,9],[6,9,10],[7,8,9],[7,8,10]]

manifold_lex_d2_n10_o1_g1_#1432=[[1,2,3],[1,2,4],[1,3,5],[1,4,5],[2,3,6],
 [2,4,7],[2,5,6],[2,5,7],[3,5,8],[3,6,9],[3,7,8],[3,7,9],[4,5,9],
 [4,6,9],[4,6,10],[4,7,8],[4,8,10],[5,6,10],[5,7,9],[5,8,10]]

manifold_lex_d2_n10_o1_g1_#1433=[[1,2,3],[1,2,4],[1,3,5],[1,4,5],[2,3,6],
 [2,4,7],[2,5,6],[2,5,7],[3,5,8],[3,6,9],[3,7,8],[3,7,9],[4,5,9],
 [4,6,9],[4,6,10],[4,7,10],[5,6,8],[5,7,9],[6,8,10],[7,8,10]]

manifold_lex_d2_n10_o1_g1_#1434=[[1,2,3],[1,2,4],[1,3,5],[1,4,5],[2,3,6],
 [2,4,7],[2,5,6],[2,5,7],[3,5,8],[3,6,9],[3,7,8],[3,7,9],[4,5,9],
 [4,6,9],[4,6,10],[4,7,10],[5,6,10],[5,7,9],[5,8,10],[7,8,10]]

manifold_lex_d2_n10_o1_g1_#1435=[[1,2,3],[1,2,4],[1,3,5],[1,4,5],[2,3,6],
 [2,4,7],[2,5,6],[2,5,7],[3,5,8],[3,6,9],[3,7,8],[3,7,9],[4,5,9],
 [4,7,8],[4,8,9],[5,6,10],[5,7,9],[5,8,10],[6,9,10],[8,9,10]]

manifold_lex_d2_n10_o1_g1_#1436=[[1,2,3],[1,2,4],[1,3,5],[1,4,5],[2,3,6],
 [2,4,7],[2,5,6],[2,5,7],[3,5,8],[3,6,9],[3,7,8],[3,7,9],[4,5,9],
 [4,7,8],[4,8,10],[4,9,10],[5,6,8],[5,7,9],[6,8,10],[6,9,10]]

manifold_lex_d2_n10_o1_g1_#1437=[[1,2,3],[1,2,4],[1,3,5],[1,4,5],[2,3,6],
 [2,4,7],[2,5,6],[2,5,7],[3,5,8],[3,6,9],[3,7,8],[3,7,9],[4,5,9],
 [4,7,8],[4,8,10],[4,9,10],[5,6,10],[5,7,9],[5,8,10],[6,9,10]]

manifold_lex_d2_n10_o1_g1_#1438=[[1,2,3],[1,2,4],[1,3,5],[1,4,5],[2,3,6],
 [2,4,7],[2,5,6],[2,5,7],[3,5,8],[3,6,9],[3,7,8],[3,7,9],[4,5,9],
 [4,7,10],[4,9,10],[5,6,8],[5,7,9],[6,7,8],[6,7,10],[6,9,10]]

manifold_lex_d2_n10_o1_g1_#1439=[[1,2,3],[1,2,4],[1,3,5],[1,4,5],[2,3,6],
 [2,4,7],[2,5,6],[2,5,7],[3,5,8],[3,6,9],[3,7,8],[3,7,9],[4,5,9],
 [4,7,10],[4,9,10],[5,6,8],[5,7,9],[6,8,9],[7,8,10],[8,9,10]]

manifold_lex_d2_n10_o1_g1_#1440=[[1,2,3],[1,2,4],[1,3,5],[1,4,5],[2,3,6],
 [2,4,7],[2,5,6],[2,5,7],[3,5,8],[3,6,9],[3,7,8],[3,7,9],[4,5,9],
 [4,7,10],[4,9,10],[5,6,8],[5,7,9],[6,8,10],[6,9,10],[7,8,10]]

manifold_lex_d2_n10_o1_g1_#1441=[[1,2,3],[1,2,4],[1,3,5],[1,4,5],[2,3,6],
 [2,4,7],[2,5,6],[2,5,7],[3,5,8],[3,6,9],[3,7,8],[3,7,9],[4,5,9],
 [4,7,10],[4,9,10],[5,6,10],[5,7,9],[5,8,10],[6,9,10],[7,8,10]]

manifold_lex_d2_n10_o1_g1_#1442=[[1,2,3],[1,2,4],[1,3,5],[1,4,5],[2,3,6],
 [2,4,7],[2,5,6],[2,5,7],[3,5,8],[3,6,9],[3,7,8],[3,7,9],[4,5,10],
 [4,6,8],[4,6,9],[4,7,8],[4,9,10],[5,6,8],[5,7,10],[7,9,10]]

manifold_lex_d2_n10_o1_g1_#1443=[[1,2,3],[1,2,4],[1,3,5],[1,4,5],[2,3,6],
 [2,4,7],[2,5,6],[2,5,7],[3,5,8],[3,6,9],[3,7,8],[3,7,9],[4,5,10],
 [4,7,8],[4,8,9],[4,9,10],[5,6,8],[5,7,10],[6,8,9],[7,9,10]]

manifold_lex_d2_n10_o1_g1_#1444=[[1,2,3],[1,2,4],[1,3,5],[1,4,5],[2,3,6],
 [2,4,7],[2,5,6],[2,5,7],[3,5,8],[3,6,9],[3,7,8],[3,7,9],[4,5,10],
 [4,7,8],[4,8,9],[4,9,10],[5,6,9],[5,7,10],[5,8,9],[7,9,10]]

manifold_lex_d2_n10_o1_g1_#1445=[[1,2,3],[1,2,4],[1,3,5],[1,4,5],[2,3,6],
 [2,4,7],[2,5,6],[2,5,7],[3,5,8],[3,6,9],[3,7,8],[3,7,9],[4,5,10],
 [4,7,8],[4,8,10],[5,6,8],[5,7,9],[5,9,10],[6,8,9],[8,9,10]]

manifold_lex_d2_n10_o1_g1_#1446=[[1,2,3],[1,2,4],[1,3,5],[1,4,5],[2,3,6],
 [2,4,7],[2,5,6],[2,5,7],[3,5,8],[3,6,9],[3,7,8],[3,7,9],[4,5,10],
 [4,7,8],[4,8,10],[5,6,8],[5,7,9],[5,9,10],[6,8,10],[6,9,10]]

manifold_lex_d2_n10_o1_g1_#1447=[[1,2,3],[1,2,4],[1,3,5],[1,4,5],[2,3,6],
 [2,4,7],[2,5,6],[2,5,7],[3,5,8],[3,6,9],[3,7,8],[3,7,9],[4,5,10],
 [4,7,8],[4,8,10],[5,6,8],[5,7,10],[6,8,9],[7,9,10],[8,9,10]]

manifold_lex_d2_n10_o1_g1_#1448=[[1,2,3],[1,2,4],[1,3,5],[1,4,5],[2,3,6],
 [2,4,7],[2,5,6],[2,5,7],[3,5,8],[3,6,9],[3,7,8],[3,7,9],[4,5,10],
 [4,7,8],[4,8,10],[5,6,8],[5,7,10],[6,8,10],[6,9,10],[7,9,10]]

manifold_lex_d2_n10_o1_g1_#1449=[[1,2,3],[1,2,4],[1,3,5],[1,4,5],[2,3,6],
 [2,4,7],[2,5,6],[2,5,7],[3,5,8],[3,6,9],[3,7,8],[3,7,9],[4,5,10],
 [4,7,8],[4,8,10],[5,6,9],[5,7,10],[5,8,9],[7,9,10],[8,9,10]]

manifold_lex_d2_n10_o1_g1_#1450=[[1,2,3],[1,2,4],[1,3,5],[1,4,5],[2,3,6],
 [2,4,7],[2,5,6],[2,5,7],[3,5,8],[3,6,9],[3,7,8],[3,7,10],[3,9,10],
 [4,5,9],[4,7,8],[4,8,9],[5,6,8],[5,7,10],[5,9,10],[6,8,9]]

manifold_lex_d2_n10_o1_g1_#1451=[[1,2,3],[1,2,4],[1,3,5],[1,4,5],[2,3,6],
 [2,4,7],[2,5,6],[2,5,7],[3,5,8],[3,6,9],[3,7,8],[3,7,10],[3,9,10],
 [4,5,10],[4,6,8],[4,6,9],[4,7,8],[4,9,10],[5,6,8],[5,7,10]]

manifold_lex_d2_n10_o1_g1_#1452=[[1,2,3],[1,2,4],[1,3,5],[1,4,5],[2,3,6],
 [2,4,7],[2,5,6],[2,5,7],[3,5,8],[3,6,9],[3,7,8],[3,7,10],[3,9,10],
 [4,5,10],[4,7,8],[4,8,9],[4,9,10],[5,6,8],[5,7,10],[6,8,9]]

manifold_lex_d2_n10_o1_g1_#1453=[[1,2,3],[1,2,4],[1,3,5],[1,4,5],[2,3,6],
 [2,4,7],[2,5,6],[2,5,7],[3,5,8],[3,6,9],[3,7,8],[3,7,10],[3,9,10],
 [4,5,10],[4,7,8],[4,8,9],[4,9,10],[5,6,9],[5,7,10],[5,8,9]]

manifold_lex_d2_n10_o1_g1_#1454=[[1,2,3],[1,2,4],[1,3,5],[1,4,5],[2,3,6],
 [2,4,7],[2,5,6],[2,5,7],[3,5,8],[3,6,9],[3,7,8],[3,7,10],[3,9,10],
 [4,5,10],[4,7,8],[4,8,10],[5,6,8],[5,7,10],[6,8,9],[8,9,10]]

manifold_lex_d2_n10_o1_g1_#1455=[[1,2,3],[1,2,4],[1,3,5],[1,4,5],[2,3,6],
 [2,4,7],[2,5,6],[2,5,7],[3,5,8],[3,6,9],[3,7,8],[3,7,10],[3,9,10],
 [4,5,10],[4,7,8],[4,8,10],[5,6,9],[5,7,10],[5,8,9],[8,9,10]]

manifold_lex_d2_n10_o1_g1_#1456=[[1,2,3],[1,2,4],[1,3,5],[1,4,5],[2,3,6],
 [2,4,7],[2,5,6],[2,5,7],[3,5,8],[3,6,9],[3,7,8],[3,7,10],[3,9,10],
 [4,5,10],[4,7,9],[4,9,10],[5,6,8],[5,7,10],[6,8,9],[7,8,9]]

manifold_lex_d2_n10_o1_g1_#1457=[[1,2,3],[1,2,4],[1,3,5],[1,4,5],[2,3,6],
 [2,4,7],[2,5,6],[2,5,7],[3,5,8],[3,6,9],[3,7,8],[3,7,10],[3,9,10],
 [4,5,10],[4,7,9],[4,9,10],[5,6,9],[5,7,10],[5,8,9],[7,8,9]]

manifold_lex_d2_n10_o1_g1_#1458=[[1,2,3],[1,2,4],[1,3,5],[1,4,5],[2,3,6],
 [2,4,7],[2,5,6],[2,5,7],[3,5,8],[3,6,9],[3,7,9],[3,7,10],[3,8,10],
 [4,5,9],[4,7,10],[4,8,9],[4,8,10],[5,6,8],[5,7,9],[6,8,9]]

manifold_lex_d2_n10_o1_g1_#1459=[[1,2,3],[1,2,4],[1,3,5],[1,4,5],[2,3,6],
 [2,4,7],[2,5,6],[2,5,7],[3,5,8],[3,6,9],[3,7,9],[3,7,10],[3,8,10],
 [4,5,9],[4,7,10],[4,9,10],[5,6,8],[5,7,9],[6,8,9],[8,9,10]]

manifold_lex_d2_n10_o1_g1_#1460=[[1,2,3],[1,2,4],[1,3,5],[1,4,5],[2,3,6],
 [2,4,7],[2,5,6],[2,5,7],[3,5,8],[3,6,9],[3,7,9],[3,7,10],[3,8,10],
 [4,5,9],[4,7,10],[4,9,10],[5,6,8],[5,7,9],[6,8,10],[6,9,10]]

manifold_lex_d2_n10_o1_g1_#1461=[[1,2,3],[1,2,4],[1,3,5],[1,4,5],[2,3,6],
 [2,4,7],[2,5,6],[2,5,7],[3,5,8],[3,6,9],[3,8,9],[4,5,9],[4,7,8],
 [4,8,10],[4,9,10],[5,6,8],[5,7,9],[6,8,10],[6,9,10],[7,8,9]]

manifold_lex_d2_n10_o1_g1_#1462=[[1,2,3],[1,2,4],[1,3,5],[1,4,5],[2,3,6],
 [2,4,7],[2,5,6],[2,5,7],[3,5,8],[3,6,9],[3,8,9],[4,5,9],[4,7,8],
 [4,8,10],[4,9,10],[5,6,10],[5,7,9],[5,8,10],[6,9,10],[7,8,9]]

manifold_lex_d2_n10_o1_g1_#1463=[[1,2,3],[1,2,4],[1,3,5],[1,4,5],[2,3,6],
 [2,4,7],[2,5,6],[2,5,7],[3,5,8],[3,6,9],[3,8,9],[4,5,9],[4,7,10],
 [4,9,10],[5,6,8],[5,7,9],[6,7,8],[6,7,10],[6,9,10],[7,8,9]]

manifold_lex_d2_n10_o1_g1_#1464=[[1,2,3],[1,2,4],[1,3,5],[1,4,5],[2,3,6],
 [2,4,7],[2,5,6],[2,5,7],[3,5,8],[3,6,9],[3,8,9],[4,5,9],[4,7,10],
 [4,9,10],[5,6,8],[5,7,9],[6,8,10],[6,9,10],[7,8,9],[7,8,10]]

manifold_lex_d2_n10_o1_g1_#1465=[[1,2,3],[1,2,4],[1,3,5],[1,4,5],[2,3,6],
 [2,4,7],[2,5,6],[2,5,7],[3,5,8],[3,6,9],[3,8,9],[4,5,9],[4,7,10],
 [4,9,10],[5,6,10],[5,7,9],[5,8,10],[6,9,10],[7,8,9],[7,8,10]]

manifold_lex_d2_n10_o1_g1_#1466=[[1,2,3],[1,2,4],[1,3,5],[1,4,5],[2,3,6],
 [2,4,7],[2,5,6],[2,5,7],[3,5,8],[3,6,9],[3,8,9],[4,5,10],[4,7,9],
 [4,8,9],[4,8,10],[5,6,8],[5,7,9],[5,9,10],[6,8,10],[6,9,10]]

manifold_lex_d2_n10_o1_g1_#1467=[[1,2,3],[1,2,4],[1,3,5],[1,4,5],[2,3,6],
 [2,4,7],[2,5,6],[2,5,7],[3,5,8],[3,6,9],[3,8,9],[4,5,10],[4,7,9],
 [4,8,9],[4,8,10],[5,6,8],[5,7,10],[6,7,8],[6,7,9],[7,8,10]]

manifold_lex_d2_n10_o1_g1_#1468=[[1,2,3],[1,2,4],[1,3,5],[1,4,5],[2,3,6],
 [2,4,7],[2,5,6],[2,5,7],[3,5,8],[3,6,9],[3,8,9],[4,5,10],[4,7,9],
 [4,8,9],[4,8,10],[5,6,8],[5,7,10],[6,7,9],[6,7,10],[6,8,10]]

manifold_lex_d2_n10_o1_g1_#1469=[[1,2,3],[1,2,4],[1,3,5],[1,4,5],[2,3,6],
 [2,4,7],[2,5,6],[2,5,7],[3,5,8],[3,6,9],[3,8,9],[4,5,10],[4,7,9],
 [4,8,9],[4,8,10],[5,6,8],[5,7,10],[6,8,10],[6,9,10],[7,9,10]]

manifold_lex_d2_n10_o1_g1_#1470=[[1,2,3],[1,2,4],[1,3,5],[1,4,5],[2,3,6],
 [2,4,7],[2,5,6],[2,5,7],[3,5,8],[3,6,9],[3,8,9],[4,5,10],[4,7,9],
 [4,9,10],[5,6,8],[5,7,10],[6,7,8],[6,7,9],[7,8,10],[8,9,10]]

manifold_lex_d2_n10_o1_g1_#1471=[[1,2,3],[1,2,4],[1,3,5],[1,4,5],[2,3,6],
 [2,4,7],[2,5,6],[2,5,7],[3,5,8],[3,6,9],[3,8,10],[3,9,10],[4,5,9],
 [4,7,10],[4,8,9],[4,8,10],[5,6,8],[5,7,9],[6,8,9],[7,9,10]]

manifold_lex_d2_n10_o1_g1_#1472=[[1,2,3],[1,2,4],[1,3,5],[1,4,5],[2,3,6],
 [2,4,7],[2,5,6],[2,5,7],[3,5,8],[3,6,9],[3,8,10],[3,9,10],[4,5,9],
 [4,7,10],[4,8,9],[4,8,10],[5,6,8],[5,7,10],[5,9,10],[6,8,9]]

manifold_lex_d2_n10_o1_g1_#1473=[[1,2,3],[1,2,4],[1,3,5],[1,4,5],[2,3,6],
 [2,4,7],[2,5,6],[2,5,8],[2,7,8],[3,4,6],[3,4,8],[3,5,9],[3,7,8],
 [3,7,9],[4,5,8],[4,6,10],[4,7,9],[4,9,10],[5,6,10],[5,9,10]]

manifold_lex_d2_n10_o1_g1_#1474=[[1,2,3],[1,2,4],[1,3,5],[1,4,5],[2,3,6],
 [2,4,7],[2,5,6],[2,5,8],[2,7,8],[3,4,6],[3,4,8],[3,5,9],[3,7,8],
 [3,7,9],[4,5,8],[4,6,10],[4,7,10],[5,6,9],[6,9,10],[7,9,10]]

manifold_lex_d2_n10_o1_g1_#1475=[[1,2,3],[1,2,4],[1,3,5],[1,4,5],[2,3,6],
 [2,4,7],[2,5,6],[2,5,8],[2,7,8],[3,4,6],[3,4,8],[3,5,9],[3,7,8],
 [3,7,9],[4,5,8],[4,6,10],[4,7,10],[5,6,10],[5,9,10],[7,9,10]]

manifold_lex_d2_n10_o1_g1_#1476=[[1,2,3],[1,2,4],[1,3,5],[1,4,5],[2,3,6],
 [2,4,7],[2,5,6],[2,5,8],[2,7,8],[3,4,6],[3,4,8],[3,5,9],[3,7,8],
 [3,7,10],[3,9,10],[4,5,8],[4,6,9],[4,7,10],[4,9,10],[5,6,9]]

manifold_lex_d2_n10_o1_g1_#1477=[[1,2,3],[1,2,4],[1,3,5],[1,4,5],[2,3,6],
 [2,4,7],[2,5,6],[2,5,8],[2,7,8],[3,4,6],[3,4,8],[3,5,9],[3,8,9],
 [4,5,8],[4,6,7],[5,6,9],[6,7,10],[6,9,10],[7,8,10],[8,9,10]]

manifold_lex_d2_n10_o1_g1_#1478=[[1,2,3],[1,2,4],[1,3,5],[1,4,5],[2,3,6],
 [2,4,7],[2,5,6],[2,5,8],[2,7,8],[3,4,6],[3,4,8],[3,5,9],[3,8,9],
 [4,5,8],[4,6,7],[5,6,10],[5,9,10],[6,7,10],[7,8,9],[7,9,10]]

manifold_lex_d2_n10_o1_g1_#1479=[[1,2,3],[1,2,4],[1,3,5],[1,4,5],[2,3,6],
 [2,4,7],[2,5,6],[2,5,8],[2,7,8],[3,4,6],[3,4,8],[3,5,9],[3,8,9],
 [4,5,8],[4,6,7],[5,6,10],[5,9,10],[6,7,10],[7,8,10],[8,9,10]]

manifold_lex_d2_n10_o1_g1_#1480=[[1,2,3],[1,2,4],[1,3,5],[1,4,5],[2,3,6],
 [2,4,7],[2,5,6],[2,5,8],[2,7,8],[3,4,6],[3,4,8],[3,5,9],[3,8,9],
 [4,5,8],[4,6,10],[4,7,10],[5,6,10],[5,9,10],[7,8,9],[7,9,10]]

manifold_lex_d2_n10_o1_g1_#1481=[[1,2,3],[1,2,4],[1,3,5],[1,4,5],[2,3,6],
 [2,4,7],[2,5,6],[2,5,8],[2,7,8],[3,4,6],[3,4,8],[3,5,9],[3,8,9],
 [4,5,8],[4,6,10],[4,7,10],[5,6,10],[5,9,10],[7,8,10],[8,9,10]]

manifold_lex_d2_n10_o1_g1_#1482=[[1,2,3],[1,2,4],[1,3,5],[1,4,5],[2,3,6],
 [2,4,7],[2,5,6],[2,5,8],[2,7,8],[3,4,6],[3,4,9],[3,5,7],[3,7,8],
 [3,8,9],[4,5,9],[4,6,10],[4,7,10],[5,6,10],[5,7,10],[5,8,9]]

manifold_lex_d2_n10_o1_g1_#1483=[[1,2,3],[1,2,4],[1,3,5],[1,4,5],[2,3,6],
 [2,4,7],[2,5,6],[2,5,8],[2,7,8],[3,4,6],[3,4,9],[3,5,7],[3,7,9],
 [4,5,8],[4,6,10],[4,7,10],[4,8,9],[5,6,10],[5,7,10],[7,8,9]]

manifold_lex_d2_n10_o1_g1_#1484=[[1,2,3],[1,2,4],[1,3,5],[1,4,5],[2,3,6],
 [2,4,7],[2,5,6],[2,5,8],[2,7,8],[3,4,6],[3,4,9],[3,5,7],[3,7,9],
 [4,5,10],[4,6,7],[4,9,10],[5,6,7],[5,8,10],[7,8,9],[8,9,10]]

manifold_lex_d2_n10_o1_g1_#1485=[[1,2,3],[1,2,4],[1,3,5],[1,4,5],[2,3,6],
 [2,4,7],[2,5,6],[2,5,8],[2,7,8],[3,4,6],[3,4,9],[3,5,7],[3,7,9],
 [4,5,10],[4,6,7],[4,9,10],[5,6,7],[5,8,10],[7,8,10],[7,9,10]]

manifold_lex_d2_n10_o1_g1_#1486=[[1,2,3],[1,2,4],[1,3,5],[1,4,5],[2,3,6],
 [2,4,7],[2,5,6],[2,5,8],[2,7,8],[3,4,6],[3,4,9],[3,5,7],[3,7,10],
 [3,9,10],[4,5,9],[4,6,7],[5,6,7],[5,8,9],[7,8,10],[8,9,10]]

manifold_lex_d2_n10_o1_g1_#1487=[[1,2,3],[1,2,4],[1,3,5],[1,4,5],[2,3,6],
 [2,4,7],[2,5,6],[2,5,8],[2,7,8],[3,4,6],[3,4,9],[3,5,7],[3,7,10],
 [3,9,10],[4,5,9],[4,6,7],[5,6,7],[5,8,10],[5,9,10],[7,8,10]]

manifold_lex_d2_n10_o1_g1_#1488=[[1,2,3],[1,2,4],[1,3,5],[1,4,5],[2,3,6],
 [2,4,7],[2,5,6],[2,5,8],[2,7,8],[3,4,6],[3,4,9],[3,5,10],[3,7,8],
 [3,7,10],[3,8,9],[4,5,9],[4,6,10],[4,7,10],[5,6,10],[5,8,9]]

manifold_lex_d2_n10_o1_g1_#1489=[[1,2,3],[1,2,4],[1,3,5],[1,4,5],[2,3,6],
 [2,4,7],[2,5,6],[2,5,8],[2,7,8],[3,4,6],[3,4,9],[3,5,10],[3,7,9],
 [3,7,10],[4,5,9],[4,6,10],[4,7,10],[5,6,10],[5,8,9],[7,8,9]]

manifold_lex_d2_n10_o1_g1_#1490=[[1,2,3],[1,2,4],[1,3,5],[1,4,5],[2,3,6],
 [2,4,7],[2,5,6],[2,5,8],[2,7,8],[3,4,6],[3,4,9],[3,5,10],[3,8,9],
 [3,8,10],[4,5,9],[4,6,7],[5,6,10],[5,8,9],[6,7,8],[6,8,10]]

manifold_lex_d2_n10_o1_g1_#1491=[[1,2,3],[1,2,4],[1,3,5],[1,4,5],[2,3,6],
 [2,4,7],[2,5,6],[2,5,8],[2,7,8],[3,4,6],[3,4,9],[3,5,10],[3,8,9],
 [3,8,10],[4,5,9],[4,6,7],[5,6,10],[5,8,9],[6,7,10],[7,8,10]]

manifold_lex_d2_n10_o1_g1_#1492=[[1,2,3],[1,2,4],[1,3,5],[1,4,5],[2,3,6],
 [2,4,7],[2,5,6],[2,5,8],[2,7,8],[3,4,6],[3,4,9],[3,5,10],[3,8,9],
 [3,8,10],[4,5,9],[4,6,10],[4,7,10],[5,6,10],[5,8,9],[7,8,10]]

manifold_lex_d2_n10_o1_g1_#1493=[[1,2,3],[1,2,4],[1,3,5],[1,4,5],[2,3,6],
 [2,4,7],[2,5,6],[2,5,8],[2,7,8],[3,4,6],[3,4,9],[3,5,10],[3,9,10],
 [4,5,8],[4,6,7],[4,8,9],[5,6,7],[5,7,10],[7,8,9],[7,9,10]]

manifold_lex_d2_n10_o1_g1_#1494=[[1,2,3],[1,2,4],[1,3,5],[1,4,5],[2,3,6],
 [2,4,7],[2,5,6],[2,5,8],[2,7,8],[3,4,6],[3,4,9],[3,5,10],[3,9,10],
 [4,5,8],[4,6,7],[4,8,9],[5,6,7],[5,7,10],[7,8,10],[8,9,10]]

manifold_lex_d2_n10_o1_g1_#1495=[[1,2,3],[1,2,4],[1,3,5],[1,4,5],[2,3,6],
 [2,4,7],[2,5,6],[2,5,8],[2,7,8],[3,4,6],[3,4,9],[3,5,10],[3,9,10],
 [4,5,8],[4,6,7],[4,8,9],[5,6,10],[6,7,8],[6,8,10],[8,9,10]]

manifold_lex_d2_n10_o1_g1_#1496=[[1,2,3],[1,2,4],[1,3,5],[1,4,5],[2,3,6],
 [2,4,7],[2,5,6],[2,5,8],[2,7,8],[3,4,6],[3,4,9],[3,5,10],[3,9,10],
 [4,5,8],[4,6,7],[4,8,9],[5,6,10],[6,7,9],[6,9,10],[7,8,9]]

manifold_lex_d2_n10_o1_g1_#1497=[[1,2,3],[1,2,4],[1,3,5],[1,4,5],[2,3,6],
 [2,4,7],[2,5,6],[2,5,8],[2,7,8],[3,4,6],[3,4,9],[3,5,10],[3,9,10],
 [4,5,8],[4,6,7],[4,8,9],[5,6,10],[6,7,10],[7,8,9],[7,9,10]]

manifold_lex_d2_n10_o1_g1_#1498=[[1,2,3],[1,2,4],[1,3,5],[1,4,5],[2,3,6],
 [2,4,7],[2,5,6],[2,5,8],[2,7,8],[3,4,6],[3,4,9],[3,5,10],[3,9,10],
 [4,5,8],[4,6,7],[4,8,9],[5,6,10],[6,7,10],[7,8,10],[8,9,10]]

manifold_lex_d2_n10_o1_g1_#1499=[[1,2,3],[1,2,4],[1,3,5],[1,4,5],[2,3,6],
 [2,4,7],[2,5,6],[2,5,8],[2,7,8],[3,4,6],[3,4,9],[3,5,10],[3,9,10],
 [4,5,8],[4,6,10],[4,7,10],[4,8,9],[5,6,10],[7,8,9],[7,9,10]]

manifold_lex_d2_n10_o1_g1_#1500=[[1,2,3],[1,2,4],[1,3,5],[1,4,5],[2,3,6],
 [2,4,7],[2,5,6],[2,5,8],[2,7,8],[3,4,7],[3,4,9],[3,5,9],[3,6,7],
 [4,5,8],[4,8,9],[5,6,9],[6,7,10],[6,9,10],[7,8,10],[8,9,10]]

manifold_lex_d2_n10_o1_g1_#1501=[[1,2,3],[1,2,4],[1,3,5],[1,4,5],[2,3,6],
 [2,4,7],[2,5,6],[2,5,8],[2,7,8],[3,4,7],[3,4,9],[3,5,9],[3,6,7],
 [4,5,8],[4,8,9],[5,6,10],[5,9,10],[6,7,8],[6,8,10],[8,9,10]]

manifold_lex_d2_n10_o1_g1_#1502=[[1,2,3],[1,2,4],[1,3,5],[1,4,5],[2,3,6],
 [2,4,7],[2,5,6],[2,5,8],[2,7,8],[3,4,7],[3,4,9],[3,5,9],[3,6,7],
 [4,5,8],[4,8,9],[5,6,10],[5,9,10],[6,7,10],[7,8,9],[7,9,10]]

manifold_lex_d2_n10_o1_g1_#1503=[[1,2,3],[1,2,4],[1,3,5],[1,4,5],[2,3,6],
 [2,4,7],[2,5,6],[2,5,8],[2,7,8],[3,4,7],[3,4,9],[3,5,9],[3,6,7],
 [4,5,8],[4,8,9],[5,6,10],[5,9,10],[6,7,10],[7,8,10],[8,9,10]]

manifold_lex_d2_n10_o1_g1_#1504=[[1,2,3],[1,2,4],[1,3,5],[1,4,5],[2,3,6],
 [2,4,7],[2,5,6],[2,5,8],[2,7,8],[3,4,7],[3,4,9],[3,5,9],[3,6,7],
 [4,5,8],[4,8,10],[4,9,10],[5,6,7],[5,7,9],[7,8,10],[7,9,10]]

manifold_lex_d2_n10_o1_g1_#1505=[[1,2,3],[1,2,4],[1,3,5],[1,4,5],[2,3,6],
 [2,4,7],[2,5,6],[2,5,8],[2,7,8],[3,4,7],[3,4,9],[3,5,9],[3,6,7],
 [4,5,8],[4,8,10],[4,9,10],[5,6,7],[5,7,10],[5,9,10],[7,8,10]]

manifold_lex_d2_n10_o1_g1_#1506=[[1,2,3],[1,2,4],[1,3,5],[1,4,5],[2,3,6],
 [2,4,7],[2,5,6],[2,5,8],[2,7,8],[3,4,7],[3,4,9],[3,5,9],[3,6,7],
 [4,5,8],[4,8,10],[4,9,10],[5,6,10],[5,9,10],[6,7,8],[6,8,10]]

manifold_lex_d2_n10_o1_g1_#1507=[[1,2,3],[1,2,4],[1,3,5],[1,4,5],[2,3,6],
 [2,4,7],[2,5,6],[2,5,8],[2,7,8],[3,4,7],[3,4,9],[3,5,9],[3,6,7],
 [4,5,8],[4,8,10],[4,9,10],[5,6,10],[5,9,10],[6,7,10],[7,8,10]]

manifold_lex_d2_n10_o1_g1_#1508=[[1,2,3],[1,2,4],[1,3,5],[1,4,5],[2,3,6],
 [2,4,7],[2,5,6],[2,5,8],[2,7,8],[3,4,7],[3,4,9],[3,5,9],[3,6,7],
 [4,5,10],[4,6,9],[4,6,10],[5,6,9],[5,8,10],[6,7,8],[6,8,10]]

manifold_lex_d2_n10_o1_g1_#1509=[[1,2,3],[1,2,4],[1,3,5],[1,4,5],[2,3,6],
 [2,4,7],[2,5,6],[2,5,8],[2,7,8],[3,4,7],[3,4,9],[3,5,9],[3,6,7],
 [4,5,10],[4,6,9],[4,6,10],[5,6,9],[5,8,10],[6,7,10],[7,8,10]]

manifold_lex_d2_n10_o1_g1_#1510=[[1,2,3],[1,2,4],[1,3,5],[1,4,5],[2,3,6],
 [2,4,7],[2,5,6],[2,5,8],[2,7,8],[3,4,7],[3,4,9],[3,5,9],[3,6,7],
 [4,5,10],[4,9,10],[5,6,9],[5,8,10],[6,7,8],[6,8,10],[6,9,10]]

manifold_lex_d2_n10_o1_g1_#1511=[[1,2,3],[1,2,4],[1,3,5],[1,4,5],[2,3,6],
 [2,4,7],[2,5,6],[2,5,8],[2,7,8],[3,4,7],[3,4,9],[3,5,9],[3,6,7],
 [4,5,10],[4,9,10],[5,6,9],[5,8,10],[6,7,9],[7,8,9],[8,9,10]]

manifold_lex_d2_n10_o1_g1_#1512=[[1,2,3],[1,2,4],[1,3,5],[1,4,5],[2,3,6],
 [2,4,7],[2,5,6],[2,5,8],[2,7,8],[3,4,7],[3,4,9],[3,5,9],[3,6,7],
 [4,5,10],[4,9,10],[5,6,9],[5,8,10],[6,7,9],[7,8,10],[7,9,10]]

manifold_lex_d2_n10_o1_g1_#1513=[[1,2,3],[1,2,4],[1,3,5],[1,4,5],[2,3,6],
 [2,4,7],[2,5,6],[2,5,8],[2,7,8],[3,4,7],[3,4,9],[3,5,9],[3,6,7],
 [4,5,10],[4,9,10],[5,6,9],[5,8,10],[6,7,10],[6,9,10],[7,8,10]]

manifold_lex_d2_n10_o1_g1_#1514=[[1,2,3],[1,2,4],[1,3,5],[1,4,5],[2,3,6],
 [2,4,7],[2,5,6],[2,5,8],[2,7,8],[3,4,7],[3,4,9],[3,5,9],[3,6,8],
 [3,7,8],[4,5,10],[4,6,9],[4,6,10],[5,6,9],[5,8,10],[6,8,10]]

manifold_lex_d2_n10_o1_g1_#1515=[[1,2,3],[1,2,4],[1,3,5],[1,4,5],[2,3,6],
 [2,4,7],[2,5,6],[2,5,8],[2,7,8],[3,4,7],[3,4,9],[3,5,9],[3,6,8],
 [3,7,8],[4,5,10],[4,9,10],[5,6,9],[5,8,10],[6,8,10],[6,9,10]]

manifold_lex_d2_n10_o1_g1_#1516=[[1,2,3],[1,2,4],[1,3,5],[1,4,5],[2,3,6],
 [2,4,7],[2,5,6],[2,5,8],[2,7,8],[3,4,7],[3,4,9],[3,5,9],[3,6,10],
 [3,7,8],[3,8,10],[4,5,10],[4,9,10],[5,6,9],[5,8,10],[6,9,10]]

manifold_lex_d2_n10_o1_g1_#1517=[[1,2,3],[1,2,4],[1,3,5],[1,4,5],[2,3,6],
 [2,4,7],[2,5,6],[2,5,8],[2,7,8],[3,4,7],[3,4,9],[3,5,9],[3,6,10],
 [3,7,10],[4,5,8],[4,8,10],[4,9,10],[5,6,9],[6,9,10],[7,8,10]]

manifold_lex_d2_n10_o1_g1_#1518=[[1,2,3],[1,2,4],[1,3,5],[1,4,5],[2,3,6],
 [2,4,7],[2,5,6],[2,5,8],[2,7,8],[3,4,7],[3,4,9],[3,5,9],[3,6,10],
 [3,7,10],[4,5,8],[4,8,10],[4,9,10],[5,6,10],[5,9,10],[7,8,10]]

manifold_lex_d2_n10_o1_g1_#1519=[[1,2,3],[1,2,4],[1,3,5],[1,4,5],[2,3,6],
 [2,4,7],[2,5,6],[2,5,8],[2,7,8],[3,4,7],[3,4,9],[3,5,9],[3,6,10],
 [3,7,10],[4,5,10],[4,9,10],[5,6,9],[5,8,10],[6,9,10],[7,8,10]]

manifold_lex_d2_n10_o1_g1_#1520=[[1,2,3],[1,2,4],[1,3,5],[1,4,5],[2,3,6],
 [2,4,7],[2,5,6],[2,5,8],[2,7,8],[3,4,8],[3,4,9],[3,5,7],[3,6,9],
 [3,7,8],[4,5,8],[4,7,10],[4,9,10],[5,6,9],[5,7,10],[5,9,10]]

manifold_lex_d2_n10_o1_g1_#1521=[[1,2,3],[1,2,4],[1,3,5],[1,4,5],[2,3,6],
 [2,4,7],[2,5,6],[2,5,8],[2,7,8],[3,4,8],[3,4,9],[3,5,7],[3,6,9],
 [3,7,8],[4,5,8],[4,7,10],[4,9,10],[5,6,10],[5,7,10],[6,9,10]]

manifold_lex_d2_n10_o1_g1_#1522=[[1,2,3],[1,2,4],[1,3,5],[1,4,5],[2,3,6],
 [2,4,7],[2,5,6],[2,5,8],[2,7,8],[3,4,8],[3,4,9],[3,5,10],[3,6,9],
 [3,7,8],[3,7,10],[4,5,8],[4,7,10],[4,9,10],[5,6,9],[5,9,10]]

manifold_lex_d2_n10_o1_g1_#1523=[[1,2,3],[1,2,4],[1,3,5],[1,4,5],[2,3,6],
 [2,4,7],[2,5,6],[2,5,8],[2,7,8],[3,4,9],[3,4,10],[3,5,7],[3,6,9],
 [3,7,8],[3,8,10],[4,5,10],[4,7,9],[5,6,7],[5,8,10],[6,7,9]]

manifold_lex_d2_n10_o1_g1_#1524=[[1,2,3],[1,2,4],[1,3,5],[1,4,5],[2,3,6],
 [2,4,7],[2,5,6],[2,5,8],[2,7,8],[3,4,9],[3,4,10],[3,5,7],[3,6,9],
 [3,7,8],[3,8,10],[4,5,10],[4,7,9],[5,6,9],[5,7,9],[5,8,10]]

manifold_lex_d2_n10_o1_g1_#1525=[[1,2,3],[1,2,4],[1,3,5],[1,4,5],[2,3,6],
 [2,4,7],[2,5,6],[2,5,8],[2,7,8],[3,4,9],[3,4,10],[3,5,7],[3,6,9],
 [3,7,10],[4,5,8],[4,7,9],[4,8,10],[5,6,7],[6,7,9],[7,8,10]]

manifold_lex_d2_n10_o1_g1_#1526=[[1,2,3],[1,2,4],[1,3,5],[1,4,5],[2,3,6],
 [2,4,7],[2,5,6],[2,5,8],[2,7,8],[3,4,9],[3,4,10],[3,5,7],[3,6,9],
 [3,7,10],[4,5,8],[4,7,9],[4,8,10],[5,6,9],[5,7,9],[7,8,10]]

manifold_lex_d2_n10_o1_g1_#1527=[[1,2,3],[1,2,4],[1,3,5],[1,4,5],[2,3,6],
 [2,4,7],[2,5,6],[2,5,8],[2,7,8],[3,4,9],[3,4,10],[3,5,7],[3,6,9],
 [3,7,10],[4,5,10],[4,7,9],[5,6,7],[5,8,10],[6,7,9],[7,8,10]]

manifold_lex_d2_n10_o1_g1_#1528=[[1,2,3],[1,2,4],[1,3,5],[1,4,5],[2,3,6],
 [2,4,7],[2,5,6],[2,5,8],[2,7,8],[3,5,7],[3,6,7],[4,5,8],[4,7,9],
 [4,8,9],[5,6,10],[5,7,9],[5,9,10],[6,7,8],[6,8,10],[8,9,10]]

manifold_lex_d2_n10_o1_g1_#1529=[[1,2,3],[1,2,4],[1,3,5],[1,4,5],[2,3,6],
 [2,4,7],[2,5,6],[2,5,8],[2,7,8],[3,5,7],[3,6,7],[4,5,8],[4,7,9],
 [4,8,9],[5,6,10],[5,7,9],[5,9,10],[6,7,10],[7,8,10],[8,9,10]]

manifold_lex_d2_n10_o1_g1_#1530=[[1,2,3],[1,2,4],[1,3,5],[1,4,5],[2,3,6],
 [2,4,7],[2,5,6],[2,5,8],[2,7,8],[3,5,7],[3,6,7],[4,5,8],[4,7,9],
 [4,8,9],[5,6,10],[5,7,10],[6,7,8],[6,8,9],[6,9,10],[7,9,10]]

manifold_lex_d2_n10_o1_g1_#1531=[[1,2,3],[1,2,4],[1,3,5],[1,4,5],[2,3,6],
 [2,4,7],[2,5,6],[2,5,8],[2,7,8],[3,5,7],[3,6,7],[4,5,8],[4,7,9],
 [4,8,9],[5,6,10],[5,7,10],[6,7,8],[6,8,10],[7,9,10],[8,9,10]]

manifold_lex_d2_n10_o1_g1_#1532=[[1,2,3],[1,2,4],[1,3,5],[1,4,5],[2,3,6],
 [2,4,7],[2,5,6],[2,5,8],[2,7,8],[3,5,7],[3,6,7],[4,5,8],[4,7,9],
 [4,8,10],[4,9,10],[5,6,9],[5,7,9],[6,7,8],[6,8,10],[6,9,10]]

manifold_lex_d2_n10_o1_g1_#1533=[[1,2,3],[1,2,4],[1,3,5],[1,4,5],[2,3,6],
 [2,4,7],[2,5,6],[2,5,8],[2,7,8],[3,5,7],[3,6,7],[4,5,8],[4,7,9],
 [4,8,10],[4,9,10],[5,6,9],[5,7,9],[6,7,10],[6,9,10],[7,8,10]]

manifold_lex_d2_n10_o1_g1_#1534=[[1,2,3],[1,2,4],[1,3,5],[1,4,5],[2,3,6],
 [2,4,7],[2,5,6],[2,5,8],[2,7,8],[3,5,7],[3,6,7],[4,5,8],[4,7,9],
 [4,8,10],[4,9,10],[5,6,10],[5,7,9],[5,9,10],[6,7,8],[6,8,10]]

manifold_lex_d2_n10_o1_g1_#1535=[[1,2,3],[1,2,4],[1,3,5],[1,4,5],[2,3,6],
 [2,4,7],[2,5,6],[2,5,8],[2,7,8],[3,5,7],[3,6,7],[4,5,9],[4,7,9],
 [5,6,10],[5,7,10],[5,8,9],[6,7,8],[6,8,10],[7,9,10],[8,9,10]]

manifold_lex_d2_n10_o1_g1_#1536=[[1,2,3],[1,2,4],[1,3,5],[1,4,5],[2,3,6],
 [2,4,7],[2,5,6],[2,5,8],[2,7,8],[3,5,7],[3,6,7],[4,5,9],[4,7,10],
 [4,9,10],[5,6,10],[5,7,10],[5,8,9],[6,7,8],[6,8,9],[6,9,10]]

manifold_lex_d2_n10_o1_g1_#1537=[[1,2,3],[1,2,4],[1,3,5],[1,4,5],[2,3,6],
 [2,4,7],[2,5,6],[2,5,8],[2,7,8],[3,5,7],[3,6,7],[4,5,9],[4,7,10],
 [4,9,10],[5,6,10],[5,7,10],[5,8,9],[6,7,9],[6,9,10],[7,8,9]]

manifold_lex_d2_n10_o1_g1_#1538=[[1,2,3],[1,2,4],[1,3,5],[1,4,5],[2,3,6],
 [2,4,7],[2,5,6],[2,5,8],[2,7,8],[3,5,7],[3,6,8],[3,7,8],[4,5,8],
 [4,7,9],[4,8,9],[5,6,10],[5,7,9],[5,9,10],[6,8,10],[8,9,10]]

manifold_lex_d2_n10_o1_g1_#1539=[[1,2,3],[1,2,4],[1,3,5],[1,4,5],[2,3,6],
 [2,4,7],[2,5,6],[2,5,8],[2,7,8],[3,5,7],[3,6,8],[3,7,8],[4,5,8],
 [4,7,9],[4,8,9],[5,6,10],[5,7,10],[6,8,9],[6,9,10],[7,9,10]]

manifold_lex_d2_n10_o1_g1_#1540=[[1,2,3],[1,2,4],[1,3,5],[1,4,5],[2,3,6],
 [2,4,7],[2,5,6],[2,5,8],[2,7,8],[3,5,7],[3,6,8],[3,7,8],[4,5,8],
 [4,7,9],[4,8,9],[5,6,10],[5,7,10],[6,8,10],[7,9,10],[8,9,10]]

manifold_lex_d2_n10_o1_g1_#1541=[[1,2,3],[1,2,4],[1,3,5],[1,4,5],[2,3,6],
 [2,4,7],[2,5,6],[2,5,8],[2,7,8],[3,5,7],[3,6,8],[3,7,8],[4,5,8],
 [4,7,9],[4,8,10],[4,9,10],[5,6,9],[5,7,9],[6,8,10],[6,9,10]]

manifold_lex_d2_n10_o1_g1_#1542=[[1,2,3],[1,2,4],[1,3,5],[1,4,5],[2,3,6],
 [2,4,7],[2,5,6],[2,5,8],[2,7,8],[3,5,7],[3,6,8],[3,7,8],[4,5,8],
 [4,7,9],[4,8,10],[4,9,10],[5,6,10],[5,7,9],[5,9,10],[6,8,10]]

manifold_lex_d2_n10_o1_g1_#1543=[[1,2,3],[1,2,4],[1,3,5],[1,4,5],[2,3,6],
 [2,4,7],[2,5,6],[2,5,8],[2,7,8],[3,5,7],[3,6,8],[3,7,8],[4,5,9],
 [4,6,9],[4,6,10],[4,7,10],[5,6,10],[5,7,10],[5,8,9],[6,8,9]]

manifold_lex_d2_n10_o1_g1_#1544=[[1,2,3],[1,2,4],[1,3,5],[1,4,5],[2,3,6],
 [2,4,7],[2,5,6],[2,5,8],[2,7,8],[3,5,7],[3,6,8],[3,7,8],[4,5,9],
 [4,7,9],[5,6,7],[5,8,9],[6,7,10],[6,8,10],[7,9,10],[8,9,10]]

manifold_lex_d2_n10_o1_g1_#1545=[[1,2,3],[1,2,4],[1,3,5],[1,4,5],[2,3,6],
 [2,4,7],[2,5,6],[2,5,8],[2,7,8],[3,5,7],[3,6,8],[3,7,8],[4,5,9],
 [4,7,9],[5,6,7],[5,8,10],[5,9,10],[6,7,9],[6,8,10],[6,9,10]]

manifold_lex_d2_n10_o1_g1_#1546=[[1,2,3],[1,2,4],[1,3,5],[1,4,5],[2,3,6],
 [2,4,7],[2,5,6],[2,5,8],[2,7,8],[3,5,7],[3,6,8],[3,7,8],[4,5,9],
 [4,7,9],[5,6,7],[5,8,10],[5,9,10],[6,7,10],[6,8,10],[7,9,10]]

manifold_lex_d2_n10_o1_g1_#1547=[[1,2,3],[1,2,4],[1,3,5],[1,4,5],[2,3,6],
 [2,4,7],[2,5,6],[2,5,8],[2,7,8],[3,5,7],[3,6,8],[3,7,8],[4,5,9],
 [4,7,9],[5,6,10],[5,7,10],[5,8,9],[6,8,10],[7,9,10],[8,9,10]]

manifold_lex_d2_n10_o1_g1_#1548=[[1,2,3],[1,2,4],[1,3,5],[1,4,5],[2,3,6],
 [2,4,7],[2,5,6],[2,5,8],[2,7,8],[3,5,7],[3,6,8],[3,7,8],[4,5,9],
 [4,7,10],[4,9,10],[5,6,7],[5,8,9],[6,7,10],[6,8,9],[6,9,10]]

manifold_lex_d2_n10_o1_g1_#1549=[[1,2,3],[1,2,4],[1,3,5],[1,4,5],[2,3,6],
 [2,4,7],[2,5,6],[2,5,8],[2,7,8],[3,5,7],[3,6,8],[3,7,8],[4,5,9],
 [4,7,10],[4,9,10],[5,6,7],[5,8,9],[6,7,10],[6,8,10],[8,9,10]]

manifold_lex_d2_n10_o1_g1_#1550=[[1,2,3],[1,2,4],[1,3,5],[1,4,5],[2,3,6],
 [2,4,7],[2,5,6],[2,5,8],[2,7,8],[3,5,7],[3,6,8],[3,7,8],[4,5,9],
 [4,7,10],[4,9,10],[5,6,10],[5,7,10],[5,8,9],[6,8,9],[6,9,10]]

manifold_lex_d2_n10_o1_g1_#1551=[[1,2,3],[1,2,4],[1,3,5],[1,4,5],[2,3,6],
 [2,4,7],[2,5,6],[2,5,8],[2,7,8],[3,5,7],[3,6,9],[3,7,8],[3,8,9],
 [4,5,8],[4,6,9],[4,6,10],[4,7,10],[4,8,9],[5,6,10],[5,7,10]]

manifold_lex_d2_n10_o1_g1_#1552=[[1,2,3],[1,2,4],[1,3,5],[1,4,5],[2,3,6],
 [2,4,7],[2,5,6],[2,5,8],[2,7,8],[3,5,7],[3,6,9],[3,7,8],[3,8,9],
 [4,5,8],[4,7,9],[4,8,9],[5,6,10],[5,7,10],[6,9,10],[7,9,10]]

manifold_lex_d2_n10_o1_g1_#1553=[[1,2,3],[1,2,4],[1,3,5],[1,4,5],[2,3,6],
 [2,4,7],[2,5,6],[2,5,8],[2,7,8],[3,5,7],[3,6,9],[3,7,8],[3,8,9],
 [4,5,8],[4,7,10],[4,8,9],[4,9,10],[5,6,7],[6,7,10],[6,9,10]]

manifold_lex_d2_n10_o1_g1_#1554=[[1,2,3],[1,2,4],[1,3,5],[1,4,5],[2,3,6],
 [2,4,7],[2,5,6],[2,5,8],[2,7,8],[3,5,7],[3,6,9],[3,7,8],[3,8,9],
 [4,5,8],[4,7,10],[4,8,9],[4,9,10],[5,6,9],[5,7,10],[5,9,10]]

manifold_lex_d2_n10_o1_g1_#1555=[[1,2,3],[1,2,4],[1,3,5],[1,4,5],[2,3,6],
 [2,4,7],[2,5,6],[2,5,8],[2,7,8],[3,5,7],[3,6,9],[3,7,8],[3,8,9],
 [4,5,8],[4,7,10],[4,8,9],[4,9,10],[5,6,10],[5,7,10],[6,9,10]]

manifold_lex_d2_n10_o1_g1_#1556=[[1,2,3],[1,2,4],[1,3,5],[1,4,5],[2,3,6],
 [2,4,7],[2,5,6],[2,5,8],[2,7,8],[3,5,7],[3,6,9],[3,7,8],[3,8,9],
 [4,5,8],[4,7,10],[4,8,10],[5,6,7],[6,7,9],[7,9,10],[8,9,10]]

manifold_lex_d2_n10_o1_g1_#1557=[[1,2,3],[1,2,4],[1,3,5],[1,4,5],[2,3,6],
 [2,4,7],[2,5,6],[2,5,8],[2,7,8],[3,5,7],[3,6,9],[3,7,8],[3,8,9],
 [4,5,8],[4,7,10],[4,8,10],[5,6,7],[6,7,10],[6,9,10],[8,9,10]]

manifold_lex_d2_n10_o1_g1_#1558=[[1,2,3],[1,2,4],[1,3,5],[1,4,5],[2,3,6],
 [2,4,7],[2,5,6],[2,5,8],[2,7,8],[3,5,7],[3,6,9],[3,7,8],[3,8,9],
 [4,5,8],[4,7,10],[4,8,10],[5,6,9],[5,7,9],[7,9,10],[8,9,10]]

manifold_lex_d2_n10_o1_g1_#1559=[[1,2,3],[1,2,4],[1,3,5],[1,4,5],[2,3,6],
 [2,4,7],[2,5,6],[2,5,8],[2,7,8],[3,5,7],[3,6,9],[3,7,8],[3,8,9],
 [4,5,8],[4,7,10],[4,8,10],[5,6,9],[5,7,10],[5,9,10],[8,9,10]]

manifold_lex_d2_n10_o1_g1_#1560=[[1,2,3],[1,2,4],[1,3,5],[1,4,5],[2,3,6],
 [2,4,7],[2,5,6],[2,5,8],[2,7,8],[3,5,7],[3,6,9],[3,7,8],[3,8,9],
 [4,5,8],[4,7,10],[4,8,10],[5,6,10],[5,7,10],[6,9,10],[8,9,10]]

manifold_lex_d2_n10_o1_g1_#1561=[[1,2,3],[1,2,4],[1,3,5],[1,4,5],[2,3,6],
 [2,4,7],[2,5,6],[2,5,8],[2,7,8],[3,5,7],[3,6,9],[3,7,8],[3,8,9],
 [4,5,9],[4,6,9],[4,6,10],[4,7,10],[5,6,10],[5,7,10],[5,8,9]]

manifold_lex_d2_n10_o1_g1_#1562=[[1,2,3],[1,2,4],[1,3,5],[1,4,5],[2,3,6],
 [2,4,7],[2,5,6],[2,5,8],[2,7,8],[3,5,7],[3,6,9],[3,7,8],[3,8,9],
 [4,5,9],[4,7,9],[5,6,10],[5,7,10],[5,8,9],[6,9,10],[7,9,10]]

manifold_lex_d2_n10_o1_g1_#1563=[[1,2,3],[1,2,4],[1,3,5],[1,4,5],[2,3,6],
 [2,4,7],[2,5,6],[2,5,8],[2,7,8],[3,5,7],[3,6,9],[3,7,8],[3,8,9],
 [4,5,9],[4,7,10],[4,9,10],[5,6,7],[5,8,9],[6,7,10],[6,9,10]]

manifold_lex_d2_n10_o1_g1_#1564=[[1,2,3],[1,2,4],[1,3,5],[1,4,5],[2,3,6],
 [2,4,7],[2,5,6],[2,5,8],[2,7,8],[3,5,7],[3,6,9],[3,7,8],[3,8,9],
 [4,5,9],[4,7,10],[4,9,10],[5,6,10],[5,7,10],[5,8,9],[6,9,10]]

manifold_lex_d2_n10_o1_g1_#1565=[[1,2,3],[1,2,4],[1,3,5],[1,4,5],[2,3,6],
 [2,4,7],[2,5,6],[2,5,8],[2,7,8],[3,5,7],[3,6,9],[3,7,8],[3,8,9],
 [4,5,10],[4,6,7],[4,6,9],[4,9,10],[5,6,7],[5,8,10],[8,9,10]]

manifold_lex_d2_n10_o1_g1_#1566=[[1,2,3],[1,2,4],[1,3,5],[1,4,5],[2,3,6],
 [2,4,7],[2,5,6],[2,5,8],[2,7,8],[3,5,7],[3,6,9],[3,7,8],[3,8,9],
 [4,5,10],[4,6,7],[4,6,10],[5,6,7],[5,8,9],[5,9,10],[6,9,10]]

manifold_lex_d2_n10_o1_g1_#1567=[[1,2,3],[1,2,4],[1,3,5],[1,4,5],[2,3,6],
 [2,4,7],[2,5,6],[2,5,8],[2,7,8],[3,5,7],[3,6,9],[3,7,8],[3,8,9],
 [4,5,10],[4,6,7],[4,6,10],[5,6,7],[5,8,10],[6,9,10],[8,9,10]]

manifold_lex_d2_n10_o1_g1_#1568=[[1,2,3],[1,2,4],[1,3,5],[1,4,5],[2,3,6],
 [2,4,7],[2,5,6],[2,5,8],[2,7,8],[3,5,7],[3,6,9],[3,7,8],[3,8,9],
 [4,5,10],[4,7,9],[4,9,10],[5,6,7],[5,8,10],[6,7,9],[8,9,10]]

manifold_lex_d2_n10_o1_g1_#1569=[[1,2,3],[1,2,4],[1,3,5],[1,4,5],[2,3,6],
 [2,4,7],[2,5,6],[2,5,8],[2,7,8],[3,5,7],[3,6,9],[3,7,8],[3,8,9],
 [4,5,10],[4,7,10],[5,6,7],[5,8,9],[5,9,10],[6,7,9],[7,9,10]]

manifold_lex_d2_n10_o1_g1_#1570=[[1,2,3],[1,2,4],[1,3,5],[1,4,5],[2,3,6],
 [2,4,7],[2,5,6],[2,5,8],[2,7,8],[3,5,7],[3,6,9],[3,7,8],[3,8,9],
 [4,5,10],[4,7,10],[5,6,7],[5,8,9],[5,9,10],[6,7,10],[6,9,10]]

manifold_lex_d2_n10_o1_g1_#1571=[[1,2,3],[1,2,4],[1,3,5],[1,4,5],[2,3,6],
 [2,4,7],[2,5,6],[2,5,8],[2,7,8],[3,5,7],[3,6,9],[3,7,8],[3,8,9],
 [4,5,10],[4,7,10],[5,6,7],[5,8,10],[6,7,9],[7,9,10],[8,9,10]]

manifold_lex_d2_n10_o1_g1_#1572=[[1,2,3],[1,2,4],[1,3,5],[1,4,5],[2,3,6],
 [2,4,7],[2,5,6],[2,5,8],[2,7,8],[3,5,7],[3,6,9],[3,7,8],[3,8,9],
 [4,5,10],[4,7,10],[5,6,7],[5,8,10],[6,7,10],[6,9,10],[8,9,10]]

manifold_lex_d2_n10_o1_g1_#1573=[[1,2,3],[1,2,4],[1,3,5],[1,4,5],[2,3,6],
 [2,4,7],[2,5,6],[2,5,8],[2,7,8],[3,5,7],[3,6,9],[3,7,8],[3,8,10],
 [3,9,10],[4,5,8],[4,7,9],[4,8,10],[4,9,10],[5,6,7],[6,7,9]]

manifold_lex_d2_n10_o1_g1_#1574=[[1,2,3],[1,2,4],[1,3,5],[1,4,5],[2,3,6],
 [2,4,7],[2,5,6],[2,5,8],[2,7,8],[3,5,7],[3,6,9],[3,7,8],[3,8,10],
 [3,9,10],[4,5,8],[4,7,9],[4,8,10],[4,9,10],[5,6,9],[5,7,9]]

manifold_lex_d2_n10_o1_g1_#1575=[[1,2,3],[1,2,4],[1,3,5],[1,4,5],[2,3,6],
 [2,4,7],[2,5,6],[2,5,8],[2,7,8],[3,5,7],[3,6,9],[3,7,8],[3,8,10],
 [3,9,10],[4,5,8],[4,7,10],[4,8,10],[5,6,7],[6,7,9],[7,9,10]]

manifold_lex_d2_n10_o1_g1_#1576=[[1,2,3],[1,2,4],[1,3,5],[1,4,5],[2,3,6],
 [2,4,7],[2,5,6],[2,5,8],[2,7,8],[3,5,7],[3,6,9],[3,7,8],[3,8,10],
 [3,9,10],[4,5,8],[4,7,10],[4,8,10],[5,6,9],[5,7,9],[7,9,10]]

manifold_lex_d2_n10_o1_g1_#1577=[[1,2,3],[1,2,4],[1,3,5],[1,4,5],[2,3,6],
 [2,4,7],[2,5,6],[2,5,8],[2,7,8],[3,5,7],[3,6,9],[3,7,8],[3,8,10],
 [3,9,10],[4,5,9],[4,6,7],[4,6,9],[5,6,7],[5,8,10],[5,9,10]]

manifold_lex_d2_n10_o1_g1_#1578=[[1,2,3],[1,2,4],[1,3,5],[1,4,5],[2,3,6],
 [2,4,7],[2,5,6],[2,5,8],[2,7,8],[3,5,7],[3,6,9],[3,7,8],[3,8,10],
 [3,9,10],[4,5,9],[4,7,9],[5,6,7],[5,8,10],[5,9,10],[6,7,9]]

manifold_lex_d2_n10_o1_g1_#1579=[[1,2,3],[1,2,4],[1,3,5],[1,4,5],[2,3,6],
 [2,4,7],[2,5,6],[2,5,8],[2,7,8],[3,5,7],[3,6,9],[3,7,8],[3,8,10],
 [3,9,10],[4,5,10],[4,6,7],[4,6,9],[4,9,10],[5,6,7],[5,8,10]]

manifold_lex_d2_n10_o1_g1_#1580=[[1,2,3],[1,2,4],[1,3,5],[1,4,5],[2,3,6],
 [2,4,7],[2,5,6],[2,5,8],[2,7,8],[3,5,7],[3,6,9],[3,7,8],[3,8,10],
 [3,9,10],[4,5,10],[4,7,9],[4,9,10],[5,6,7],[5,8,10],[6,7,9]]

manifold_lex_d2_n10_o1_g1_#1581=[[1,2,3],[1,2,4],[1,3,5],[1,4,5],[2,3,6],
 [2,4,7],[2,5,6],[2,5,8],[2,7,8],[3,5,7],[3,6,9],[3,7,8],[3,8,10],
 [3,9,10],[4,5,10],[4,7,9],[4,9,10],[5,6,9],[5,7,9],[5,8,10]]

manifold_lex_d2_n10_o1_g1_#1582=[[1,2,3],[1,2,4],[1,3,5],[1,4,5],[2,3,6],
 [2,4,7],[2,5,6],[2,5,8],[2,7,8],[3,5,7],[3,6,9],[3,7,8],[3,8,10],
 [3,9,10],[4,5,10],[4,7,10],[5,6,7],[5,8,10],[6,7,9],[7,9,10]]

manifold_lex_d2_n10_o1_g1_#1583=[[1,2,3],[1,2,4],[1,3,5],[1,4,5],[2,3,6],
 [2,4,7],[2,5,6],[2,5,8],[2,7,8],[3,5,7],[3,6,9],[3,7,8],[3,8,10],
 [3,9,10],[4,5,10],[4,7,10],[5,6,9],[5,7,9],[5,8,10],[7,9,10]]

manifold_lex_d2_n10_o1_g1_#1584=[[1,2,3],[1,2,4],[1,3,5],[1,4,5],[2,3,6],
 [2,4,7],[2,5,6],[2,5,8],[2,7,8],[3,5,7],[3,6,9],[3,7,9],[4,5,8],
 [4,6,8],[4,6,10],[4,7,10],[5,6,10],[5,7,10],[6,8,9],[7,8,9]]

manifold_lex_d2_n10_o1_g1_#1585=[[1,2,3],[1,2,4],[1,3,5],[1,4,5],[2,3,6],
 [2,4,7],[2,5,6],[2,5,8],[2,7,8],[3,5,7],[3,6,9],[3,7,9],[4,5,8],
 [4,6,9],[4,6,10],[4,7,10],[4,8,9],[5,6,10],[5,7,10],[7,8,9]]

manifold_lex_d2_n10_o1_g1_#1586=[[1,2,3],[1,2,4],[1,3,5],[1,4,5],[2,3,6],
 [2,4,7],[2,5,6],[2,5,8],[2,7,8],[3,5,7],[3,6,9],[3,7,9],[4,5,8],
 [4,7,10],[4,8,9],[4,9,10],[5,6,10],[5,7,10],[6,9,10],[7,8,9]]

manifold_lex_d2_n10_o1_g1_#1587=[[1,2,3],[1,2,4],[1,3,5],[1,4,5],[2,3,6],
 [2,4,7],[2,5,6],[2,5,8],[2,7,8],[3,5,7],[3,6,9],[3,7,9],[4,5,8],
 [4,7,10],[4,8,10],[5,6,7],[6,7,10],[6,9,10],[7,8,9],[8,9,10]]

manifold_lex_d2_n10_o1_g1_#1588=[[1,2,3],[1,2,4],[1,3,5],[1,4,5],[2,3,6],
 [2,4,7],[2,5,6],[2,5,8],[2,7,8],[3,5,7],[3,6,9],[3,7,9],[4,5,8],
 [4,7,10],[4,8,10],[5,6,10],[5,7,10],[6,8,9],[6,8,10],[7,8,9]]

manifold_lex_d2_n10_o1_g1_#1589=[[1,2,3],[1,2,4],[1,3,5],[1,4,5],[2,3,6],
 [2,4,7],[2,5,6],[2,5,8],[2,7,8],[3,5,7],[3,6,9],[3,7,9],[4,5,8],
 [4,7,10],[4,8,10],[5,6,10],[5,7,10],[6,9,10],[7,8,9],[8,9,10]]

manifold_lex_d2_n10_o1_g1_#1590=[[1,2,3],[1,2,4],[1,3,5],[1,4,5],[2,3,6],
 [2,4,7],[2,5,6],[2,5,8],[2,7,8],[3,5,7],[3,6,9],[3,7,9],[4,5,9],
 [4,6,9],[4,6,10],[4,7,10],[5,6,10],[5,7,10],[5,8,9],[7,8,9]]

manifold_lex_d2_n10_o1_g1_#1591=[[1,2,3],[1,2,4],[1,3,5],[1,4,5],[2,3,6],
 [2,4,7],[2,5,6],[2,5,8],[2,7,8],[3,5,7],[3,6,9],[3,7,9],[4,5,9],
 [4,7,10],[4,9,10],[5,6,7],[5,8,9],[6,7,10],[6,9,10],[7,8,9]]

manifold_lex_d2_n10_o1_g1_#1592=[[1,2,3],[1,2,4],[1,3,5],[1,4,5],[2,3,6],
 [2,4,7],[2,5,6],[2,5,8],[2,7,8],[3,5,7],[3,6,9],[3,7,9],[4,5,10],
 [4,6,7],[4,6,9],[4,9,10],[5,6,7],[5,8,10],[7,8,9],[8,9,10]]

manifold_lex_d2_n10_o1_g1_#1593=[[1,2,3],[1,2,4],[1,3,5],[1,4,5],[2,3,6],
 [2,4,7],[2,5,6],[2,5,8],[2,7,8],[3,5,7],[3,6,9],[3,7,9],[4,5,10],
 [4,6,7],[4,6,9],[4,9,10],[5,6,7],[5,8,10],[7,8,10],[7,9,10]]

manifold_lex_d2_n10_o1_g1_#1594=[[1,2,3],[1,2,4],[1,3,5],[1,4,5],[2,3,6],
 [2,4,7],[2,5,6],[2,5,8],[2,7,8],[3,5,7],[3,6,9],[3,7,9],[4,5,10],
 [4,6,7],[4,6,10],[5,6,7],[5,8,9],[5,9,10],[6,9,10],[7,8,9]]

manifold_lex_d2_n10_o1_g1_#1595=[[1,2,3],[1,2,4],[1,3,5],[1,4,5],[2,3,6],
 [2,4,7],[2,5,6],[2,5,8],[2,7,8],[3,5,7],[3,6,9],[3,7,9],[4,5,10],
 [4,6,7],[4,6,10],[5,6,7],[5,8,10],[6,8,9],[6,8,10],[7,8,9]]

manifold_lex_d2_n10_o1_g1_#1596=[[1,2,3],[1,2,4],[1,3,5],[1,4,5],[2,3,6],
 [2,4,7],[2,5,6],[2,5,8],[2,7,8],[3,5,7],[3,6,9],[3,7,9],[4,5,10],
 [4,6,7],[4,6,10],[5,6,7],[5,8,10],[6,9,10],[7,8,9],[8,9,10]]

manifold_lex_d2_n10_o1_g1_#1597=[[1,2,3],[1,2,4],[1,3,5],[1,4,5],[2,3,6],
 [2,4,7],[2,5,6],[2,5,8],[2,7,8],[3,5,7],[3,6,9],[3,7,9],[4,5,10],
 [4,6,7],[4,6,10],[5,6,7],[5,8,10],[6,9,10],[7,8,10],[7,9,10]]

manifold_lex_d2_n10_o1_g1_#1598=[[1,2,3],[1,2,4],[1,3,5],[1,4,5],[2,3,6],
 [2,4,7],[2,5,6],[2,5,8],[2,7,8],[3,5,7],[3,6,9],[3,7,9],[4,5,10],
 [4,7,10],[5,6,7],[5,8,9],[5,9,10],[6,7,10],[6,9,10],[7,8,9]]

manifold_lex_d2_n10_o1_g1_#1599=[[1,2,3],[1,2,4],[1,3,5],[1,4,5],[2,3,6],
 [2,4,7],[2,5,6],[2,5,8],[2,7,8],[3,5,7],[3,6,9],[3,7,9],[4,5,10],
 [4,7,10],[5,6,7],[5,8,10],[6,7,10],[6,9,10],[7,8,9],[8,9,10]]

manifold_lex_d2_n10_o1_g1_#1600=[[1,2,3],[1,2,4],[1,3,5],[1,4,5],[2,3,6],
 [2,4,7],[2,5,6],[2,5,8],[2,7,8],[3,5,7],[3,6,9],[3,7,10],[3,9,10],
 [4,5,8],[4,7,9],[4,8,9],[5,6,9],[5,7,9],[7,8,10],[8,9,10]]

manifold_lex_d2_n10_o1_g1_#1601=[[1,2,3],[1,2,4],[1,3,5],[1,4,5],[2,3,6],
 [2,4,7],[2,5,6],[2,5,8],[2,7,8],[3,5,7],[3,6,9],[3,7,10],[3,9,10],
 [4,5,8],[4,7,9],[4,8,10],[4,9,10],[5,6,7],[6,7,9],[7,8,10]]

manifold_lex_d2_n10_o1_g1_#1602=[[1,2,3],[1,2,4],[1,3,5],[1,4,5],[2,3,6],
 [2,4,7],[2,5,6],[2,5,8],[2,7,8],[3,5,7],[3,6,9],[3,7,10],[3,9,10],
 [4,5,8],[4,7,9],[4,8,10],[4,9,10],[5,6,9],[5,7,9],[7,8,10]]

manifold_lex_d2_n10_o1_g1_#1603=[[1,2,3],[1,2,4],[1,3,5],[1,4,5],[2,3,6],
 [2,4,7],[2,5,6],[2,5,8],[2,7,8],[3,5,7],[3,6,9],[3,7,10],[3,9,10],
 [4,5,9],[4,6,7],[4,6,9],[5,6,7],[5,8,9],[7,8,10],[8,9,10]]

manifold_lex_d2_n10_o1_g1_#1604=[[1,2,3],[1,2,4],[1,3,5],[1,4,5],[2,3,6],
 [2,4,7],[2,5,6],[2,5,8],[2,7,8],[3,5,7],[3,6,9],[3,7,10],[3,9,10],
 [4,5,9],[4,6,7],[4,6,9],[5,6,7],[5,8,10],[5,9,10],[7,8,10]]

manifold_lex_d2_n10_o1_g1_#1605=[[1,2,3],[1,2,4],[1,3,5],[1,4,5],[2,3,6],
 [2,4,7],[2,5,6],[2,5,8],[2,7,8],[3,5,7],[3,6,9],[3,7,10],[3,9,10],
 [4,5,9],[4,7,9],[5,6,7],[5,8,9],[6,7,9],[7,8,10],[8,9,10]]

manifold_lex_d2_n10_o1_g1_#1606=[[1,2,3],[1,2,4],[1,3,5],[1,4,5],[2,3,6],
 [2,4,7],[2,5,6],[2,5,8],[2,7,8],[3,5,7],[3,6,9],[3,7,10],[3,9,10],
 [4,5,9],[4,7,9],[5,6,7],[5,8,10],[5,9,10],[6,7,9],[7,8,10]]

manifold_lex_d2_n10_o1_g1_#1607=[[1,2,3],[1,2,4],[1,3,5],[1,4,5],[2,3,6],
 [2,4,7],[2,5,6],[2,5,8],[2,7,8],[3,5,7],[3,6,9],[3,7,10],[3,9,10],
 [4,5,10],[4,7,9],[4,9,10],[5,6,7],[5,8,10],[6,7,9],[7,8,10]]

manifold_lex_d2_n10_o1_g1_#1608=[[1,2,3],[1,2,4],[1,3,5],[1,4,5],[2,3,6],
 [2,4,7],[2,5,6],[2,5,8],[2,7,8],[3,5,9],[3,6,7],[3,7,9],[4,5,8],
 [4,6,8],[4,6,10],[4,7,9],[4,9,10],[5,6,10],[5,9,10],[6,7,8]]

manifold_lex_d2_n10_o1_g1_#1609=[[1,2,3],[1,2,4],[1,3,5],[1,4,5],[2,3,6],
 [2,4,7],[2,5,6],[2,5,8],[2,7,8],[3,5,9],[3,6,7],[3,7,9],[4,5,8],
 [4,6,8],[4,6,10],[4,7,10],[5,6,9],[6,7,8],[6,9,10],[7,9,10]]

manifold_lex_d2_n10_o1_g1_#1610=[[1,2,3],[1,2,4],[1,3,5],[1,4,5],[2,3,6],
 [2,4,7],[2,5,6],[2,5,8],[2,7,8],[3,5,9],[3,6,7],[3,7,9],[4,5,8],
 [4,6,8],[4,6,10],[4,7,10],[5,6,10],[5,9,10],[6,7,8],[7,9,10]]

manifold_lex_d2_n10_o1_g1_#1611=[[1,2,3],[1,2,4],[1,3,5],[1,4,5],[2,3,6],
 [2,4,7],[2,5,6],[2,5,8],[2,7,8],[3,5,9],[3,6,7],[3,7,9],[4,5,8],
 [4,6,9],[4,6,10],[4,7,9],[4,8,10],[5,6,9],[6,7,10],[7,8,10]]

manifold_lex_d2_n10_o1_g1_#1612=[[1,2,3],[1,2,4],[1,3,5],[1,4,5],[2,3,6],
 [2,4,7],[2,5,6],[2,5,8],[2,7,8],[3,5,9],[3,6,7],[3,7,9],[4,5,8],
 [4,7,9],[4,8,9],[5,6,9],[6,7,10],[6,9,10],[7,8,10],[8,9,10]]

manifold_lex_d2_n10_o1_g1_#1613=[[1,2,3],[1,2,4],[1,3,5],[1,4,5],[2,3,6],
 [2,4,7],[2,5,6],[2,5,8],[2,7,8],[3,5,9],[3,6,7],[3,7,9],[4,5,8],
 [4,7,9],[4,8,9],[5,6,10],[5,9,10],[6,7,8],[6,8,10],[8,9,10]]

manifold_lex_d2_n10_o1_g1_#1614=[[1,2,3],[1,2,4],[1,3,5],[1,4,5],[2,3,6],
 [2,4,7],[2,5,6],[2,5,8],[2,7,8],[3,5,9],[3,6,7],[3,7,9],[4,5,8],
 [4,7,9],[4,8,9],[5,6,10],[5,9,10],[6,7,10],[7,8,10],[8,9,10]]

manifold_lex_d2_n10_o1_g1_#1615=[[1,2,3],[1,2,4],[1,3,5],[1,4,5],[2,3,6],
 [2,4,7],[2,5,6],[2,5,8],[2,7,8],[3,5,9],[3,6,7],[3,7,9],[4,5,8],
 [4,7,9],[4,8,10],[4,9,10],[5,6,9],[6,7,8],[6,8,10],[6,9,10]]

manifold_lex_d2_n10_o1_g1_#1616=[[1,2,3],[1,2,4],[1,3,5],[1,4,5],[2,3,6],
 [2,4,7],[2,5,6],[2,5,8],[2,7,8],[3,5,9],[3,6,7],[3,7,9],[4,5,8],
 [4,7,9],[4,8,10],[4,9,10],[5,6,9],[6,7,10],[6,9,10],[7,8,10]]

manifold_lex_d2_n10_o1_g1_#1617=[[1,2,3],[1,2,4],[1,3,5],[1,4,5],[2,3,6],
 [2,4,7],[2,5,6],[2,5,8],[2,7,8],[3,5,9],[3,6,7],[3,7,9],[4,5,8],
 [4,7,9],[4,8,10],[4,9,10],[5,6,10],[5,9,10],[6,7,8],[6,8,10]]

manifold_lex_d2_n10_o1_g1_#1618=[[1,2,3],[1,2,4],[1,3,5],[1,4,5],[2,3,6],
 [2,4,7],[2,5,6],[2,5,8],[2,7,8],[3,5,9],[3,6,7],[3,7,9],[4,5,8],
 [4,7,9],[4,8,10],[4,9,10],[5,6,10],[5,9,10],[6,7,10],[7,8,10]]

manifold_lex_d2_n10_o1_g1_#1619=[[1,2,3],[1,2,4],[1,3,5],[1,4,5],[2,3,6],
 [2,4,7],[2,5,6],[2,5,8],[2,7,8],[3,5,9],[3,6,7],[3,7,9],[4,5,8],
 [4,7,10],[4,8,10],[5,6,9],[6,7,8],[6,8,9],[7,9,10],[8,9,10]]

manifold_lex_d2_n10_o1_g1_#1620=[[1,2,3],[1,2,4],[1,3,5],[1,4,5],[2,3,6],
 [2,4,7],[2,5,6],[2,5,8],[2,7,8],[3,5,9],[3,6,7],[3,7,9],[4,5,8],
 [4,7,10],[4,8,10],[5,6,9],[6,7,8],[6,8,10],[6,9,10],[7,9,10]]

manifold_lex_d2_n10_o1_g1_#1621=[[1,2,3],[1,2,4],[1,3,5],[1,4,5],[2,3,6],
 [2,4,7],[2,5,6],[2,5,8],[2,7,8],[3,5,9],[3,6,7],[3,7,9],[4,5,8],
 [4,7,10],[4,8,10],[5,6,10],[5,9,10],[6,7,8],[6,8,10],[7,9,10]]

manifold_lex_d2_n10_o1_g1_#1622=[[1,2,3],[1,2,4],[1,3,5],[1,4,5],[2,3,6],
 [2,4,7],[2,5,6],[2,5,8],[2,7,8],[3,5,9],[3,6,7],[3,7,9],[4,5,10],
 [4,6,9],[4,6,10],[4,7,9],[5,6,9],[5,8,10],[6,7,8],[6,8,10]]

manifold_lex_d2_n10_o1_g1_#1623=[[1,2,3],[1,2,4],[1,3,5],[1,4,5],[2,3,6],
 [2,4,7],[2,5,6],[2,5,8],[2,7,8],[3,5,9],[3,6,7],[3,7,9],[4,5,10],
 [4,6,9],[4,6,10],[4,7,9],[5,6,9],[5,8,10],[6,7,10],[7,8,10]]

manifold_lex_d2_n10_o1_g1_#1624=[[1,2,3],[1,2,4],[1,3,5],[1,4,5],[2,3,6],
 [2,4,7],[2,5,6],[2,5,8],[2,7,8],[3,5,9],[3,6,7],[3,7,9],[4,5,10],
 [4,7,9],[4,9,10],[5,6,9],[5,8,10],[6,7,8],[6,8,9],[8,9,10]]

manifold_lex_d2_n10_o1_g1_#1625=[[1,2,3],[1,2,4],[1,3,5],[1,4,5],[2,3,6],
 [2,4,7],[2,5,6],[2,5,8],[2,7,8],[3,5,9],[3,6,7],[3,7,9],[4,5,10],
 [4,7,9],[4,9,10],[5,6,9],[5,8,10],[6,7,8],[6,8,10],[6,9,10]]

manifold_lex_d2_n10_o1_g1_#1626=[[1,2,3],[1,2,4],[1,3,5],[1,4,5],[2,3,6],
 [2,4,7],[2,5,6],[2,5,8],[2,7,8],[3,5,9],[3,6,7],[3,7,9],[4,5,10],
 [4,7,9],[4,9,10],[5,6,9],[5,8,10],[6,7,10],[6,9,10],[7,8,10]]

manifold_lex_d2_n10_o1_g1_#1627=[[1,2,3],[1,2,4],[1,3,5],[1,4,5],[2,3,6],
 [2,4,7],[2,5,6],[2,5,8],[2,7,8],[3,5,9],[3,6,7],[3,7,9],[4,5,10],
 [4,7,10],[5,6,9],[5,8,10],[6,7,8],[6,8,9],[7,9,10],[8,9,10]]

manifold_lex_d2_n10_o1_g1_#1628=[[1,2,3],[1,2,4],[1,3,5],[1,4,5],[2,3,6],
 [2,4,7],[2,5,6],[2,5,8],[2,7,8],[3,5,9],[3,6,7],[3,7,9],[4,5,10],
 [4,7,10],[5,6,9],[5,8,10],[6,7,8],[6,8,10],[6,9,10],[7,9,10]]

manifold_lex_d2_n10_o1_g1_#1629=[[1,2,3],[1,2,4],[1,3,5],[1,4,5],[2,3,6],
 [2,4,7],[2,5,6],[2,5,8],[2,7,8],[3,5,9],[3,6,7],[3,7,10],[3,8,9],
 [3,8,10],[4,5,8],[4,7,10],[4,8,10],[5,6,9],[6,7,9],[7,8,9]]

manifold_lex_d2_n10_o1_g1_#1630=[[1,2,3],[1,2,4],[1,3,5],[1,4,5],[2,3,6],
 [2,4,7],[2,5,6],[2,5,8],[2,7,8],[3,5,9],[3,6,7],[3,7,10],[3,8,9],
 [3,8,10],[4,5,10],[4,7,10],[5,6,9],[5,8,10],[6,7,9],[7,8,9]]

manifold_lex_d2_n10_o1_g1_#1631=[[1,2,3],[1,2,4],[1,3,5],[1,4,5],[2,3,6],
 [2,4,7],[2,5,6],[2,5,8],[2,7,8],[3,5,9],[3,6,7],[3,7,10],[3,9,10],
 [4,5,8],[4,6,8],[4,6,9],[4,7,10],[4,9,10],[5,6,9],[6,7,8]]

manifold_lex_d2_n10_o1_g1_#1632=[[1,2,3],[1,2,4],[1,3,5],[1,4,5],[2,3,6],
 [2,4,7],[2,5,6],[2,5,8],[2,7,8],[3,5,9],[3,6,7],[3,7,10],[3,9,10],
 [4,5,8],[4,6,8],[4,6,10],[4,7,10],[5,6,9],[6,7,8],[6,9,10]]

manifold_lex_d2_n10_o1_g1_#1633=[[1,2,3],[1,2,4],[1,3,5],[1,4,5],[2,3,6],
 [2,4,7],[2,5,6],[2,5,8],[2,7,8],[3,5,9],[3,6,7],[3,7,10],[3,9,10],
 [4,5,8],[4,7,10],[4,8,9],[4,9,10],[5,6,9],[6,7,8],[6,8,9]]

manifold_lex_d2_n10_o1_g1_#1634=[[1,2,3],[1,2,4],[1,3,5],[1,4,5],[2,3,6],
 [2,4,7],[2,5,6],[2,5,8],[2,7,8],[3,5,9],[3,6,7],[3,7,10],[3,9,10],
 [4,5,8],[4,7,10],[4,8,9],[4,9,10],[5,6,9],[6,7,9],[7,8,9]]

manifold_lex_d2_n10_o1_g1_#1635=[[1,2,3],[1,2,4],[1,3,5],[1,4,5],[2,3,6],
 [2,4,7],[2,5,6],[2,5,8],[2,7,8],[3,5,9],[3,6,7],[3,7,10],[3,9,10],
 [4,5,8],[4,7,10],[4,8,10],[5,6,9],[6,7,8],[6,8,9],[8,9,10]]

manifold_lex_d2_n10_o1_g1_#1636=[[1,2,3],[1,2,4],[1,3,5],[1,4,5],[2,3,6],
 [2,4,7],[2,5,6],[2,5,8],[2,7,8],[3,5,9],[3,6,7],[3,7,10],[3,9,10],
 [4,5,8],[4,7,10],[4,8,10],[5,6,9],[6,7,8],[6,8,10],[6,9,10]]

manifold_lex_d2_n10_o1_g1_#1637=[[1,2,3],[1,2,4],[1,3,5],[1,4,5],[2,3,6],
 [2,4,7],[2,5,6],[2,5,8],[2,7,8],[3,5,9],[3,6,7],[3,7,10],[3,9,10],
 [4,5,8],[4,7,10],[4,8,10],[5,6,9],[6,7,9],[7,8,9],[8,9,10]]

manifold_lex_d2_n10_o1_g1_#1638=[[1,2,3],[1,2,4],[1,3,5],[1,4,5],[2,3,6],
 [2,4,7],[2,5,6],[2,5,8],[2,7,8],[3,5,9],[3,6,7],[3,7,10],[3,9,10],
 [4,5,10],[4,7,10],[5,6,9],[5,8,10],[6,7,8],[6,8,9],[8,9,10]]

manifold_lex_d2_n10_o1_g1_#1639=[[1,2,3],[1,2,4],[1,3,5],[1,4,5],[2,3,6],
 [2,4,7],[2,5,6],[2,5,8],[2,7,8],[3,5,9],[3,6,7],[3,7,10],[3,9,10],
 [4,5,10],[4,7,10],[5,6,9],[5,8,10],[6,7,9],[7,8,9],[8,9,10]]

manifold_lex_d2_n10_o1_g1_#1640=[[1,2,3],[1,2,4],[1,3,5],[1,4,5],[2,3,6],
 [2,4,7],[2,5,6],[2,5,8],[2,7,8],[3,5,9],[3,6,8],[3,7,8],[3,7,9],
 [4,5,8],[4,6,8],[4,6,10],[4,7,9],[4,9,10],[5,6,10],[5,9,10]]

manifold_lex_d2_n10_o1_g1_#1641=[[1,2,3],[1,2,4],[1,3,5],[1,4,5],[2,3,6],
 [2,4,7],[2,5,6],[2,5,8],[2,7,8],[3,5,9],[3,6,8],[3,7,8],[3,7,9],
 [4,5,8],[4,6,8],[4,6,10],[4,7,10],[5,6,9],[6,9,10],[7,9,10]]

manifold_lex_d2_n10_o1_g1_#1642=[[1,2,3],[1,2,4],[1,3,5],[1,4,5],[2,3,6],
 [2,4,7],[2,5,6],[2,5,8],[2,7,8],[3,5,9],[3,6,8],[3,7,8],[3,7,9],
 [4,5,8],[4,6,8],[4,6,10],[4,7,10],[5,6,10],[5,9,10],[7,9,10]]

manifold_lex_d2_n10_o1_g1_#1643=[[1,2,3],[1,2,4],[1,3,5],[1,4,5],[2,3,6],
 [2,4,7],[2,5,6],[2,5,8],[2,7,8],[3,5,9],[3,6,8],[3,7,8],[3,7,9],
 [4,5,8],[4,7,9],[4,8,9],[5,6,10],[5,9,10],[6,8,10],[8,9,10]]

manifold_lex_d2_n10_o1_g1_#1644=[[1,2,3],[1,2,4],[1,3,5],[1,4,5],[2,3,6],
 [2,4,7],[2,5,6],[2,5,8],[2,7,8],[3,5,9],[3,6,8],[3,7,8],[3,7,9],
 [4,5,8],[4,7,9],[4,8,10],[4,9,10],[5,6,9],[6,8,10],[6,9,10]]

manifold_lex_d2_n10_o1_g1_#1645=[[1,2,3],[1,2,4],[1,3,5],[1,4,5],[2,3,6],
 [2,4,7],[2,5,6],[2,5,8],[2,7,8],[3,5,9],[3,6,8],[3,7,8],[3,7,9],
 [4,5,8],[4,7,9],[4,8,10],[4,9,10],[5,6,10],[5,9,10],[6,8,10]]

manifold_lex_d2_n10_o1_g1_#1646=[[1,2,3],[1,2,4],[1,3,5],[1,4,5],[2,3,6],
 [2,4,7],[2,5,6],[2,5,8],[2,7,8],[3,5,9],[3,6,8],[3,7,8],[3,7,9],
 [4,5,8],[4,7,10],[4,8,10],[5,6,9],[6,7,9],[6,7,10],[6,8,10]]

manifold_lex_d2_n10_o1_g1_#1647=[[1,2,3],[1,2,4],[1,3,5],[1,4,5],[2,3,6],
 [2,4,7],[2,5,6],[2,5,8],[2,7,8],[3,5,9],[3,6,8],[3,7,8],[3,7,9],
 [4,5,8],[4,7,10],[4,8,10],[5,6,9],[6,8,10],[6,9,10],[7,9,10]]

manifold_lex_d2_n10_o1_g1_#1648=[[1,2,3],[1,2,4],[1,3,5],[1,4,5],[2,3,6],
 [2,4,7],[2,5,6],[2,5,8],[2,7,8],[3,5,9],[3,6,8],[3,7,8],[3,7,9],
 [4,5,8],[4,7,10],[4,8,10],[5,6,10],[5,9,10],[6,8,10],[7,9,10]]

manifold_lex_d2_n10_o1_g1_#1649=[[1,2,3],[1,2,4],[1,3,5],[1,4,5],[2,3,6],
 [2,4,7],[2,5,6],[2,5,8],[2,7,8],[3,5,9],[3,6,8],[3,7,8],[3,7,9],
 [4,5,10],[4,6,7],[4,6,10],[5,6,9],[5,8,10],[6,7,9],[6,8,10]]

manifold_lex_d2_n10_o1_g1_#1650=[[1,2,3],[1,2,4],[1,3,5],[1,4,5],[2,3,6],
 [2,4,7],[2,5,6],[2,5,8],[2,7,8],[3,5,9],[3,6,8],[3,7,8],[3,7,9],
 [4,5,10],[4,6,9],[4,6,10],[4,7,9],[5,6,9],[5,8,10],[6,8,10]]

manifold_lex_d2_n10_o1_g1_#1651=[[1,2,3],[1,2,4],[1,3,5],[1,4,5],[2,3,6],
 [2,4,7],[2,5,6],[2,5,8],[2,7,8],[3,5,9],[3,6,8],[3,7,8],[3,7,9],
 [4,5,10],[4,7,9],[4,9,10],[5,6,9],[5,8,10],[6,8,9],[8,9,10]]

manifold_lex_d2_n10_o1_g1_#1652=[[1,2,3],[1,2,4],[1,3,5],[1,4,5],[2,3,6],
 [2,4,7],[2,5,6],[2,5,8],[2,7,8],[3,5,9],[3,6,8],[3,7,8],[3,7,9],
 [4,5,10],[4,7,9],[4,9,10],[5,6,9],[5,8,10],[6,8,10],[6,9,10]]

manifold_lex_d2_n10_o1_g1_#1653=[[1,2,3],[1,2,4],[1,3,5],[1,4,5],[2,3,6],
 [2,4,7],[2,5,6],[2,5,8],[2,7,8],[3,5,9],[3,6,8],[3,7,8],[3,7,9],
 [4,5,10],[4,7,10],[5,6,9],[5,8,10],[6,7,9],[6,7,10],[6,8,10]]

manifold_lex_d2_n10_o1_g1_#1654=[[1,2,3],[1,2,4],[1,3,5],[1,4,5],[2,3,6],
 [2,4,7],[2,5,6],[2,5,8],[2,7,8],[3,5,9],[3,6,8],[3,7,8],[3,7,9],
 [4,5,10],[4,7,10],[5,6,9],[5,8,10],[6,8,9],[7,9,10],[8,9,10]]

manifold_lex_d2_n10_o1_g1_#1655=[[1,2,3],[1,2,4],[1,3,5],[1,4,5],[2,3,6],
 [2,4,7],[2,5,6],[2,5,8],[2,7,8],[3,5,9],[3,6,8],[3,7,8],[3,7,9],
 [4,5,10],[4,7,10],[5,6,9],[5,8,10],[6,8,10],[6,9,10],[7,9,10]]

manifold_lex_d2_n10_o1_g1_#1656=[[1,2,3],[1,2,4],[1,3,5],[1,4,5],[2,3,6],
 [2,4,7],[2,5,6],[2,5,8],[2,7,8],[3,5,9],[3,6,8],[3,7,8],[3,7,10],
 [3,9,10],[4,5,8],[4,6,8],[4,6,9],[4,7,10],[4,9,10],[5,6,9]]

manifold_lex_d2_n10_o1_g1_#1657=[[1,2,3],[1,2,4],[1,3,5],[1,4,5],[2,3,6],
 [2,4,7],[2,5,6],[2,5,8],[2,7,8],[3,5,9],[3,6,8],[3,7,8],[3,7,10],
 [3,9,10],[4,5,8],[4,7,10],[4,8,10],[5,6,9],[6,8,9],[8,9,10]]

manifold_lex_d2_n10_o1_g1_#1658=[[1,2,3],[1,2,4],[1,3,5],[1,4,5],[2,3,6],
 [2,4,7],[2,5,6],[2,5,8],[2,7,8],[3,5,9],[3,6,8],[3,7,8],[3,7,10],
 [3,9,10],[4,5,10],[4,7,10],[5,6,9],[5,8,10],[6,8,9],[8,9,10]]

manifold_lex_d2_n10_o1_g1_#1659=[[1,2,3],[1,2,4],[1,3,5],[1,4,5],[2,3,6],
 [2,4,7],[2,5,6],[2,5,8],[2,7,8],[3,5,9],[3,6,8],[3,8,9],[4,5,8],
 [4,6,7],[4,6,8],[5,6,9],[6,7,10],[6,9,10],[7,8,10],[8,9,10]]

manifold_lex_d2_n10_o1_g1_#1660=[[1,2,3],[1,2,4],[1,3,5],[1,4,5],[2,3,6],
 [2,4,7],[2,5,6],[2,5,8],[2,7,8],[3,5,9],[3,6,8],[3,8,9],[4,5,8],
 [4,6,7],[4,6,8],[5,6,10],[5,9,10],[6,7,10],[7,8,9],[7,9,10]]

manifold_lex_d2_n10_o1_g1_#1661=[[1,2,3],[1,2,4],[1,3,5],[1,4,5],[2,3,6],
 [2,4,7],[2,5,6],[2,5,8],[2,7,8],[3,5,9],[3,6,8],[3,8,9],[4,5,8],
 [4,6,7],[4,6,8],[5,6,10],[5,9,10],[6,7,10],[7,8,10],[8,9,10]]

manifold_lex_d2_n10_o1_g1_#1662=[[1,2,3],[1,2,4],[1,3,5],[1,4,5],[2,3,6],
 [2,4,7],[2,5,6],[2,5,8],[2,7,8],[3,5,9],[3,6,8],[3,8,9],[4,5,8],
 [4,6,8],[4,6,10],[4,7,10],[5,6,9],[6,9,10],[7,8,9],[7,9,10]]

manifold_lex_d2_n10_o1_g1_#1663=[[1,2,3],[1,2,4],[1,3,5],[1,4,5],[2,3,6],
 [2,4,7],[2,5,6],[2,5,8],[2,7,8],[3,5,9],[3,6,8],[3,8,9],[4,5,8],
 [4,6,8],[4,6,10],[4,7,10],[5,6,9],[6,9,10],[7,8,10],[8,9,10]]

manifold_lex_d2_n10_o1_g1_#1664=[[1,2,3],[1,2,4],[1,3,5],[1,4,5],[2,3,6],
 [2,4,7],[2,5,6],[2,5,8],[2,7,8],[3,5,9],[3,6,8],[3,8,9],[4,5,8],
 [4,6,8],[4,6,10],[4,7,10],[5,6,10],[5,9,10],[7,8,9],[7,9,10]]

manifold_lex_d2_n10_o1_g1_#1665=[[1,2,3],[1,2,4],[1,3,5],[1,4,5],[2,3,6],
 [2,4,7],[2,5,6],[2,5,8],[2,7,8],[3,5,9],[3,6,8],[3,8,9],[4,5,8],
 [4,6,8],[4,6,10],[4,7,10],[5,6,10],[5,9,10],[7,8,10],[8,9,10]]

manifold_lex_d2_n10_o1_g1_#1666=[[1,2,3],[1,2,4],[1,3,5],[1,4,5],[2,3,6],
 [2,4,7],[2,5,6],[2,5,8],[2,7,8],[3,5,9],[3,6,8],[3,8,9],[4,5,8],
 [4,7,9],[4,8,10],[4,9,10],[5,6,10],[5,9,10],[6,8,10],[7,8,9]]

manifold_lex_d2_n10_o1_g1_#1667=[[1,2,3],[1,2,4],[1,3,5],[1,4,5],[2,3,6],
 [2,4,7],[2,5,6],[2,5,8],[2,7,8],[3,5,9],[3,6,8],[3,8,9],[4,5,8],
 [4,7,10],[4,8,10],[5,6,9],[6,8,10],[6,9,10],[7,8,9],[7,9,10]]

manifold_lex_d2_n10_o1_g1_#1668=[[1,2,3],[1,2,4],[1,3,5],[1,4,5],[2,3,6],
 [2,4,7],[2,5,6],[2,5,8],[2,7,8],[3,5,9],[3,6,8],[3,8,9],[4,5,8],
 [4,7,10],[4,8,10],[5,6,10],[5,7,9],[5,7,10],[6,8,10],[7,8,9]]

manifold_lex_d2_n10_o1_g1_#1669=[[1,2,3],[1,2,4],[1,3,5],[1,4,5],[2,3,6],
 [2,4,7],[2,5,6],[2,5,8],[2,7,8],[3,5,9],[3,6,8],[3,8,9],[4,5,8],
 [4,7,10],[4,8,10],[5,6,10],[5,9,10],[6,8,10],[7,8,9],[7,9,10]]

manifold_lex_d2_n10_o1_g1_#1670=[[1,2,3],[1,2,4],[1,3,5],[1,4,5],[2,3,6],
 [2,4,7],[2,5,6],[2,5,8],[2,7,8],[3,5,9],[3,6,8],[3,8,9],[4,5,10],
 [4,6,7],[4,6,10],[5,6,9],[5,8,10],[6,7,9],[6,8,10],[7,8,9]]

manifold_lex_d2_n10_o1_g1_#1671=[[1,2,3],[1,2,4],[1,3,5],[1,4,5],[2,3,6],
 [2,4,7],[2,5,6],[2,5,8],[2,7,8],[3,5,9],[3,6,8],[3,8,9],[4,5,10],
 [4,6,9],[4,6,10],[4,7,9],[5,6,9],[5,8,10],[6,8,10],[7,8,9]]

manifold_lex_d2_n10_o1_g1_#1672=[[1,2,3],[1,2,4],[1,3,5],[1,4,5],[2,3,6],
 [2,4,7],[2,5,6],[2,5,8],[2,7,8],[3,5,9],[3,6,8],[3,8,9],[4,5,10],
 [4,7,9],[4,9,10],[5,6,9],[5,8,10],[6,8,10],[6,9,10],[7,8,9]]

manifold_lex_d2_n10_o1_g1_#1673=[[1,2,3],[1,2,4],[1,3,5],[1,4,5],[2,3,6],
 [2,4,7],[2,5,6],[2,5,8],[2,7,8],[3,5,9],[3,6,8],[3,8,9],[4,5,10],
 [4,7,10],[5,6,9],[5,8,10],[6,7,9],[6,7,10],[6,8,10],[7,8,9]]

manifold_lex_d2_n10_o1_g1_#1674=[[1,2,3],[1,2,4],[1,3,5],[1,4,5],[2,3,6],
 [2,4,7],[2,5,6],[2,5,8],[2,7,8],[3,5,9],[3,6,8],[3,8,9],[4,5,10],
 [4,7,10],[5,6,9],[5,8,10],[6,8,10],[6,9,10],[7,8,9],[7,9,10]]

manifold_lex_d2_n10_o1_g1_#1675=[[1,2,3],[1,2,4],[1,3,5],[1,4,5],[2,3,6],
 [2,4,7],[2,5,6],[2,5,8],[2,7,8],[3,5,9],[3,6,9],[4,5,8],[4,6,7],
 [4,6,8],[5,6,7],[5,7,9],[6,8,10],[6,9,10],[7,8,10],[7,9,10]]

manifold_lex_d2_n10_o1_g1_#1676=[[1,2,3],[1,2,4],[1,3,5],[1,4,5],[2,3,6],
 [2,4,7],[2,5,6],[2,5,8],[2,7,8],[3,5,9],[3,6,9],[4,5,8],[4,6,7],
 [4,6,8],[5,6,7],[5,7,10],[5,9,10],[6,8,10],[6,9,10],[7,8,10]]

manifold_lex_d2_n10_o1_g1_#1677=[[1,2,3],[1,2,4],[1,3,5],[1,4,5],[2,3,6],
 [2,4,7],[2,5,6],[2,5,8],[2,7,8],[3,5,9],[3,6,9],[4,5,8],[4,6,7],
 [4,6,8],[5,6,10],[5,9,10],[6,7,10],[6,8,9],[7,8,10],[8,9,10]]

manifold_lex_d2_n10_o1_g1_#1678=[[1,2,3],[1,2,4],[1,3,5],[1,4,5],[2,3,6],
 [2,4,7],[2,5,6],[2,5,8],[2,7,8],[3,5,9],[3,6,9],[4,5,8],[4,6,7],
 [4,6,9],[4,8,9],[5,6,10],[5,9,10],[6,7,10],[7,8,10],[8,9,10]]

manifold_lex_d2_n10_o1_g1_#1679=[[1,2,3],[1,2,4],[1,3,5],[1,4,5],[2,3,6],
 [2,4,7],[2,5,6],[2,5,8],[2,7,8],[3,5,9],[3,6,9],[4,5,8],[4,6,7],
 [4,6,9],[4,8,10],[4,9,10],[5,6,7],[5,7,10],[5,9,10],[7,8,10]]

manifold_lex_d2_n10_o1_g1_#1680=[[1,2,3],[1,2,4],[1,3,5],[1,4,5],[2,3,6],
 [2,4,7],[2,5,6],[2,5,8],[2,7,8],[3,5,9],[3,6,9],[4,5,8],[4,6,7],
 [4,6,9],[4,8,10],[4,9,10],[5,6,10],[5,9,10],[6,7,10],[7,8,10]]

manifold_lex_d2_n10_o1_g1_#1681=[[1,2,3],[1,2,4],[1,3,5],[1,4,5],[2,3,6],
 [2,4,7],[2,5,6],[2,5,8],[2,7,8],[3,5,9],[3,6,9],[4,5,8],[4,6,7],
 [4,6,10],[4,8,10],[5,6,7],[5,7,9],[6,9,10],[7,8,9],[8,9,10]]

manifold_lex_d2_n10_o1_g1_#1682=[[1,2,3],[1,2,4],[1,3,5],[1,4,5],[2,3,6],
 [2,4,7],[2,5,6],[2,5,8],[2,7,8],[3,5,9],[3,6,9],[4,5,8],[4,6,7],
 [4,6,10],[4,8,10],[5,6,7],[5,7,9],[6,9,10],[7,8,10],[7,9,10]]

manifold_lex_d2_n10_o1_g1_#1683=[[1,2,3],[1,2,4],[1,3,5],[1,4,5],[2,3,6],
 [2,4,7],[2,5,6],[2,5,8],[2,7,8],[3,5,9],[3,6,9],[4,5,8],[4,6,7],
 [4,6,10],[4,8,10],[5,6,7],[5,7,10],[5,9,10],[6,9,10],[7,8,10]]

manifold_lex_d2_n10_o1_g1_#1684=[[1,2,3],[1,2,4],[1,3,5],[1,4,5],[2,3,6],
 [2,4,7],[2,5,6],[2,5,8],[2,7,8],[3,5,9],[3,6,9],[4,5,8],[4,6,8],
 [4,6,10],[4,7,10],[5,6,10],[5,9,10],[6,7,8],[6,7,9],[7,9,10]]

manifold_lex_d2_n10_o1_g1_#1685=[[1,2,3],[1,2,4],[1,3,5],[1,4,5],[2,3,6],
 [2,4,7],[2,5,6],[2,5,8],[2,7,8],[3,5,9],[3,6,9],[4,5,8],[4,6,8],
 [4,6,10],[4,7,10],[5,6,10],[5,9,10],[6,8,9],[7,8,9],[7,9,10]]

manifold_lex_d2_n10_o1_g1_#1686=[[1,2,3],[1,2,4],[1,3,5],[1,4,5],[2,3,6],
 [2,4,7],[2,5,6],[2,5,8],[2,7,8],[3,5,9],[3,6,9],[4,5,8],[4,6,9],
 [4,6,10],[4,7,10],[4,8,9],[5,6,10],[5,7,9],[5,7,10],[7,8,9]]

manifold_lex_d2_n10_o1_g1_#1687=[[1,2,3],[1,2,4],[1,3,5],[1,4,5],[2,3,6],
 [2,4,7],[2,5,6],[2,5,8],[2,7,8],[3,5,9],[3,6,9],[4,5,8],[4,6,9],
 [4,6,10],[4,7,10],[4,8,9],[5,6,10],[5,9,10],[7,8,9],[7,9,10]]

manifold_lex_d2_n10_o1_g1_#1688=[[1,2,3],[1,2,4],[1,3,5],[1,4,5],[2,3,6],
 [2,4,7],[2,5,6],[2,5,8],[2,7,8],[3,5,9],[3,6,9],[4,5,8],[4,7,9],
 [4,8,9],[5,6,10],[5,9,10],[6,7,9],[6,7,10],[7,8,10],[8,9,10]]

manifold_lex_d2_n10_o1_g1_#1689=[[1,2,3],[1,2,4],[1,3,5],[1,4,5],[2,3,6],
 [2,4,7],[2,5,6],[2,5,8],[2,7,8],[3,5,9],[3,6,9],[4,5,8],[4,7,9],
 [4,8,10],[4,9,10],[5,6,7],[5,7,10],[5,9,10],[6,7,9],[7,8,10]]

manifold_lex_d2_n10_o1_g1_#1690=[[1,2,3],[1,2,4],[1,3,5],[1,4,5],[2,3,6],
 [2,4,7],[2,5,6],[2,5,8],[2,7,8],[3,5,9],[3,6,9],[4,5,8],[4,7,9],
 [4,8,10],[4,9,10],[5,6,10],[5,9,10],[6,7,8],[6,7,9],[6,8,10]]

manifold_lex_d2_n10_o1_g1_#1691=[[1,2,3],[1,2,4],[1,3,5],[1,4,5],[2,3,6],
 [2,4,7],[2,5,6],[2,5,8],[2,7,8],[3,5,9],[3,6,9],[4,5,8],[4,7,9],
 [4,8,10],[4,9,10],[5,6,10],[5,9,10],[6,7,9],[6,7,10],[7,8,10]]

manifold_lex_d2_n10_o1_g1_#1692=[[1,2,3],[1,2,4],[1,3,5],[1,4,5],[2,3,6],
 [2,4,7],[2,5,6],[2,5,8],[2,7,8],[3,5,9],[3,6,9],[4,5,8],[4,7,10],
 [4,8,9],[4,9,10],[5,6,10],[5,7,9],[5,7,10],[6,9,10],[7,8,9]]

manifold_lex_d2_n10_o1_g1_#1693=[[1,2,3],[1,2,4],[1,3,5],[1,4,5],[2,3,6],
 [2,4,7],[2,5,6],[2,5,8],[2,7,8],[3,5,9],[3,6,9],[4,5,8],[4,7,10],
 [4,8,10],[5,6,7],[5,7,9],[6,7,10],[6,9,10],[7,8,9],[8,9,10]]

manifold_lex_d2_n10_o1_g1_#1694=[[1,2,3],[1,2,4],[1,3,5],[1,4,5],[2,3,6],
 [2,4,7],[2,5,6],[2,5,8],[2,7,8],[3,5,9],[3,6,9],[4,5,8],[4,7,10],
 [4,8,10],[5,6,10],[5,7,9],[5,7,10],[6,8,9],[6,8,10],[7,8,9]]

manifold_lex_d2_n10_o1_g1_#1695=[[1,2,3],[1,2,4],[1,3,5],[1,4,5],[2,3,6],
 [2,4,7],[2,5,6],[2,5,8],[2,7,8],[3,5,9],[3,6,9],[4,5,8],[4,7,10],
 [4,8,10],[5,6,10],[5,7,9],[5,7,10],[6,9,10],[7,8,9],[8,9,10]]

manifold_lex_d2_n10_o1_g1_#1696=[[1,2,3],[1,2,4],[1,3,5],[1,4,5],[2,3,6],
 [2,4,7],[2,5,6],[2,5,8],[2,7,8],[3,5,9],[3,6,9],[4,5,8],[4,7,10],
 [4,8,10],[5,6,10],[5,9,10],[6,7,8],[6,7,9],[6,8,10],[7,9,10]]

manifold_lex_d2_n10_o1_g1_#1697=[[1,2,3],[1,2,4],[1,3,5],[1,4,5],[2,3,6],
 [2,4,7],[2,5,6],[2,5,8],[2,7,8],[3,5,9],[3,6,9],[4,5,8],[4,7,10],
 [4,8,10],[5,6,10],[5,9,10],[6,8,9],[6,8,10],[7,8,9],[7,9,10]]

manifold_lex_d2_n10_o1_g1_#1698=[[1,2,3],[1,2,4],[1,3,5],[1,4,5],[2,3,6],
 [2,4,7],[2,5,6],[2,5,8],[2,7,8],[3,5,9],[3,6,9],[4,5,10],[4,6,7],
 [4,6,9],[4,9,10],[5,6,7],[5,7,9],[5,8,10],[7,8,9],[8,9,10]]

manifold_lex_d2_n10_o1_g1_#1699=[[1,2,3],[1,2,4],[1,3,5],[1,4,5],[2,3,6],
 [2,4,7],[2,5,6],[2,5,8],[2,7,8],[3,5,9],[3,6,9],[4,5,10],[4,6,7],
 [4,6,10],[5,6,7],[5,7,9],[5,8,10],[6,8,9],[6,8,10],[7,8,9]]

manifold_lex_d2_n10_o1_g1_#1700=[[1,2,3],[1,2,4],[1,3,5],[1,4,5],[2,3,6],
 [2,4,7],[2,5,6],[2,5,8],[2,7,8],[3,5,9],[3,6,9],[4,5,10],[4,6,7],
 [4,6,10],[5,6,7],[5,7,9],[5,8,10],[6,9,10],[7,8,9],[8,9,10]]

manifold_lex_d2_n10_o1_g1_#1701=[[1,2,3],[1,2,4],[1,3,5],[1,4,5],[2,3,6],
 [2,4,7],[2,5,6],[2,5,8],[2,7,8],[3,5,9],[3,6,9],[4,5,10],[4,7,10],
 [5,6,7],[5,7,9],[5,8,10],[6,7,10],[6,8,9],[6,8,10],[7,8,9]]

manifold_lex_d2_n10_o1_g1_#1702=[[1,2,3],[1,2,4],[1,3,5],[1,4,5],[2,3,6],
 [2,4,7],[2,5,6],[2,5,8],[2,7,8],[3,5,9],[3,6,9],[4,5,10],[4,7,10],
 [5,6,7],[5,7,9],[5,8,10],[6,7,10],[6,9,10],[7,8,9],[8,9,10]]

manifold_lex_d2_n10_o1_g1_#1703=[[1,2,3],[1,2,4],[1,3,5],[1,4,5],[2,3,6],
 [2,4,7],[2,5,6],[2,5,8],[2,7,8],[3,5,9],[3,6,10],[3,7,8],[3,7,9],
 [3,8,10],[4,5,8],[4,6,7],[4,6,10],[4,8,10],[5,6,9],[6,7,9]]

manifold_lex_d2_n10_o1_g1_#1704=[[1,2,3],[1,2,4],[1,3,5],[1,4,5],[2,3,6],
 [2,4,7],[2,5,6],[2,5,8],[2,7,8],[3,5,9],[3,6,10],[3,7,8],[3,7,9],
 [3,8,10],[4,5,8],[4,6,9],[4,6,10],[4,7,9],[4,8,10],[5,6,9]]

manifold_lex_d2_n10_o1_g1_#1705=[[1,2,3],[1,2,4],[1,3,5],[1,4,5],[2,3,6],
 [2,4,7],[2,5,6],[2,5,8],[2,7,8],[3,5,9],[3,6,10],[3,7,8],[3,7,9],
 [3,8,10],[4,5,8],[4,7,9],[4,8,9],[5,6,10],[5,9,10],[8,9,10]]

manifold_lex_d2_n10_o1_g1_#1706=[[1,2,3],[1,2,4],[1,3,5],[1,4,5],[2,3,6],
 [2,4,7],[2,5,6],[2,5,8],[2,7,8],[3,5,9],[3,6,10],[3,7,8],[3,7,9],
 [3,8,10],[4,5,8],[4,7,9],[4,8,10],[4,9,10],[5,6,9],[6,9,10]]

manifold_lex_d2_n10_o1_g1_#1707=[[1,2,3],[1,2,4],[1,3,5],[1,4,5],[2,3,6],
 [2,4,7],[2,5,6],[2,5,8],[2,7,8],[3,5,9],[3,6,10],[3,7,8],[3,7,9],
 [3,8,10],[4,5,8],[4,7,9],[4,8,10],[4,9,10],[5,6,10],[5,9,10]]

manifold_lex_d2_n10_o1_g1_#1708=[[1,2,3],[1,2,4],[1,3,5],[1,4,5],[2,3,6],
 [2,4,7],[2,5,6],[2,5,8],[2,7,8],[3,5,9],[3,6,10],[3,7,8],[3,7,9],
 [3,8,10],[4,5,8],[4,7,10],[4,8,10],[5,6,9],[6,9,10],[7,9,10]]

manifold_lex_d2_n10_o1_g1_#1709=[[1,2,3],[1,2,4],[1,3,5],[1,4,5],[2,3,6],
 [2,4,7],[2,5,6],[2,5,8],[2,7,8],[3,5,9],[3,6,10],[3,7,8],[3,7,9],
 [3,8,10],[4,5,8],[4,7,10],[4,8,10],[5,6,10],[5,9,10],[7,9,10]]

manifold_lex_d2_n10_o1_g1_#1710=[[1,2,3],[1,2,4],[1,3,5],[1,4,5],[2,3,6],
 [2,4,7],[2,5,6],[2,5,8],[2,7,8],[3,5,9],[3,6,10],[3,7,8],[3,7,9],
 [3,8,10],[4,5,10],[4,6,7],[4,6,10],[5,6,9],[5,8,10],[6,7,9]]

manifold_lex_d2_n10_o1_g1_#1711=[[1,2,3],[1,2,4],[1,3,5],[1,4,5],[2,3,6],
 [2,4,7],[2,5,6],[2,5,8],[2,7,8],[3,5,9],[3,6,10],[3,7,8],[3,7,9],
 [3,8,10],[4,5,10],[4,6,9],[4,6,10],[4,7,9],[5,6,9],[5,8,10]]

manifold_lex_d2_n10_o1_g1_#1712=[[1,2,3],[1,2,4],[1,3,5],[1,4,5],[2,3,6],
 [2,4,7],[2,5,6],[2,5,8],[2,7,8],[3,5,9],[3,6,10],[3,7,8],[3,7,9],
 [3,8,10],[4,5,10],[4,7,9],[4,9,10],[5,6,9],[5,8,10],[6,9,10]]

manifold_lex_d2_n10_o1_g1_#1713=[[1,2,3],[1,2,4],[1,3,5],[1,4,5],[2,3,6],
 [2,4,7],[2,5,6],[2,5,8],[2,7,8],[3,5,9],[3,6,10],[3,7,8],[3,7,9],
 [3,8,10],[4,5,10],[4,7,10],[5,6,9],[5,8,10],[6,9,10],[7,9,10]]

manifold_lex_d2_n10_o1_g1_#1714=[[1,2,3],[1,2,4],[1,3,5],[1,4,5],[2,3,6],
 [2,4,7],[2,5,6],[2,5,8],[2,7,8],[3,5,9],[3,6,10],[3,7,9],[3,7,10],
 [4,5,8],[4,6,7],[4,6,10],[4,8,10],[5,6,9],[6,7,9],[7,8,10]]

manifold_lex_d2_n10_o1_g1_#1715=[[1,2,3],[1,2,4],[1,3,5],[1,4,5],[2,3,6],
 [2,4,7],[2,5,6],[2,5,8],[2,7,8],[3,5,9],[3,6,10],[3,7,9],[3,7,10],
 [4,5,8],[4,7,9],[4,8,9],[5,6,10],[5,9,10],[7,8,10],[8,9,10]]

manifold_lex_d2_n10_o1_g1_#1716=[[1,2,3],[1,2,4],[1,3,5],[1,4,5],[2,3,6],
 [2,4,7],[2,5,6],[2,5,8],[2,7,8],[3,5,9],[3,6,10],[3,7,9],[3,7,10],
 [4,5,8],[4,7,9],[4,8,10],[4,9,10],[5,6,9],[6,9,10],[7,8,10]]

manifold_lex_d2_n10_o1_g1_#1717=[[1,2,3],[1,2,4],[1,3,5],[1,4,5],[2,3,6],
 [2,4,7],[2,5,6],[2,5,8],[2,7,8],[3,5,9],[3,6,10],[3,7,9],[3,7,10],
 [4,5,8],[4,7,9],[4,8,10],[4,9,10],[5,6,10],[5,9,10],[7,8,10]]

manifold_lex_d2_n10_o1_g1_#1718=[[1,2,3],[1,2,4],[1,3,5],[1,4,5],[2,3,6],
 [2,4,7],[2,5,6],[2,5,8],[2,7,8],[3,5,9],[3,6,10],[3,7,9],[3,7,10],
 [4,5,10],[4,6,9],[4,6,10],[4,7,9],[5,6,9],[5,8,10],[7,8,10]]

manifold_lex_d2_n10_o1_g1_#1719=[[1,2,3],[1,2,4],[1,3,5],[1,4,5],[2,3,6],
 [2,4,7],[2,5,6],[2,5,8],[2,7,8],[3,5,9],[3,6,10],[3,7,9],[3,7,10],
 [4,5,10],[4,7,9],[4,9,10],[5,6,9],[5,8,10],[6,9,10],[7,8,10]]

manifold_lex_d2_n10_o1_g1_#1720=[[1,2,3],[1,2,4],[1,3,5],[1,4,5],[2,3,6],
 [2,4,7],[2,5,6],[2,5,8],[2,7,8],[3,5,9],[3,6,10],[3,8,9],[3,8,10],
 [4,5,8],[4,6,7],[4,6,10],[4,8,10],[5,6,9],[6,7,9],[7,8,9]]

manifold_lex_d2_n10_o1_g1_#1721=[[1,2,3],[1,2,4],[1,3,5],[1,4,5],[2,3,6],
 [2,4,7],[2,5,6],[2,5,8],[2,7,8],[3,5,9],[3,6,10],[3,8,9],[3,8,10],
 [4,5,8],[4,7,10],[4,8,10],[5,6,9],[6,7,9],[6,7,10],[7,8,9]]

manifold_lex_d2_n10_o1_g1_#1722=[[1,2,3],[1,2,4],[1,3,5],[1,4,5],[2,3,6],
 [2,4,7],[2,5,6],[2,5,8],[2,7,8],[3,5,9],[3,6,10],[3,8,9],[3,8,10],
 [4,5,8],[4,7,10],[4,8,10],[5,6,9],[6,9,10],[7,8,9],[7,9,10]]

manifold_lex_d2_n10_o1_g1_#1723=[[1,2,3],[1,2,4],[1,3,5],[1,4,5],[2,3,6],
 [2,4,7],[2,5,6],[2,5,8],[2,7,8],[3,5,9],[3,6,10],[3,8,9],[3,8,10],
 [4,5,10],[4,6,7],[4,6,10],[5,6,9],[5,8,10],[6,7,9],[7,8,9]]

manifold_lex_d2_n10_o1_g1_#1724=[[1,2,3],[1,2,4],[1,3,5],[1,4,5],[2,3,6],
 [2,4,7],[2,5,6],[2,5,8],[2,7,8],[3,5,9],[3,6,10],[3,8,9],[3,8,10],
 [4,5,10],[4,6,9],[4,6,10],[4,7,9],[5,6,9],[5,8,10],[7,8,9]]

manifold_lex_d2_n10_o1_g1_#1725=[[1,2,3],[1,2,4],[1,3,5],[1,4,5],[2,3,6],
 [2,4,7],[2,5,6],[2,5,8],[2,7,8],[3,5,9],[3,6,10],[3,8,9],[3,8,10],
 [4,5,10],[4,7,9],[4,9,10],[5,6,9],[5,8,10],[6,9,10],[7,8,9]]

manifold_lex_d2_n10_o1_g1_#1726=[[1,2,3],[1,2,4],[1,3,5],[1,4,5],[2,3,6],
 [2,4,7],[2,5,6],[2,5,8],[2,7,8],[3,5,9],[3,6,10],[3,8,9],[3,8,10],
 [4,5,10],[4,7,10],[5,6,9],[5,8,10],[6,7,9],[6,7,10],[7,8,9]]

manifold_lex_d2_n10_o1_g1_#1727=[[1,2,3],[1,2,4],[1,3,5],[1,4,5],[2,3,6],
 [2,4,7],[2,5,6],[2,5,8],[2,7,8],[3,5,9],[3,6,10],[3,8,9],[3,8,10],
 [4,5,10],[4,7,10],[5,6,9],[5,8,10],[6,9,10],[7,8,9],[7,9,10]]

manifold_lex_d2_n10_o1_g1_#1728=[[1,2,3],[1,2,4],[1,3,5],[1,4,5],[2,3,6],
 [2,4,7],[2,5,6],[2,5,8],[2,7,8],[3,5,9],[3,6,10],[3,9,10],[4,5,8],
 [4,6,7],[4,6,8],[5,6,7],[5,7,9],[6,8,10],[7,8,9],[8,9,10]]

manifold_lex_d2_n10_o1_g1_#1729=[[1,2,3],[1,2,4],[1,3,5],[1,4,5],[2,3,6],
 [2,4,7],[2,5,6],[2,5,8],[2,7,8],[3,5,9],[3,6,10],[3,9,10],[4,5,8],
 [4,6,7],[4,6,8],[5,6,7],[5,7,9],[6,8,10],[7,8,10],[7,9,10]]

manifold_lex_d2_n10_o1_g1_#1730=[[1,2,3],[1,2,4],[1,3,5],[1,4,5],[2,3,6],
 [2,4,7],[2,5,6],[2,5,8],[2,7,8],[3,5,9],[3,6,10],[3,9,10],[4,5,8],
 [4,6,7],[4,6,10],[4,8,9],[4,9,10],[5,6,7],[5,7,9],[7,8,9]]

manifold_lex_d2_n10_o1_g1_#1731=[[1,2,3],[1,2,4],[1,3,5],[1,4,5],[2,3,6],
 [2,4,7],[2,5,6],[2,5,8],[2,7,8],[3,5,9],[3,6,10],[3,9,10],[4,5,8],
 [4,6,7],[4,6,10],[4,8,10],[5,6,7],[5,7,9],[7,8,9],[8,9,10]]

manifold_lex_d2_n10_o1_g1_#1732=[[1,2,3],[1,2,4],[1,3,5],[1,4,5],[2,3,6],
 [2,4,7],[2,5,6],[2,5,8],[2,7,8],[3,5,9],[3,6,10],[3,9,10],[4,5,8],
 [4,6,7],[4,6,10],[4,8,10],[5,6,7],[5,7,9],[7,8,10],[7,9,10]]

manifold_lex_d2_n10_o1_g1_#1733=[[1,2,3],[1,2,4],[1,3,5],[1,4,5],[2,3,6],
 [2,4,7],[2,5,6],[2,5,8],[2,7,8],[3,5,9],[3,6,10],[3,9,10],[4,5,8],
 [4,7,10],[4,8,9],[4,9,10],[5,6,7],[5,7,9],[6,7,10],[7,8,9]]

manifold_lex_d2_n10_o1_g1_#1734=[[1,2,3],[1,2,4],[1,3,5],[1,4,5],[2,3,6],
 [2,4,7],[2,5,6],[2,5,8],[2,7,8],[3,5,9],[3,6,10],[3,9,10],[4,5,8],
 [4,7,10],[4,8,10],[5,6,7],[5,7,9],[6,7,10],[7,8,9],[8,9,10]]

manifold_lex_d2_n10_o1_g1_#1735=[[1,2,3],[1,2,4],[1,3,5],[1,4,5],[2,3,6],
 [2,4,7],[2,5,6],[2,5,8],[2,7,8],[3,5,9],[3,6,10],[3,9,10],[4,5,8],
 [4,7,10],[4,8,10],[5,6,9],[6,7,8],[6,7,10],[6,8,9],[8,9,10]]

manifold_lex_d2_n10_o1_g1_#1736=[[1,2,3],[1,2,4],[1,3,5],[1,4,5],[2,3,6],
 [2,4,7],[2,5,6],[2,5,8],[2,7,8],[3,5,9],[3,6,10],[3,9,10],[4,5,8],
 [4,7,10],[4,8,10],[5,6,9],[6,7,9],[6,7,10],[7,8,9],[8,9,10]]

manifold_lex_d2_n10_o1_g1_#1737=[[1,2,3],[1,2,4],[1,3,5],[1,4,5],[2,3,6],
 [2,4,7],[2,5,6],[2,5,8],[2,7,8],[3,5,9],[3,6,10],[3,9,10],[4,5,10],
 [4,6,7],[4,6,10],[5,6,7],[5,7,9],[5,8,10],[7,8,9],[8,9,10]]

manifold_lex_d2_n10_o1_g1_#1738=[[1,2,3],[1,2,4],[1,3,5],[1,4,5],[2,3,6],
 [2,4,7],[2,5,6],[2,5,8],[2,7,8],[3,5,9],[3,6,10],[3,9,10],[4,5,10],
 [4,6,7],[4,6,10],[5,6,9],[5,8,10],[6,7,8],[6,8,9],[8,9,10]]

manifold_lex_d2_n10_o1_g1_#1739=[[1,2,3],[1,2,4],[1,3,5],[1,4,5],[2,3,6],
 [2,4,7],[2,5,6],[2,5,8],[2,7,8],[3,5,9],[3,6,10],[3,9,10],[4,5,10],
 [4,6,7],[4,6,10],[5,6,9],[5,8,10],[6,7,9],[7,8,9],[8,9,10]]

manifold_lex_d2_n10_o1_g1_#1740=[[1,2,3],[1,2,4],[1,3,5],[1,4,5],[2,3,6],
 [2,4,7],[2,5,6],[2,5,8],[2,7,8],[3,5,9],[3,6,10],[3,9,10],[4,5,10],
 [4,6,7],[4,6,10],[5,6,9],[5,8,10],[6,7,9],[7,8,10],[7,9,10]]

manifold_lex_d2_n10_o1_g1_#1741=[[1,2,3],[1,2,4],[1,3,5],[1,4,5],[2,3,6],
 [2,4,7],[2,5,6],[2,5,8],[2,7,8],[3,5,9],[3,6,10],[3,9,10],[4,5,10],
 [4,6,9],[4,6,10],[4,7,9],[5,6,9],[5,8,10],[7,8,9],[8,9,10]]

manifold_lex_d2_n10_o1_g1_#1742=[[1,2,3],[1,2,4],[1,3,5],[1,4,5],[2,3,6],
 [2,4,7],[2,5,6],[2,5,8],[2,7,8],[3,5,9],[3,6,10],[3,9,10],[4,5,10],
 [4,6,9],[4,6,10],[4,7,9],[5,6,9],[5,8,10],[7,8,10],[7,9,10]]

manifold_lex_d2_n10_o1_g1_#1743=[[1,2,3],[1,2,4],[1,3,5],[1,4,5],[2,3,6],
 [2,4,7],[2,5,6],[2,5,8],[2,7,8],[3,5,9],[3,6,10],[3,9,10],[4,5,10],
 [4,7,10],[5,6,7],[5,7,9],[5,8,10],[6,7,10],[7,8,9],[8,9,10]]

manifold_lex_d2_n10_o1_g1_#1744=[[1,2,3],[1,2,4],[1,3,5],[1,4,5],[2,3,6],
 [2,4,7],[2,5,6],[2,5,8],[2,7,8],[3,5,9],[3,6,10],[3,9,10],[4,5,10],
 [4,7,10],[5,6,9],[5,8,10],[6,7,8],[6,7,10],[6,8,9],[8,9,10]]

manifold_lex_d2_n10_o1_g1_#1745=[[1,2,3],[1,2,4],[1,3,5],[1,4,5],[2,3,6],
 [2,4,7],[2,5,6],[2,5,8],[2,7,8],[3,5,9],[3,6,10],[3,9,10],[4,5,10],
 [4,7,10],[5,6,9],[5,8,10],[6,7,9],[6,7,10],[7,8,9],[8,9,10]]

manifold_lex_d2_n10_o1_g1_#1746=[[1,2,3],[1,2,4],[1,3,5],[1,4,5],[2,3,6],
 [2,4,7],[2,5,6],[2,5,8],[2,7,9],[2,8,9],[3,4,6],[3,4,8],[3,5,7],
 [3,7,9],[3,8,9],[4,5,8],[4,6,10],[4,7,10],[5,6,10],[5,7,10]]

manifold_lex_d2_n10_o1_g1_#1747=[[1,2,3],[1,2,4],[1,3,5],[1,4,5],[2,3,6],
 [2,4,7],[2,5,6],[2,5,8],[2,7,9],[2,8,9],[3,4,7],[3,4,10],[3,5,10],
 [3,6,9],[3,7,9],[4,5,8],[4,8,9],[4,9,10],[5,6,9],[5,9,10]]

manifold_lex_d2_n10_o1_g1_#1748=[[1,2,3],[1,2,4],[1,3,5],[1,4,5],[2,3,6],
 [2,4,7],[2,5,6],[2,5,8],[2,7,9],[2,8,9],[3,4,9],[3,4,10],[3,5,7],
 [3,6,10],[3,7,9],[4,5,8],[4,7,10],[4,8,9],[5,6,10],[5,7,10]]

manifold_lex_d2_n10_o1_g1_#1749=[[1,2,3],[1,2,4],[1,3,5],[1,4,5],[2,3,6],
 [2,4,7],[2,5,6],[2,5,8],[2,7,9],[2,8,9],[3,5,7],[3,6,7],[4,5,8],
 [4,7,8],[5,6,10],[5,7,10],[6,7,9],[6,9,10],[7,8,10],[8,9,10]]

manifold_lex_d2_n10_o1_g1_#1750=[[1,2,3],[1,2,4],[1,3,5],[1,4,5],[2,3,6],
 [2,4,7],[2,5,6],[2,5,8],[2,7,9],[2,8,9],[3,5,7],[3,6,7],[4,5,8],
 [4,7,10],[4,8,10],[5,6,9],[5,7,10],[5,9,10],[6,7,9],[8,9,10]]

manifold_lex_d2_n10_o1_g1_#1751=[[1,2,3],[1,2,4],[1,3,5],[1,4,5],[2,3,6],
 [2,4,7],[2,5,6],[2,5,8],[2,7,9],[2,8,9],[3,5,7],[3,6,7],[4,5,8],
 [4,7,10],[4,8,10],[5,6,10],[5,7,10],[6,7,9],[6,9,10],[8,9,10]]

manifold_lex_d2_n10_o1_g1_#1752=[[1,2,3],[1,2,4],[1,3,5],[1,4,5],[2,3,6],
 [2,4,7],[2,5,6],[2,5,8],[2,7,9],[2,8,9],[3,5,7],[3,6,9],[3,7,9],
 [4,5,8],[4,6,9],[4,6,10],[4,7,10],[4,8,9],[5,6,10],[5,7,10]]

manifold_lex_d2_n10_o1_g1_#1753=[[1,2,3],[1,2,4],[1,3,5],[1,4,5],[2,3,6],
 [2,4,7],[2,5,6],[2,5,8],[2,7,9],[2,8,9],[3,5,7],[3,6,9],[3,7,9],
 [4,5,8],[4,7,10],[4,8,10],[5,6,10],[5,7,10],[6,8,9],[6,8,10]]

manifold_lex_d2_n10_o1_g1_#1754=[[1,2,3],[1,2,4],[1,3,5],[1,4,5],[2,3,6],
 [2,4,7],[2,5,6],[2,5,8],[2,7,9],[2,8,9],[3,5,7],[3,6,9],[3,7,9],
 [4,5,8],[4,7,10],[4,8,10],[5,6,10],[5,7,10],[6,9,10],[8,9,10]]

manifold_lex_d2_n10_o1_g1_#1755=[[1,2,3],[1,2,4],[1,3,5],[1,4,5],[2,3,6],
 [2,4,7],[2,5,6],[2,5,8],[2,7,9],[2,8,9],[3,5,7],[3,6,9],[3,7,9],
 [4,5,10],[4,6,7],[4,6,10],[5,6,7],[5,8,10],[6,8,9],[6,8,10]]

manifold_lex_d2_n10_o1_g1_#1756=[[1,2,3],[1,2,4],[1,3,5],[1,4,5],[2,3,6],
 [2,4,7],[2,5,6],[2,5,8],[2,7,9],[2,8,9],[3,5,7],[3,6,9],[3,7,9],
 [4,5,10],[4,6,7],[4,6,10],[5,6,7],[5,8,10],[6,9,10],[8,9,10]]

manifold_lex_d2_n10_o1_g1_#1757=[[1,2,3],[1,2,4],[1,3,5],[1,4,5],[2,3,6],
 [2,4,7],[2,5,6],[2,5,8],[2,7,9],[2,8,9],[3,5,7],[3,6,9],[3,7,9],
 [4,5,10],[4,7,10],[5,6,7],[5,8,10],[6,7,8],[6,8,9],[7,8,10]]

manifold_lex_d2_n10_o1_g1_#1758=[[1,2,3],[1,2,4],[1,3,5],[1,4,5],[2,3,6],
 [2,4,7],[2,5,6],[2,5,8],[2,7,9],[2,8,9],[3,5,7],[3,6,9],[3,7,9],
 [4,5,10],[4,7,10],[5,6,7],[5,8,10],[6,7,10],[6,8,9],[6,8,10]]

manifold_lex_d2_n10_o1_g1_#1759=[[1,2,3],[1,2,4],[1,3,5],[1,4,5],[2,3,6],
 [2,4,7],[2,5,6],[2,5,8],[2,7,9],[2,8,9],[3,5,7],[3,6,9],[3,7,9],
 [4,5,10],[4,7,10],[5,6,7],[5,8,10],[6,7,10],[6,9,10],[8,9,10]]

manifold_lex_d2_n10_o1_g1_#1760=[[1,2,3],[1,2,4],[1,3,5],[1,4,5],[2,3,6],
 [2,4,7],[2,5,6],[2,5,8],[2,7,9],[2,8,9],[3,5,7],[3,6,10],[3,7,9],
 [3,8,9],[3,8,10],[4,5,10],[4,6,7],[4,6,10],[5,6,7],[5,8,10]]

manifold_lex_d2_n10_o1_g1_#1761=[[1,2,3],[1,2,4],[1,3,5],[1,4,5],[2,3,6],
 [2,4,7],[2,5,6],[2,5,8],[2,7,9],[2,8,9],[3,5,7],[3,6,10],[3,7,9],
 [3,8,9],[3,8,10],[4,5,10],[4,7,10],[5,6,7],[5,8,10],[6,7,10]]

manifold_lex_d2_n10_o1_g1_#1762=[[1,2,3],[1,2,4],[1,3,5],[1,4,5],[2,3,6],
 [2,4,7],[2,5,6],[2,5,8],[2,7,9],[2,8,9],[3,5,7],[3,6,10],[3,7,9],
 [3,9,10],[4,5,10],[4,6,7],[4,6,10],[5,6,7],[5,8,10],[8,9,10]]

manifold_lex_d2_n10_o1_g1_#1763=[[1,2,3],[1,2,4],[1,3,5],[1,4,5],[2,3,6],
 [2,4,7],[2,5,6],[2,5,8],[2,7,9],[2,8,9],[3,5,7],[3,6,10],[3,7,9],
 [3,9,10],[4,5,10],[4,7,10],[5,6,7],[5,8,10],[6,7,10],[8,9,10]]

manifold_lex_d2_n10_o1_g1_#1764=[[1,2,3],[1,2,4],[1,3,5],[1,4,5],[2,3,6],
 [2,4,7],[2,5,6],[2,5,8],[2,7,9],[2,8,9],[3,5,9],[3,6,7],[3,7,8],
 [3,8,9],[4,5,8],[4,7,8],[5,6,10],[5,9,10],[6,7,10],[7,9,10]]

manifold_lex_d2_n10_o1_g1_#1765=[[1,2,3],[1,2,4],[1,3,5],[1,4,5],[2,3,6],
 [2,4,7],[2,5,6],[2,5,8],[2,7,9],[2,8,9],[3,5,9],[3,6,7],[3,7,8],
 [3,8,9],[4,5,10],[4,7,10],[5,6,9],[5,8,10],[6,7,9],[7,8,10]]

manifold_lex_d2_n10_o1_g1_#1766=[[1,2,3],[1,2,4],[1,3,5],[1,4,5],[2,3,6],
 [2,4,7],[2,5,6],[2,5,8],[2,7,9],[2,8,9],[3,5,9],[3,6,7],[3,7,10],
 [3,8,9],[3,8,10],[4,5,10],[4,7,10],[5,6,9],[5,8,10],[6,7,9]]

manifold_lex_d2_n10_o1_g1_#1767=[[1,2,3],[1,2,4],[1,3,5],[1,4,5],[2,3,6],
 [2,4,7],[2,5,6],[2,5,8],[2,7,9],[2,8,9],[3,5,9],[3,6,8],[3,8,9],
 [4,5,8],[4,6,7],[4,6,8],[5,6,10],[5,9,10],[6,7,10],[7,9,10]]

manifold_lex_d2_n10_o1_g1_#1768=[[1,2,3],[1,2,4],[1,3,5],[1,4,5],[2,3,6],
 [2,4,7],[2,5,6],[2,5,8],[2,7,9],[2,8,9],[3,5,9],[3,6,8],[3,8,9],
 [4,5,8],[4,6,8],[4,6,10],[4,7,10],[5,6,10],[5,9,10],[7,9,10]]

manifold_lex_d2_n10_o1_g1_#1769=[[1,2,3],[1,2,4],[1,3,5],[1,4,5],[2,3,6],
 [2,4,7],[2,5,6],[2,5,8],[2,7,9],[2,8,9],[3,5,9],[3,6,8],[3,8,9],
 [4,5,8],[4,7,8],[5,6,10],[5,7,9],[5,7,10],[6,8,10],[7,8,10]]

manifold_lex_d2_n10_o1_g1_#1770=[[1,2,3],[1,2,4],[1,3,5],[1,4,5],[2,3,6],
 [2,4,7],[2,5,6],[2,5,8],[2,7,9],[2,8,9],[3,5,9],[3,6,8],[3,8,9],
 [4,5,8],[4,7,8],[5,6,10],[5,9,10],[6,7,8],[6,7,10],[7,9,10]]

manifold_lex_d2_n10_o1_g1_#1771=[[1,2,3],[1,2,4],[1,3,5],[1,4,5],[2,3,6],
 [2,4,7],[2,5,6],[2,5,8],[2,7,9],[2,8,9],[3,5,9],[3,6,8],[3,8,9],
 [4,5,8],[4,7,8],[5,6,10],[5,9,10],[6,8,10],[7,8,10],[7,9,10]]

manifold_lex_d2_n10_o1_g1_#1772=[[1,2,3],[1,2,4],[1,3,5],[1,4,5],[2,3,6],
 [2,4,7],[2,5,6],[2,5,8],[2,7,9],[2,8,9],[3,5,9],[3,6,8],[3,8,9],
 [4,5,8],[4,7,10],[4,8,10],[5,6,7],[5,7,9],[6,7,10],[6,8,10]]

manifold_lex_d2_n10_o1_g1_#1773=[[1,2,3],[1,2,4],[1,3,5],[1,4,5],[2,3,6],
 [2,4,7],[2,5,6],[2,5,8],[2,7,9],[2,8,9],[3,5,9],[3,6,8],[3,8,9],
 [4,5,8],[4,7,10],[4,8,10],[5,6,10],[5,7,9],[5,7,10],[6,8,10]]

manifold_lex_d2_n10_o1_g1_#1774=[[1,2,3],[1,2,4],[1,3,5],[1,4,5],[2,3,6],
 [2,4,7],[2,5,6],[2,5,8],[2,7,9],[2,8,9],[3,5,9],[3,6,8],[3,8,9],
 [4,5,8],[4,7,10],[4,8,10],[5,6,10],[5,9,10],[6,8,10],[7,9,10]]

manifold_lex_d2_n10_o1_g1_#1775=[[1,2,3],[1,2,4],[1,3,5],[1,4,5],[2,3,6],
 [2,4,7],[2,5,6],[2,5,8],[2,7,9],[2,8,9],[3,5,9],[3,6,8],[3,8,9],
 [4,5,10],[4,6,7],[4,6,10],[5,6,9],[5,8,10],[6,7,9],[6,8,10]]

manifold_lex_d2_n10_o1_g1_#1776=[[1,2,3],[1,2,4],[1,3,5],[1,4,5],[2,3,6],
 [2,4,7],[2,5,6],[2,5,8],[2,7,9],[2,8,9],[3,5,9],[3,6,8],[3,8,9],
 [4,5,10],[4,7,10],[5,6,7],[5,7,9],[5,8,10],[6,7,10],[6,8,10]]

manifold_lex_d2_n10_o1_g1_#1777=[[1,2,3],[1,2,4],[1,3,5],[1,4,5],[2,3,6],
 [2,4,7],[2,5,6],[2,5,8],[2,7,9],[2,8,9],[3,5,9],[3,6,8],[3,8,9],
 [4,5,10],[4,7,10],[5,6,9],[5,8,10],[6,7,8],[6,7,9],[7,8,10]]

manifold_lex_d2_n10_o1_g1_#1778=[[1,2,3],[1,2,4],[1,3,5],[1,4,5],[2,3,6],
 [2,4,7],[2,5,6],[2,5,8],[2,7,9],[2,8,9],[3,5,9],[3,6,8],[3,8,9],
 [4,5,10],[4,7,10],[5,6,9],[5,8,10],[6,7,9],[6,7,10],[6,8,10]]

manifold_lex_d2_n10_o1_g1_#1779=[[1,2,3],[1,2,4],[1,3,5],[1,4,5],[2,3,6],
 [2,4,7],[2,5,6],[2,5,8],[2,7,9],[2,8,9],[3,5,9],[3,6,8],[3,8,9],
 [4,5,10],[4,7,10],[5,6,9],[5,8,10],[6,8,10],[6,9,10],[7,9,10]]

manifold_lex_d2_n10_o1_g1_#1780=[[1,2,3],[1,2,4],[1,3,5],[1,4,5],[2,3,6],
 [2,4,7],[2,5,6],[2,5,8],[2,7,9],[2,8,9],[3,5,9],[3,6,9],[4,5,8],
 [4,6,7],[4,6,10],[4,8,10],[5,6,7],[5,7,9],[6,9,10],[8,9,10]]

manifold_lex_d2_n10_o1_g1_#1781=[[1,2,3],[1,2,4],[1,3,5],[1,4,5],[2,3,6],
 [2,4,7],[2,5,6],[2,5,8],[2,7,9],[2,8,9],[3,5,9],[3,6,9],[4,5,8],
 [4,6,8],[4,6,10],[4,7,10],[5,6,10],[5,9,10],[6,8,9],[7,9,10]]

manifold_lex_d2_n10_o1_g1_#1782=[[1,2,3],[1,2,4],[1,3,5],[1,4,5],[2,3,6],
 [2,4,7],[2,5,6],[2,5,8],[2,7,9],[2,8,9],[3,5,9],[3,6,9],[4,5,8],
 [4,7,8],[5,6,10],[5,7,9],[5,7,10],[6,9,10],[7,8,10],[8,9,10]]

manifold_lex_d2_n10_o1_g1_#1783=[[1,2,3],[1,2,4],[1,3,5],[1,4,5],[2,3,6],
 [2,4,7],[2,5,6],[2,5,8],[2,7,9],[2,8,9],[3,5,9],[3,6,9],[4,5,8],
 [4,7,8],[5,6,10],[5,9,10],[6,8,9],[6,8,10],[7,8,10],[7,9,10]]

manifold_lex_d2_n10_o1_g1_#1784=[[1,2,3],[1,2,4],[1,3,5],[1,4,5],[2,3,6],
 [2,4,7],[2,5,6],[2,5,8],[2,7,9],[2,8,9],[3,5,9],[3,6,9],[4,5,8],
 [4,7,10],[4,8,10],[5,6,7],[5,7,9],[6,7,10],[6,8,9],[6,8,10]]

manifold_lex_d2_n10_o1_g1_#1785=[[1,2,3],[1,2,4],[1,3,5],[1,4,5],[2,3,6],
 [2,4,7],[2,5,6],[2,5,8],[2,7,9],[2,8,9],[3,5,9],[3,6,9],[4,5,8],
 [4,7,10],[4,8,10],[5,6,7],[5,7,9],[6,7,10],[6,9,10],[8,9,10]]

manifold_lex_d2_n10_o1_g1_#1786=[[1,2,3],[1,2,4],[1,3,5],[1,4,5],[2,3,6],
 [2,4,7],[2,5,6],[2,5,8],[2,7,9],[2,8,9],[3,5,9],[3,6,9],[4,5,8],
 [4,7,10],[4,8,10],[5,6,10],[5,7,9],[5,7,10],[6,8,9],[6,8,10]]

manifold_lex_d2_n10_o1_g1_#1787=[[1,2,3],[1,2,4],[1,3,5],[1,4,5],[2,3,6],
 [2,4,7],[2,5,6],[2,5,8],[2,7,9],[2,8,9],[3,5,9],[3,6,9],[4,5,8],
 [4,7,10],[4,8,10],[5,6,10],[5,7,9],[5,7,10],[6,9,10],[8,9,10]]

manifold_lex_d2_n10_o1_g1_#1788=[[1,2,3],[1,2,4],[1,3,5],[1,4,5],[2,3,6],
 [2,4,7],[2,5,6],[2,5,8],[2,7,9],[2,8,9],[3,5,9],[3,6,9],[4,5,8],
 [4,7,10],[4,8,10],[5,6,10],[5,9,10],[6,8,9],[6,8,10],[7,9,10]]

manifold_lex_d2_n10_o1_g1_#1789=[[1,2,3],[1,2,4],[1,3,5],[1,4,5],[2,3,6],
 [2,4,7],[2,5,6],[2,5,8],[2,7,9],[2,8,9],[3,5,9],[3,6,9],[4,5,10],
 [4,6,7],[4,6,10],[5,6,7],[5,7,9],[5,8,10],[6,8,9],[6,8,10]]

manifold_lex_d2_n10_o1_g1_#1790=[[1,2,3],[1,2,4],[1,3,5],[1,4,5],[2,3,6],
 [2,4,7],[2,5,6],[2,5,8],[2,7,9],[2,8,9],[3,5,9],[3,6,9],[4,5,10],
 [4,7,10],[5,6,7],[5,7,9],[5,8,10],[6,7,10],[6,8,9],[6,8,10]]

manifold_lex_d2_n10_o1_g1_#1791=[[1,2,3],[1,2,4],[1,3,5],[1,4,5],[2,3,6],
 [2,4,7],[2,5,6],[2,5,8],[2,7,9],[2,8,9],[3,5,9],[3,6,10],[3,7,8],
 [3,7,10],[3,8,9],[4,5,8],[4,7,8],[5,6,10],[5,9,10],[7,9,10]]

manifold_lex_d2_n10_o1_g1_#1792=[[1,2,3],[1,2,4],[1,3,5],[1,4,5],[2,3,6],
 [2,4,7],[2,5,6],[2,5,8],[2,7,9],[2,8,9],[3,5,9],[3,6,10],[3,8,9],
 [3,8,10],[4,5,8],[4,6,7],[4,6,10],[4,8,10],[5,6,7],[5,7,9]]

manifold_lex_d2_n10_o1_g1_#1793=[[1,2,3],[1,2,4],[1,3,5],[1,4,5],[2,3,6],
 [2,4,7],[2,5,6],[2,5,8],[2,7,9],[2,8,9],[3,5,9],[3,6,10],[3,8,9],
 [3,8,10],[4,5,8],[4,7,10],[4,8,10],[5,6,7],[5,7,9],[6,7,10]]

manifold_lex_d2_n10_o1_g1_#1794=[[1,2,3],[1,2,4],[1,3,5],[1,4,5],[2,3,6],
 [2,4,7],[2,5,6],[2,5,8],[2,7,9],[2,8,9],[3,5,9],[3,6,10],[3,8,9],
 [3,8,10],[4,5,10],[4,6,7],[4,6,10],[5,6,7],[5,7,9],[5,8,10]]

manifold_lex_d2_n10_o1_g1_#1795=[[1,2,3],[1,2,4],[1,3,5],[1,4,5],[2,3,6],
 [2,4,7],[2,5,6],[2,5,8],[2,7,9],[2,8,9],[3,5,9],[3,6,10],[3,8,9],
 [3,8,10],[4,5,10],[4,7,10],[5,6,7],[5,7,9],[5,8,10],[6,7,10]]

manifold_lex_d2_n10_o1_g1_#1796=[[1,2,3],[1,2,4],[1,3,5],[1,4,5],[2,3,6],
 [2,4,7],[2,5,6],[2,5,8],[2,7,9],[2,8,9],[3,5,9],[3,6,10],[3,8,9],
 [3,8,10],[4,5,10],[4,7,10],[5,6,9],[5,8,10],[6,7,9],[6,7,10]]

manifold_lex_d2_n10_o1_g1_#1797=[[1,2,3],[1,2,4],[1,3,5],[1,4,5],[2,3,6],
 [2,4,7],[2,5,6],[2,5,8],[2,7,9],[2,8,9],[3,5,9],[3,6,10],[3,8,9],
 [3,8,10],[4,5,10],[4,7,10],[5,6,9],[5,8,10],[6,9,10],[7,9,10]]

manifold_lex_d2_n10_o1_g1_#1798=[[1,2,3],[1,2,4],[1,3,5],[1,4,5],[2,3,6],
 [2,4,7],[2,5,6],[2,5,8],[2,7,9],[2,8,9],[3,5,9],[3,6,10],[3,9,10],
 [4,5,8],[4,7,10],[4,8,10],[5,6,7],[5,7,9],[6,7,10],[8,9,10]]

manifold_lex_d2_n10_o1_g1_#1799=[[1,2,3],[1,2,4],[1,3,5],[1,4,5],[2,3,6],
 [2,4,7],[2,5,6],[2,5,8],[2,7,9],[2,8,9],[3,5,10],[3,6,7],[3,7,10],
 [4,5,8],[4,7,8],[5,6,9],[5,9,10],[6,7,9],[7,8,10],[8,9,10]]

manifold_lex_d2_n10_o1_g1_#1800=[[1,2,3],[1,2,4],[1,3,5],[1,4,5],[2,3,6],
 [2,4,7],[2,5,6],[2,5,8],[2,7,9],[2,8,9],[3,5,10],[3,6,7],[3,7,10],
 [4,5,8],[4,7,10],[4,8,10],[5,6,9],[5,9,10],[6,7,9],[8,9,10]]

manifold_lex_d2_n10_o1_g1_#1801=[[1,2,3],[1,2,4],[1,3,5],[1,4,5],[2,3,6],
 [2,4,7],[2,5,6],[2,5,8],[2,7,9],[2,8,9],[3,5,10],[3,6,10],[4,5,8],
 [4,6,7],[4,6,8],[5,6,7],[5,7,9],[5,9,10],[6,8,9],[6,9,10]]

manifold_lex_d2_n10_o1_g1_#1802=[[1,2,3],[1,2,4],[1,3,5],[1,4,5],[2,3,6],
 [2,4,7],[2,5,6],[2,5,8],[2,7,9],[2,8,9],[3,5,10],[3,6,10],[4,5,8],
 [4,6,7],[4,6,8],[5,6,7],[5,7,9],[5,9,10],[6,8,10],[8,9,10]]

manifold_lex_d2_n10_o1_g1_#1803=[[1,2,3],[1,2,4],[1,3,5],[1,4,5],[2,3,6],
 [2,4,7],[2,5,6],[2,5,8],[2,7,9],[2,8,9],[3,5,10],[3,6,10],[4,5,8],
 [4,6,7],[4,6,10],[4,8,10],[5,6,7],[5,7,9],[5,9,10],[8,9,10]]

manifold_lex_d2_n10_o1_g1_#1804=[[1,2,3],[1,2,4],[1,3,5],[1,4,5],[2,3,6],
 [2,4,7],[2,5,6],[2,5,8],[2,7,9],[2,8,9],[3,5,10],[3,6,10],[4,5,8],
 [4,7,8],[5,6,7],[5,7,9],[5,9,10],[6,7,8],[6,8,10],[8,9,10]]

manifold_lex_d2_n10_o1_g1_#1805=[[1,2,3],[1,2,4],[1,3,5],[1,4,5],[2,3,6],
 [2,4,7],[2,5,6],[2,5,8],[2,7,9],[2,8,9],[3,5,10],[3,6,10],[4,5,8],
 [4,7,8],[5,6,7],[5,7,9],[5,9,10],[6,7,10],[7,8,10],[8,9,10]]

manifold_lex_d2_n10_o1_g1_#1806=[[1,2,3],[1,2,4],[1,3,5],[1,4,5],[2,3,6],
 [2,4,7],[2,5,6],[2,5,8],[2,7,9],[2,8,9],[3,5,10],[3,6,10],[4,5,8],
 [4,7,8],[5,6,9],[5,9,10],[6,7,8],[6,7,9],[6,8,10],[8,9,10]]

manifold_lex_d2_n10_o1_g1_#1807=[[1,2,3],[1,2,4],[1,3,5],[1,4,5],[2,3,6],
 [2,4,7],[2,5,6],[2,5,8],[2,7,9],[2,8,9],[3,5,10],[3,6,10],[4,5,8],
 [4,7,8],[5,6,9],[5,9,10],[6,7,9],[6,7,10],[7,8,10],[8,9,10]]

manifold_lex_d2_n10_o1_g1_#1808=[[1,2,3],[1,2,4],[1,3,5],[1,4,5],[2,3,6],
 [2,4,7],[2,5,6],[2,5,8],[2,7,9],[2,8,9],[3,5,10],[3,6,10],[4,5,8],
 [4,7,10],[4,8,10],[5,6,7],[5,7,9],[5,9,10],[6,7,10],[8,9,10]]

manifold_lex_d2_n10_o1_g1_#1809=[[1,2,3],[1,2,4],[1,3,5],[1,4,5],[2,3,6],
 [2,4,7],[2,5,6],[2,5,8],[2,7,9],[2,8,10],[2,9,10],[3,5,7],[3,6,7],
 [4,5,8],[4,7,8],[5,6,9],[5,7,10],[5,9,10],[6,7,9],[7,8,10]]

manifold_lex_d2_n10_o1_g1_#1810=[[1,2,3],[1,2,4],[1,3,5],[1,4,5],[2,3,6],
 [2,4,7],[2,5,6],[2,5,8],[2,7,9],[2,8,10],[2,9,10],[3,5,9],[3,6,9],
 [4,5,8],[4,7,8],[5,6,10],[5,7,9],[5,7,10],[6,9,10],[7,8,10]]

manifold_lex_d2_n10_o1_g1_#1811=[[1,2,3],[1,2,4],[1,3,5],[1,4,5],[2,3,6],
 [2,4,7],[2,5,6],[2,5,8],[2,7,9],[2,8,10],[2,9,10],[3,5,10],[3,6,8],
 [3,8,10],[4,5,8],[4,6,7],[4,6,8],[5,6,7],[5,7,9],[5,9,10]]

manifold_lex_d2_n10_o1_g1_#1812=[[1,2,3],[1,2,4],[1,3,5],[1,4,5],[2,3,6],
 [2,4,7],[2,5,6],[2,5,8],[2,7,9],[2,8,10],[2,9,10],[3,5,10],[3,6,8],
 [3,8,10],[4,5,8],[4,7,8],[5,6,7],[5,7,9],[5,9,10],[6,7,8]]

manifold_lex_d2_n10_o1_g1_#1813=[[1,2,3],[1,2,4],[1,3,5],[1,4,5],[2,3,6],
 [2,4,7],[2,5,8],[2,5,9],[2,6,8],[2,7,9],[3,5,7],[3,6,7],[4,5,10],
 [4,6,8],[4,6,10],[4,7,8],[5,7,8],[5,9,10],[6,7,9],[6,9,10]]

manifold_lex_d2_n10_o1_g1_#1814=[[1,2,3],[1,2,4],[1,3,5],[1,4,5],[2,3,6],
 [2,4,7],[2,5,8],[2,5,9],[2,6,8],[2,7,9],[3,5,7],[3,6,7],[4,5,10],
 [4,7,8],[4,8,10],[5,7,8],[5,9,10],[6,7,9],[6,8,10],[6,9,10]]

manifold_lex_d2_n10_o1_g1_#1815=[[1,2,3],[1,2,4],[1,3,5],[1,4,5],[2,3,6],
 [2,4,7],[2,5,8],[2,5,9],[2,6,8],[2,7,9],[3,5,7],[3,6,7],[4,5,10],
 [4,7,10],[5,7,8],[5,9,10],[6,7,9],[6,8,9],[7,8,10],[8,9,10]]

manifold_lex_d2_n10_o1_g1_#1816=[[1,2,3],[1,2,4],[1,3,5],[1,4,5],[2,3,6],
 [2,4,7],[2,5,8],[2,5,9],[2,6,8],[2,7,9],[3,5,7],[3,6,7],[4,5,10],
 [4,7,10],[5,7,8],[5,9,10],[6,7,9],[6,8,10],[6,9,10],[7,8,10]]

manifold_lex_d2_n10_o1_g1_#1817=[[1,2,3],[1,2,4],[1,3,5],[1,4,5],[2,3,6],
 [2,4,7],[2,5,8],[2,5,9],[2,6,8],[2,7,9],[3,5,7],[3,6,9],[3,7,9],
 [4,5,6],[4,6,10],[4,7,10],[5,6,9],[5,7,8],[6,8,10],[7,8,10]]

manifold_lex_d2_n10_o1_g1_#1818=[[1,2,3],[1,2,4],[1,3,5],[1,4,5],[2,3,6],
 [2,4,7],[2,5,8],[2,5,9],[2,6,8],[2,7,9],[3,5,7],[3,6,9],[3,7,9],
 [4,5,10],[4,6,8],[4,6,10],[4,7,8],[5,7,8],[5,9,10],[6,9,10]]

manifold_lex_d2_n10_o1_g1_#1819=[[1,2,3],[1,2,4],[1,3,5],[1,4,5],[2,3,6],
 [2,4,7],[2,5,8],[2,5,9],[2,6,8],[2,7,9],[3,5,7],[3,6,9],[3,7,9],
 [4,5,10],[4,7,8],[4,8,10],[5,7,8],[5,9,10],[6,8,10],[6,9,10]]

manifold_lex_d2_n10_o1_g1_#1820=[[1,2,3],[1,2,4],[1,3,5],[1,4,5],[2,3,6],
 [2,4,7],[2,5,8],[2,5,9],[2,6,8],[2,7,9],[3,5,7],[3,6,9],[3,7,9],
 [4,5,10],[4,7,10],[5,6,9],[5,6,10],[5,7,8],[6,8,10],[7,8,10]]

manifold_lex_d2_n10_o1_g1_#1821=[[1,2,3],[1,2,4],[1,3,5],[1,4,5],[2,3,6],
 [2,4,7],[2,5,8],[2,5,9],[2,6,8],[2,7,9],[3,5,7],[3,6,10],[3,7,9],
 [3,9,10],[4,5,10],[4,6,8],[4,6,10],[4,7,8],[5,7,8],[5,9,10]]

manifold_lex_d2_n10_o1_g1_#1822=[[1,2,3],[1,2,4],[1,3,5],[1,4,5],[2,3,6],
 [2,4,7],[2,5,8],[2,5,9],[2,6,8],[2,7,10],[2,9,10],[3,5,10],[3,6,9],
 [3,9,10],[4,5,6],[4,6,8],[4,7,8],[5,6,9],[5,7,8],[5,7,10]]

manifold_lex_d2_n10_o1_g1_#1823=[[1,2,3],[1,2,4],[1,3,5],[1,4,5],[2,3,6],
 [2,4,7],[2,6,7],[3,5,7],[3,6,8],[3,7,8],[4,5,6],[4,6,9],[4,7,9],
 [5,6,8],[5,7,9],[5,8,10],[5,9,10],[6,7,10],[6,9,10],[7,8,10]]

manifold_lex_d2_n10_o1_g1_#1824=[[1,2,3],[1,2,4],[1,3,5],[1,4,5],[2,3,6],
 [2,4,7],[2,6,7],[3,5,7],[3,6,8],[3,7,8],[4,5,6],[4,6,9],[4,7,10],
 [4,9,10],[5,6,8],[5,7,10],[5,8,10],[6,7,9],[7,8,9],[8,9,10]]

manifold_lex_d2_n10_o1_g1_#1825=[[1,2,3],[1,2,4],[1,3,5],[1,4,5],[2,3,6],
 [2,4,7],[2,6,7],[3,5,7],[3,6,8],[3,7,8],[4,5,6],[4,6,9],[4,7,10],
 [4,9,10],[5,6,10],[5,7,10],[6,7,9],[6,8,10],[7,8,9],[8,9,10]]

manifold_lex_d2_n10_o1_g1_#1826=[[1,2,3],[1,2,4],[1,3,5],[1,4,5],[2,3,6],
 [2,4,7],[2,6,7],[3,5,7],[3,6,8],[3,7,8],[4,5,8],[4,6,8],[4,6,9],
 [4,7,9],[5,7,9],[5,8,10],[5,9,10],[6,7,10],[6,9,10],[7,8,10]]

manifold_lex_d2_n10_o1_g1_#1827=[[1,2,3],[1,2,4],[1,3,5],[1,4,5],[2,3,6],
 [2,4,7],[2,6,7],[3,5,7],[3,6,8],[3,7,8],[4,5,8],[4,6,8],[4,6,9],
 [4,7,10],[4,9,10],[5,7,10],[5,8,10],[6,7,9],[7,8,9],[8,9,10]]

manifold_lex_d2_n10_o1_g1_#1828=[[1,2,3],[1,2,4],[1,3,5],[1,4,5],[2,3,6],
 [2,4,7],[2,6,7],[3,5,7],[3,6,8],[3,7,8],[4,5,8],[4,7,9],[4,8,9],
 [5,7,9],[5,8,10],[5,9,10],[6,7,10],[6,8,9],[6,9,10],[7,8,10]]

manifold_lex_d2_n10_o1_g1_#1829=[[1,2,3],[1,2,4],[1,3,5],[1,4,5],[2,3,6],
 [2,4,7],[2,6,7],[3,5,7],[3,6,8],[3,7,8],[4,5,9],[4,6,8],[4,6,10],
 [4,7,10],[4,8,9],[5,7,10],[5,9,10],[6,7,9],[6,9,10],[7,8,9]]

manifold_lex_d2_n10_o1_g1_#1830=[[1,2,3],[1,2,4],[1,3,5],[1,4,5],[2,3,6],
 [2,4,7],[2,6,7],[3,5,7],[3,6,8],[3,7,8],[4,5,9],[4,7,10],[4,8,9],
 [4,8,10],[5,6,9],[5,6,10],[5,7,10],[6,7,9],[6,8,10],[7,8,9]]

manifold_lex_d2_n10_o1_g1_#1831=[[1,2,3],[1,2,4],[1,3,5],[1,4,5],[2,3,6],
 [2,4,7],[2,6,7],[3,5,7],[3,6,8],[3,7,8],[4,5,9],[4,7,10],[4,8,9],
 [4,8,10],[5,7,10],[5,9,10],[6,7,9],[6,8,10],[6,9,10],[7,8,9]]

manifold_lex_d2_n10_o1_g1_#1832=[[1,2,3],[1,2,4],[1,3,5],[1,4,5],[2,3,6],
 [2,4,7],[2,6,7],[3,5,7],[3,6,8],[3,7,8],[4,5,9],[4,7,10],[4,9,10],
 [5,6,8],[5,6,9],[5,7,10],[5,8,10],[6,7,9],[7,8,9],[8,9,10]]

manifold_lex_d2_n10_o1_g1_#1833=[[1,2,3],[1,2,4],[1,3,5],[1,4,5],[2,3,6],
 [2,4,7],[2,6,7],[3,5,7],[3,6,8],[3,7,8],[4,5,9],[4,7,10],[4,9,10],
 [5,6,9],[5,6,10],[5,7,10],[6,7,9],[6,8,10],[7,8,9],[8,9,10]]

manifold_lex_d2_n10_o1_g1_#1834=[[1,2,3],[1,2,4],[1,3,5],[1,4,5],[2,3,6],
 [2,4,7],[2,6,7],[3,5,7],[3,6,8],[3,7,9],[3,8,9],[4,5,6],[4,6,9],
 [4,7,10],[4,8,9],[4,8,10],[5,6,10],[5,7,10],[6,7,9],[6,8,10]]

manifold_lex_d2_n10_o1_g1_#1835=[[1,2,3],[1,2,4],[1,3,5],[1,4,5],[2,3,6],
 [2,4,7],[2,6,7],[3,5,7],[3,6,8],[3,7,9],[3,8,9],[4,5,6],[4,6,9],
 [4,7,10],[4,9,10],[5,6,8],[5,7,10],[5,8,10],[6,7,9],[8,9,10]]

manifold_lex_d2_n10_o1_g1_#1836=[[1,2,3],[1,2,4],[1,3,5],[1,4,5],[2,3,6],
 [2,4,7],[2,6,7],[3,5,7],[3,6,8],[3,7,9],[3,8,9],[4,5,8],[4,6,8],
 [4,6,9],[4,7,10],[4,9,10],[5,7,10],[5,8,10],[6,7,9],[8,9,10]]

manifold_lex_d2_n10_o1_g1_#1837=[[1,2,3],[1,2,4],[1,3,5],[1,4,5],[2,3,6],
 [2,4,7],[2,6,7],[3,5,7],[3,6,8],[3,7,9],[3,8,9],[4,5,8],[4,6,8],
 [4,6,10],[4,7,10],[5,7,8],[6,7,9],[6,9,10],[7,8,10],[8,9,10]]

manifold_lex_d2_n10_o1_g1_#1838=[[1,2,3],[1,2,4],[1,3,5],[1,4,5],[2,3,6],
 [2,4,7],[2,6,7],[3,5,7],[3,6,8],[3,7,9],[3,8,9],[4,5,8],[4,6,8],
 [4,6,10],[4,7,10],[5,7,10],[5,8,9],[5,9,10],[6,7,9],[6,9,10]]

manifold_lex_d2_n10_o1_g1_#1839=[[1,2,3],[1,2,4],[1,3,5],[1,4,5],[2,3,6],
 [2,4,7],[2,6,7],[3,5,7],[3,6,8],[3,7,9],[3,8,9],[4,5,8],[4,6,8],
 [4,6,10],[4,7,10],[5,7,10],[5,8,10],[6,7,9],[6,9,10],[8,9,10]]

manifold_lex_d2_n10_o1_g1_#1840=[[1,2,3],[1,2,4],[1,3,5],[1,4,5],[2,3,6],
 [2,4,7],[2,6,7],[3,5,7],[3,6,8],[3,7,9],[3,8,9],[4,5,8],[4,7,8],
 [5,7,10],[5,8,9],[5,9,10],[6,7,9],[6,8,10],[6,9,10],[7,8,10]]

manifold_lex_d2_n10_o1_g1_#1841=[[1,2,3],[1,2,4],[1,3,5],[1,4,5],[2,3,6],
 [2,4,7],[2,6,7],[3,5,7],[3,6,8],[3,7,9],[3,8,9],[4,5,8],[4,7,10],
 [4,8,10],[5,6,9],[5,6,10],[5,7,10],[5,8,9],[6,7,9],[6,8,10]]

manifold_lex_d2_n10_o1_g1_#1842=[[1,2,3],[1,2,4],[1,3,5],[1,4,5],[2,3,6],
 [2,4,7],[2,6,7],[3,5,7],[3,6,8],[3,7,9],[3,8,9],[4,5,8],[4,7,10],
 [4,8,10],[5,7,10],[5,8,9],[5,9,10],[6,7,9],[6,8,10],[6,9,10]]

manifold_lex_d2_n10_o1_g1_#1843=[[1,2,3],[1,2,4],[1,3,5],[1,4,5],[2,3,6],
 [2,4,7],[2,6,7],[3,5,7],[3,6,8],[3,7,9],[3,8,9],[4,5,9],[4,7,8],
 [4,8,9],[5,7,8],[5,8,10],[5,9,10],[6,7,10],[6,8,10],[7,9,10]]

manifold_lex_d2_n10_o1_g1_#1844=[[1,2,3],[1,2,4],[1,3,5],[1,4,5],[2,3,6],
 [2,4,7],[2,6,7],[3,5,7],[3,6,8],[3,7,9],[3,8,9],[4,5,9],[4,7,8],
 [4,8,9],[5,7,10],[5,9,10],[6,7,9],[6,8,10],[6,9,10],[7,8,10]]

manifold_lex_d2_n10_o1_g1_#1845=[[1,2,3],[1,2,4],[1,3,5],[1,4,5],[2,3,6],
 [2,4,7],[2,6,7],[3,5,7],[3,6,8],[3,7,9],[3,8,9],[4,5,9],[4,7,10],
 [4,8,9],[4,8,10],[5,6,9],[5,6,10],[5,7,10],[6,7,9],[6,8,10]]

manifold_lex_d2_n10_o1_g1_#1846=[[1,2,3],[1,2,4],[1,3,5],[1,4,5],[2,3,6],
 [2,4,7],[2,6,7],[3,5,7],[3,6,8],[3,7,9],[3,8,9],[4,5,9],[4,7,10],
 [4,8,9],[4,8,10],[5,7,10],[5,9,10],[6,7,9],[6,8,10],[6,9,10]]

manifold_lex_d2_n10_o1_g1_#1847=[[1,2,3],[1,2,4],[1,3,5],[1,4,5],[2,3,6],
 [2,4,7],[2,6,7],[3,5,7],[3,6,8],[3,7,9],[3,8,9],[4,5,9],[4,7,10],
 [4,9,10],[5,6,8],[5,6,9],[5,7,10],[5,8,10],[6,7,9],[8,9,10]]

manifold_lex_d2_n10_o1_g1_#1848=[[1,2,3],[1,2,4],[1,3,5],[1,4,5],[2,3,6],
 [2,4,7],[2,6,7],[3,5,7],[3,6,8],[3,7,9],[3,8,9],[4,5,10],[4,6,9],
 [4,6,10],[4,7,8],[4,8,9],[5,7,10],[6,7,9],[6,8,10],[7,8,10]]

manifold_lex_d2_n10_o1_g1_#1849=[[1,2,3],[1,2,4],[1,3,5],[1,4,5],[2,3,6],
 [2,4,7],[2,6,7],[3,5,7],[3,6,8],[3,7,9],[3,8,9],[4,5,10],[4,7,8],
 [4,8,9],[4,9,10],[5,6,8],[5,6,10],[5,7,8],[6,7,9],[6,9,10]]

manifold_lex_d2_n10_o1_g1_#1850=[[1,2,3],[1,2,4],[1,3,5],[1,4,5],[2,3,6],
 [2,4,7],[2,6,7],[3,5,7],[3,6,8],[3,7,9],[3,8,9],[4,5,10],[4,7,8],
 [4,8,9],[4,9,10],[5,6,8],[5,6,10],[5,7,8],[6,7,10],[7,9,10]]

manifold_lex_d2_n10_o1_g1_#1851=[[1,2,3],[1,2,4],[1,3,5],[1,4,5],[2,3,6],
 [2,4,7],[2,6,7],[3,5,7],[3,6,8],[3,7,9],[3,8,9],[4,5,10],[4,7,8],
 [4,8,9],[4,9,10],[5,7,8],[5,8,10],[6,7,9],[6,8,10],[6,9,10]]

manifold_lex_d2_n10_o1_g1_#1852=[[1,2,3],[1,2,4],[1,3,5],[1,4,5],[2,3,6],
 [2,4,7],[2,6,7],[3,5,7],[3,6,8],[3,7,9],[3,8,9],[4,5,10],[4,7,8],
 [4,8,9],[4,9,10],[5,7,8],[5,8,10],[6,7,10],[6,8,10],[7,9,10]]

manifold_lex_d2_n10_o1_g1_#1853=[[1,2,3],[1,2,4],[1,3,5],[1,4,5],[2,3,6],
 [2,4,7],[2,6,7],[3,5,7],[3,6,8],[3,7,9],[3,8,9],[4,5,10],[4,7,8],
 [4,8,9],[4,9,10],[5,7,10],[6,7,9],[6,8,10],[6,9,10],[7,8,10]]

manifold_lex_d2_n10_o1_g1_#1854=[[1,2,3],[1,2,4],[1,3,5],[1,4,5],[2,3,6],
 [2,4,7],[2,6,7],[3,5,7],[3,6,8],[3,7,9],[3,8,9],[4,5,10],[4,7,8],
 [4,8,10],[5,6,8],[5,6,10],[5,7,8],[6,7,9],[6,9,10],[8,9,10]]

manifold_lex_d2_n10_o1_g1_#1855=[[1,2,3],[1,2,4],[1,3,5],[1,4,5],[2,3,6],
 [2,4,7],[2,6,7],[3,5,7],[3,6,8],[3,7,9],[3,8,9],[4,5,10],[4,7,10],
 [5,6,8],[5,6,9],[5,7,8],[5,9,10],[6,7,9],[7,8,10],[8,9,10]]

manifold_lex_d2_n10_o1_g1_#1856=[[1,2,3],[1,2,4],[1,3,5],[1,4,5],[2,3,6],
 [2,4,7],[2,6,7],[3,5,7],[3,6,8],[3,7,9],[3,8,10],[3,9,10],[4,5,6],
 [4,6,9],[4,7,8],[4,8,10],[4,9,10],[5,6,8],[5,7,8],[6,7,9]]

manifold_lex_d2_n10_o1_g1_#1857=[[1,2,3],[1,2,4],[1,3,5],[1,4,5],[2,3,6],
 [2,4,7],[2,6,7],[3,5,7],[3,6,8],[3,7,9],[3,8,10],[3,9,10],[4,5,8],
 [4,6,8],[4,6,9],[4,7,10],[4,9,10],[5,7,8],[6,7,9],[7,8,10]]

manifold_lex_d2_n10_o1_g1_#1858=[[1,2,3],[1,2,4],[1,3,5],[1,4,5],[2,3,6],
 [2,4,7],[2,6,7],[3,5,7],[3,6,8],[3,7,9],[3,8,10],[3,9,10],[4,5,8],
 [4,6,8],[4,6,9],[4,7,10],[4,9,10],[5,7,10],[5,8,10],[6,7,9]]

manifold_lex_d2_n10_o1_g1_#1859=[[1,2,3],[1,2,4],[1,3,5],[1,4,5],[2,3,6],
 [2,4,7],[2,6,7],[3,5,7],[3,6,8],[3,7,9],[3,8,10],[3,9,10],[4,5,8],
 [4,7,10],[4,8,9],[4,9,10],[5,7,10],[5,8,10],[6,7,9],[6,8,9]]

manifold_lex_d2_n10_o1_g1_#1860=[[1,2,3],[1,2,4],[1,3,5],[1,4,5],[2,3,6],
 [2,4,7],[2,6,7],[3,5,7],[3,6,8],[3,7,9],[3,8,10],[3,9,10],[4,5,9],
 [4,7,8],[4,8,10],[4,9,10],[5,6,8],[5,6,9],[5,7,8],[6,7,9]]

manifold_lex_d2_n10_o1_g1_#1861=[[1,2,3],[1,2,4],[1,3,5],[1,4,5],[2,3,6],
 [2,4,7],[2,6,7],[3,5,7],[3,6,8],[3,7,9],[3,8,10],[3,9,10],[4,5,9],
 [4,7,10],[4,9,10],[5,6,8],[5,6,9],[5,7,8],[6,7,9],[7,8,10]]

manifold_lex_d2_n10_o1_g1_#1862=[[1,2,3],[1,2,4],[1,3,5],[1,4,5],[2,3,6],
 [2,4,7],[2,6,7],[3,5,7],[3,6,8],[3,7,9],[3,8,10],[3,9,10],[4,5,9],
 [4,7,10],[4,9,10],[5,7,8],[5,8,9],[6,7,9],[6,8,9],[7,8,10]]

manifold_lex_d2_n10_o1_g1_#1863=[[1,2,3],[1,2,4],[1,3,5],[1,4,5],[2,3,6],
 [2,4,7],[2,6,7],[3,5,7],[3,6,8],[3,7,9],[3,8,10],[3,9,10],[4,5,9],
 [4,7,10],[4,9,10],[5,7,10],[5,8,9],[5,8,10],[6,7,9],[6,8,9]]

manifold_lex_d2_n10_o1_g1_#1864=[[1,2,3],[1,2,4],[1,3,5],[1,4,5],[2,3,6],
 [2,4,7],[2,6,7],[3,5,7],[3,6,8],[3,7,9],[3,8,10],[3,9,10],[4,5,10],
 [4,7,8],[4,8,10],[5,6,8],[5,6,9],[5,7,8],[5,9,10],[6,7,9]]

manifold_lex_d2_n10_o1_g1_#1865=[[1,2,3],[1,2,4],[1,3,5],[1,4,5],[2,3,6],
 [2,4,7],[2,6,7],[3,5,7],[3,6,8],[3,7,9],[3,8,10],[3,9,10],[4,5,10],
 [4,7,8],[4,8,10],[5,7,8],[5,8,9],[5,9,10],[6,7,9],[6,8,9]]

manifold_lex_d2_n10_o1_g1_#1866=[[1,2,3],[1,2,4],[1,3,5],[1,4,5],[2,3,6],
 [2,4,7],[2,6,7],[3,5,7],[3,6,8],[3,7,9],[3,8,10],[3,9,10],[4,5,10],
 [4,7,10],[5,6,8],[5,6,9],[5,7,8],[5,9,10],[6,7,9],[7,8,10]]

manifold_lex_d2_n10_o1_g1_#1867=[[1,2,3],[1,2,4],[1,3,5],[1,4,5],[2,3,6],
 [2,4,7],[2,6,7],[3,5,8],[3,6,8],[4,5,9],[4,6,8],[4,6,10],[4,7,10],
 [4,8,9],[5,6,7],[5,6,10],[5,7,9],[5,8,10],[7,9,10],[8,9,10]]

manifold_lex_d2_n10_o1_g1_#1868=[[1,2,3],[1,2,4],[1,3,5],[1,4,5],[2,3,6],
 [2,4,7],[2,6,7],[3,5,8],[3,6,8],[4,5,9],[4,6,8],[4,6,10],[4,7,10],
 [4,8,9],[5,6,9],[5,6,10],[5,8,10],[6,7,9],[7,8,9],[7,8,10]]

manifold_lex_d2_n10_o1_g1_#1869=[[1,2,3],[1,2,4],[1,3,5],[1,4,5],[2,3,6],
 [2,4,7],[2,6,7],[3,5,8],[3,6,8],[4,5,9],[4,6,8],[4,6,10],[4,7,10],
 [4,8,9],[5,6,9],[5,6,10],[5,8,10],[6,7,9],[7,9,10],[8,9,10]]

manifold_lex_d2_n10_o1_g1_#1870=[[1,2,3],[1,2,4],[1,3,5],[1,4,5],[2,3,6],
 [2,4,7],[2,6,7],[3,5,8],[3,6,8],[4,5,9],[4,6,8],[4,6,10],[4,7,10],
 [4,8,9],[5,7,8],[5,7,10],[5,9,10],[6,7,9],[6,9,10],[7,8,9]]

manifold_lex_d2_n10_o1_g1_#1871=[[1,2,3],[1,2,4],[1,3,5],[1,4,5],[2,3,6],
 [2,4,7],[2,6,7],[3,5,8],[3,6,8],[4,5,9],[4,6,8],[4,6,10],[4,7,10],
 [4,8,9],[5,8,10],[5,9,10],[6,7,9],[6,9,10],[7,8,9],[7,8,10]]

manifold_lex_d2_n10_o1_g1_#1872=[[1,2,3],[1,2,4],[1,3,5],[1,4,5],[2,3,6],
 [2,4,7],[2,6,7],[3,5,8],[3,6,8],[4,5,9],[4,6,9],[4,6,10],[4,7,8],
 [4,8,10],[5,7,9],[5,7,10],[5,8,10],[6,7,10],[6,8,9],[7,8,9]]

manifold_lex_d2_n10_o1_g1_#1873=[[1,2,3],[1,2,4],[1,3,5],[1,4,5],[2,3,6],
 [2,4,7],[2,6,7],[3,5,8],[3,6,8],[4,5,9],[4,6,9],[4,6,10],[4,7,8],
 [4,8,10],[5,8,10],[5,9,10],[6,7,10],[6,8,9],[7,8,9],[7,9,10]]

manifold_lex_d2_n10_o1_g1_#1874=[[1,2,3],[1,2,4],[1,3,5],[1,4,5],[2,3,6],
 [2,4,7],[2,6,7],[3,5,8],[3,6,8],[4,5,9],[4,7,8],[4,8,10],[4,9,10],
 [5,7,9],[5,7,10],[5,8,10],[6,7,10],[6,8,9],[6,9,10],[7,8,9]]

manifold_lex_d2_n10_o1_g1_#1875=[[1,2,3],[1,2,4],[1,3,5],[1,4,5],[2,3,6],
 [2,4,7],[2,6,7],[3,5,8],[3,6,9],[3,7,8],[3,7,9],[4,5,9],[4,6,8],
 [4,6,9],[4,7,8],[5,8,10],[5,9,10],[6,7,10],[6,8,10],[7,9,10]]

manifold_lex_d2_n10_o1_g1_#1876=[[1,2,3],[1,2,4],[1,3,5],[1,4,5],[2,3,6],
 [2,4,7],[2,6,7],[3,5,8],[3,6,9],[3,7,8],[3,7,9],[4,5,9],[4,6,9],
 [4,6,10],[4,7,8],[4,8,10],[5,7,9],[5,7,10],[5,8,10],[6,7,10]]

manifold_lex_d2_n10_o1_g1_#1877=[[1,2,3],[1,2,4],[1,3,5],[1,4,5],[2,3,6],
 [2,4,7],[2,6,7],[3,5,8],[3,6,9],[3,7,8],[3,7,9],[4,5,9],[4,6,9],
 [4,6,10],[4,7,8],[4,8,10],[5,8,9],[6,7,10],[7,9,10],[8,9,10]]

manifold_lex_d2_n10_o1_g1_#1878=[[1,2,3],[1,2,4],[1,3,5],[1,4,5],[2,3,6],
 [2,4,7],[2,6,7],[3,5,8],[3,6,9],[3,7,8],[3,7,9],[4,5,9],[4,6,9],
 [4,6,10],[4,7,8],[4,8,10],[5,8,10],[5,9,10],[6,7,10],[7,9,10]]

manifold_lex_d2_n10_o1_g1_#1879=[[1,2,3],[1,2,4],[1,3,5],[1,4,5],[2,3,6],
 [2,4,7],[2,6,7],[3,5,8],[3,6,9],[3,7,8],[3,7,9],[4,5,9],[4,7,8],
 [4,8,9],[5,7,9],[5,7,10],[5,8,10],[6,7,10],[6,9,10],[8,9,10]]

manifold_lex_d2_n10_o1_g1_#1880=[[1,2,3],[1,2,4],[1,3,5],[1,4,5],[2,3,6],
 [2,4,7],[2,6,7],[3,5,8],[3,6,9],[3,7,8],[3,7,9],[4,5,9],[4,7,8],
 [4,8,9],[5,8,10],[5,9,10],[6,7,10],[6,8,9],[6,8,10],[7,9,10]]

manifold_lex_d2_n10_o1_g1_#1881=[[1,2,3],[1,2,4],[1,3,5],[1,4,5],[2,3,6],
 [2,4,7],[2,6,7],[3,5,8],[3,6,9],[3,7,8],[3,7,9],[4,5,9],[4,7,8],
 [4,8,10],[4,9,10],[5,6,7],[5,6,8],[5,7,9],[6,8,10],[6,9,10]]

manifold_lex_d2_n10_o1_g1_#1882=[[1,2,3],[1,2,4],[1,3,5],[1,4,5],[2,3,6],
 [2,4,7],[2,6,7],[3,5,8],[3,6,9],[3,7,8],[3,7,9],[4,5,9],[4,7,8],
 [4,8,10],[4,9,10],[5,6,7],[5,6,10],[5,7,9],[5,8,10],[6,9,10]]

manifold_lex_d2_n10_o1_g1_#1883=[[1,2,3],[1,2,4],[1,3,5],[1,4,5],[2,3,6],
 [2,4,7],[2,6,7],[3,5,8],[3,6,9],[3,7,8],[3,7,9],[4,5,9],[4,7,8],
 [4,8,10],[4,9,10],[5,7,9],[5,7,10],[5,8,10],[6,7,10],[6,9,10]]

manifold_lex_d2_n10_o1_g1_#1884=[[1,2,3],[1,2,4],[1,3,5],[1,4,5],[2,3,6],
 [2,4,7],[2,6,7],[3,5,8],[3,6,9],[3,7,8],[3,7,9],[4,5,9],[4,7,10],
 [4,9,10],[5,6,7],[5,6,8],[5,7,9],[6,8,10],[6,9,10],[7,8,10]]

manifold_lex_d2_n10_o1_g1_#1885=[[1,2,3],[1,2,4],[1,3,5],[1,4,5],[2,3,6],
 [2,4,7],[2,6,7],[3,5,8],[3,6,9],[3,7,8],[3,7,9],[4,5,10],[4,6,8],
 [4,6,9],[4,7,8],[4,9,10],[5,6,8],[5,6,10],[6,7,10],[7,9,10]]

manifold_lex_d2_n10_o1_g1_#1886=[[1,2,3],[1,2,4],[1,3,5],[1,4,5],[2,3,6],
 [2,4,7],[2,6,7],[3,5,8],[3,6,9],[3,7,8],[3,7,9],[4,5,10],[4,6,8],
 [4,6,9],[4,7,8],[4,9,10],[5,8,10],[6,7,10],[6,8,10],[7,9,10]]

manifold_lex_d2_n10_o1_g1_#1887=[[1,2,3],[1,2,4],[1,3,5],[1,4,5],[2,3,6],
 [2,4,7],[2,6,7],[3,5,8],[3,6,9],[3,7,8],[3,7,9],[4,5,10],[4,7,8],
 [4,8,9],[4,9,10],[5,6,8],[5,6,10],[6,7,10],[6,8,9],[7,9,10]]

manifold_lex_d2_n10_o1_g1_#1888=[[1,2,3],[1,2,4],[1,3,5],[1,4,5],[2,3,6],
 [2,4,7],[2,6,7],[3,5,8],[3,6,9],[3,7,8],[3,7,9],[4,5,10],[4,7,8],
 [4,8,9],[4,9,10],[5,6,9],[5,6,10],[5,8,9],[6,7,10],[7,9,10]]

manifold_lex_d2_n10_o1_g1_#1889=[[1,2,3],[1,2,4],[1,3,5],[1,4,5],[2,3,6],
 [2,4,7],[2,6,7],[3,5,8],[3,6,9],[3,7,8],[3,7,9],[4,5,10],[4,7,8],
 [4,8,9],[4,9,10],[5,8,10],[6,7,10],[6,8,9],[6,8,10],[7,9,10]]

manifold_lex_d2_n10_o1_g1_#1890=[[1,2,3],[1,2,4],[1,3,5],[1,4,5],[2,3,6],
 [2,4,7],[2,6,7],[3,5,8],[3,6,9],[3,7,8],[3,7,9],[4,5,10],[4,7,8],
 [4,8,10],[5,6,7],[5,6,8],[5,7,9],[5,9,10],[6,8,10],[6,9,10]]

manifold_lex_d2_n10_o1_g1_#1891=[[1,2,3],[1,2,4],[1,3,5],[1,4,5],[2,3,6],
 [2,4,7],[2,6,7],[3,5,8],[3,6,9],[3,7,8],[3,7,9],[4,5,10],[4,7,8],
 [4,8,10],[5,6,7],[5,6,8],[5,7,10],[6,8,9],[7,9,10],[8,9,10]]

manifold_lex_d2_n10_o1_g1_#1892=[[1,2,3],[1,2,4],[1,3,5],[1,4,5],[2,3,6],
 [2,4,7],[2,6,7],[3,5,8],[3,6,9],[3,7,8],[3,7,9],[4,5,10],[4,7,8],
 [4,8,10],[5,6,7],[5,6,9],[5,7,10],[5,8,9],[7,9,10],[8,9,10]]

manifold_lex_d2_n10_o1_g1_#1893=[[1,2,3],[1,2,4],[1,3,5],[1,4,5],[2,3,6],
 [2,4,7],[2,6,7],[3,5,8],[3,6,9],[3,7,8],[3,7,9],[4,5,10],[4,7,8],
 [4,8,10],[5,6,8],[5,6,10],[6,7,10],[6,8,9],[7,9,10],[8,9,10]]

manifold_lex_d2_n10_o1_g1_#1894=[[1,2,3],[1,2,4],[1,3,5],[1,4,5],[2,3,6],
 [2,4,7],[2,6,7],[3,5,8],[3,6,9],[3,7,8],[3,7,9],[4,5,10],[4,7,8],
 [4,8,10],[5,6,9],[5,6,10],[5,8,9],[6,7,10],[7,9,10],[8,9,10]]

manifold_lex_d2_n10_o1_g1_#1895=[[1,2,3],[1,2,4],[1,3,5],[1,4,5],[2,3,6],
 [2,4,7],[2,6,7],[3,5,8],[3,6,9],[3,7,8],[3,7,10],[3,9,10],[4,5,9],
 [4,6,9],[4,6,10],[4,7,8],[4,8,10],[5,8,9],[6,7,10],[8,9,10]]

manifold_lex_d2_n10_o1_g1_#1896=[[1,2,3],[1,2,4],[1,3,5],[1,4,5],[2,3,6],
 [2,4,7],[2,6,7],[3,5,8],[3,6,9],[3,7,8],[3,7,10],[3,9,10],[4,5,9],
 [4,6,9],[4,6,10],[4,7,8],[4,8,10],[5,8,10],[5,9,10],[6,7,10]]

manifold_lex_d2_n10_o1_g1_#1897=[[1,2,3],[1,2,4],[1,3,5],[1,4,5],[2,3,6],
 [2,4,7],[2,6,7],[3,5,8],[3,6,9],[3,7,8],[3,7,10],[3,9,10],[4,5,9],
 [4,7,8],[4,8,9],[5,6,8],[5,6,10],[5,9,10],[6,7,10],[6,8,9]]

manifold_lex_d2_n10_o1_g1_#1898=[[1,2,3],[1,2,4],[1,3,5],[1,4,5],[2,3,6],
 [2,4,7],[2,6,7],[3,5,8],[3,6,9],[3,7,8],[3,7,10],[3,9,10],[4,5,9],
 [4,7,8],[4,8,9],[5,8,10],[5,9,10],[6,7,10],[6,8,9],[6,8,10]]

manifold_lex_d2_n10_o1_g1_#1899=[[1,2,3],[1,2,4],[1,3,5],[1,4,5],[2,3,6],
 [2,4,7],[2,6,7],[3,5,8],[3,6,9],[3,7,8],[3,7,10],[3,9,10],[4,5,10],
 [4,6,8],[4,6,9],[4,7,8],[4,9,10],[5,6,7],[5,6,8],[5,7,10]]

manifold_lex_d2_n10_o1_g1_#1900=[[1,2,3],[1,2,4],[1,3,5],[1,4,5],[2,3,6],
 [2,4,7],[2,6,7],[3,5,8],[3,6,9],[3,7,8],[3,7,10],[3,9,10],[4,5,10],
 [4,7,8],[4,8,9],[4,9,10],[5,6,7],[5,6,8],[5,7,10],[6,8,9]]

manifold_lex_d2_n10_o1_g1_#1901=[[1,2,3],[1,2,4],[1,3,5],[1,4,5],[2,3,6],
 [2,4,7],[2,6,7],[3,5,8],[3,6,9],[3,7,8],[3,7,10],[3,9,10],[4,5,10],
 [4,7,8],[4,8,9],[4,9,10],[5,6,7],[5,6,9],[5,7,10],[5,8,9]]

manifold_lex_d2_n10_o1_g1_#1902=[[1,2,3],[1,2,4],[1,3,5],[1,4,5],[2,3,6],
 [2,4,7],[2,6,7],[3,5,8],[3,6,9],[3,7,8],[3,7,10],[3,9,10],[4,5,10],
 [4,7,8],[4,8,9],[4,9,10],[5,6,8],[5,6,10],[6,7,10],[6,8,9]]

manifold_lex_d2_n10_o1_g1_#1903=[[1,2,3],[1,2,4],[1,3,5],[1,4,5],[2,3,6],
 [2,4,7],[2,6,7],[3,5,8],[3,6,9],[3,7,8],[3,7,10],[3,9,10],[4,5,10],
 [4,7,8],[4,8,9],[4,9,10],[5,6,9],[5,6,10],[5,8,9],[6,7,10]]

manifold_lex_d2_n10_o1_g1_#1904=[[1,2,3],[1,2,4],[1,3,5],[1,4,5],[2,3,6],
 [2,4,7],[2,6,7],[3,5,8],[3,6,9],[3,7,8],[3,7,10],[3,9,10],[4,5,10],
 [4,7,8],[4,8,10],[5,6,7],[5,6,9],[5,7,10],[5,8,9],[8,9,10]]

manifold_lex_d2_n10_o1_g1_#1905=[[1,2,3],[1,2,4],[1,3,5],[1,4,5],[2,3,6],
 [2,4,7],[2,6,7],[3,5,8],[3,6,9],[3,7,8],[3,7,10],[3,9,10],[4,5,10],
 [4,7,8],[4,8,10],[5,6,9],[5,6,10],[5,8,9],[6,7,10],[8,9,10]]

manifold_lex_d2_n10_o1_g1_#1906=[[1,2,3],[1,2,4],[1,3,5],[1,4,5],[2,3,6],
 [2,4,7],[2,6,7],[3,5,8],[3,6,9],[3,7,8],[3,7,10],[3,9,10],[4,5,10],
 [4,7,9],[4,9,10],[5,6,7],[5,6,8],[5,7,10],[6,8,9],[7,8,9]]

manifold_lex_d2_n10_o1_g1_#1907=[[1,2,3],[1,2,4],[1,3,5],[1,4,5],[2,3,6],
 [2,4,7],[2,6,7],[3,5,8],[3,6,9],[3,7,8],[3,7,10],[3,9,10],[4,5,10],
 [4,7,9],[4,9,10],[5,6,8],[5,6,10],[6,7,10],[6,8,9],[7,8,9]]

manifold_lex_d2_n10_o1_g1_#1908=[[1,2,3],[1,2,4],[1,3,5],[1,4,5],[2,3,6],
 [2,4,7],[2,6,7],[3,5,8],[3,6,9],[3,7,8],[3,7,10],[3,9,10],[4,5,10],
 [4,7,9],[4,9,10],[5,8,10],[6,7,10],[6,8,9],[6,8,10],[7,8,9]]

manifold_lex_d2_n10_o1_g1_#1909=[[1,2,3],[1,2,4],[1,3,5],[1,4,5],[2,3,6],
 [2,4,7],[2,6,7],[3,5,8],[3,6,9],[3,7,9],[3,7,10],[3,8,10],[4,5,9],
 [4,7,10],[4,8,9],[4,8,10],[5,6,7],[5,6,8],[5,7,9],[6,8,9]]

manifold_lex_d2_n10_o1_g1_#1910=[[1,2,3],[1,2,4],[1,3,5],[1,4,5],[2,3,6],
 [2,4,7],[2,6,7],[3,5,8],[3,6,9],[3,7,9],[3,7,10],[3,8,10],[4,5,9],
 [4,7,10],[4,9,10],[5,6,7],[5,6,8],[5,7,9],[6,8,9],[8,9,10]]

manifold_lex_d2_n10_o1_g1_#1911=[[1,2,3],[1,2,4],[1,3,5],[1,4,5],[2,3,6],
 [2,4,7],[2,6,7],[3,5,8],[3,6,9],[3,7,9],[3,7,10],[3,8,10],[4,5,9],
 [4,7,10],[4,9,10],[5,7,8],[5,7,9],[6,7,8],[6,8,9],[8,9,10]]

manifold_lex_d2_n10_o1_g1_#1912=[[1,2,3],[1,2,4],[1,3,5],[1,4,5],[2,3,6],
 [2,4,7],[2,6,7],[3,5,8],[3,6,9],[3,7,9],[3,7,10],[3,8,10],[4,5,9],
 [4,7,10],[4,9,10],[5,7,8],[5,7,9],[6,7,8],[6,8,10],[6,9,10]]

manifold_lex_d2_n10_o1_g1_#1913=[[1,2,3],[1,2,4],[1,3,5],[1,4,5],[2,3,6],
 [2,4,7],[2,6,7],[3,5,8],[3,6,9],[3,8,9],[4,5,9],[4,7,8],[4,8,10],
 [4,9,10],[5,6,7],[5,6,10],[5,7,9],[5,8,10],[6,9,10],[7,8,9]]

manifold_lex_d2_n10_o1_g1_#1914=[[1,2,3],[1,2,4],[1,3,5],[1,4,5],[2,3,6],
 [2,4,7],[2,6,7],[3,5,8],[3,6,9],[3,8,9],[4,5,9],[4,7,8],[4,8,10],
 [4,9,10],[5,7,9],[5,7,10],[5,8,10],[6,7,10],[6,9,10],[7,8,9]]

manifold_lex_d2_n10_o1_g1_#1915=[[1,2,3],[1,2,4],[1,3,5],[1,4,5],[2,3,6],
 [2,4,7],[2,6,7],[3,5,8],[3,6,9],[3,8,9],[4,5,9],[4,7,10],[4,9,10],
 [5,6,7],[5,6,8],[5,7,9],[6,8,10],[6,9,10],[7,8,9],[7,8,10]]

manifold_lex_d2_n10_o1_g1_#1916=[[1,2,3],[1,2,4],[1,3,5],[1,4,5],[2,3,6],
 [2,4,7],[2,6,7],[3,5,8],[3,6,9],[3,8,9],[4,5,9],[4,7,10],[4,9,10],
 [5,6,7],[5,6,10],[5,7,9],[5,8,10],[6,9,10],[7,8,9],[7,8,10]]

manifold_lex_d2_n10_o1_g1_#1917=[[1,2,3],[1,2,4],[1,3,5],[1,4,5],[2,3,6],
 [2,4,7],[2,6,7],[3,5,8],[3,6,9],[3,8,9],[4,5,10],[4,7,9],[4,8,9],
 [4,8,10],[5,6,7],[5,6,8],[5,7,9],[5,9,10],[6,8,10],[6,9,10]]

manifold_lex_d2_n10_o1_g1_#1918=[[1,2,3],[1,2,4],[1,3,5],[1,4,5],[2,3,6],
 [2,4,7],[2,6,7],[3,5,8],[3,6,9],[3,8,9],[4,5,10],[4,7,9],[4,8,9],
 [4,8,10],[5,6,7],[5,6,8],[5,7,10],[6,8,10],[6,9,10],[7,9,10]]

manifold_lex_d2_n10_o1_g1_#1919=[[1,2,3],[1,2,4],[1,3,5],[1,4,5],[2,3,6],
 [2,4,7],[2,6,7],[3,5,8],[3,6,9],[3,8,9],[4,5,10],[4,7,9],[4,8,9],
 [4,8,10],[5,6,9],[5,6,10],[5,7,8],[5,7,9],[6,7,10],[7,8,10]]

manifold_lex_d2_n10_o1_g1_#1920=[[1,2,3],[1,2,4],[1,3,5],[1,4,5],[2,3,6],
 [2,4,7],[2,6,7],[3,5,8],[3,6,9],[3,8,9],[4,5,10],[4,7,9],[4,8,9],
 [4,8,10],[5,7,8],[5,7,9],[5,9,10],[6,7,8],[6,8,10],[6,9,10]]

manifold_lex_d2_n10_o1_g1_#1921=[[1,2,3],[1,2,4],[1,3,5],[1,4,5],[2,3,6],
 [2,4,7],[2,6,7],[3,5,8],[3,6,9],[3,8,9],[4,5,10],[4,7,9],[4,8,9],
 [4,8,10],[5,7,8],[5,7,9],[5,9,10],[6,7,10],[6,9,10],[7,8,10]]

manifold_lex_d2_n10_o1_g1_#1922=[[1,2,3],[1,2,4],[1,3,5],[1,4,5],[2,3,6],
 [2,4,7],[2,6,7],[3,5,8],[3,6,9],[3,8,9],[4,5,10],[4,7,9],[4,8,9],
 [4,8,10],[5,7,8],[5,7,10],[6,7,8],[6,8,10],[6,9,10],[7,9,10]]

manifold_lex_d2_n10_o1_g1_#1923=[[1,2,3],[1,2,4],[1,3,5],[1,4,5],[2,3,6],
 [2,4,7],[2,6,7],[3,5,8],[3,6,9],[3,8,9],[4,5,10],[4,7,9],[4,9,10],
 [5,6,9],[5,6,10],[5,7,8],[5,7,9],[6,7,8],[6,8,10],[8,9,10]]

manifold_lex_d2_n10_o1_g1_#1924=[[1,2,3],[1,2,4],[1,3,5],[1,4,5],[2,3,6],
 [2,4,7],[2,6,7],[3,5,8],[3,6,9],[3,8,10],[3,9,10],[4,5,9],[4,7,10],
 [4,8,9],[4,8,10],[5,6,7],[5,6,8],[5,7,9],[6,8,9],[7,9,10]]

manifold_lex_d2_n10_o1_g1_#1925=[[1,2,3],[1,2,4],[1,3,5],[1,4,5],[2,3,6],
 [2,4,7],[2,6,7],[3,5,8],[3,6,9],[3,8,10],[3,9,10],[4,5,9],[4,7,10],
 [4,8,9],[4,8,10],[5,6,7],[5,6,8],[5,7,10],[5,9,10],[6,8,9]]

manifold_lex_d2_n10_o1_g1_#1926=[[1,2,3],[1,2,4],[1,3,5],[1,4,5],[2,3,6],
 [2,4,7],[2,6,7],[3,5,8],[3,6,9],[3,8,10],[3,9,10],[4,5,9],[4,7,10],
 [4,8,9],[4,8,10],[5,6,8],[5,6,10],[5,9,10],[6,7,10],[6,8,9]]

manifold_lex_d2_n10_o1_g1_#1927=[[1,2,3],[1,2,4],[1,3,5],[1,4,5],[2,3,6],
 [2,4,7],[2,6,7],[3,5,8],[3,6,9],[3,8,10],[3,9,10],[4,5,9],[4,7,10],
 [4,8,9],[4,8,10],[5,7,8],[5,7,9],[6,7,8],[6,8,9],[7,9,10]]

manifold_lex_d2_n10_o1_g1_#1928=[[1,2,3],[1,2,4],[1,3,5],[1,4,5],[2,3,6],
 [2,4,7],[2,6,7],[3,5,8],[3,6,9],[3,8,10],[3,9,10],[4,5,9],[4,7,10],
 [4,8,9],[4,8,10],[5,7,8],[5,7,10],[5,9,10],[6,7,8],[6,8,9]]

manifold_lex_d2_n10_o1_g1_#1929=[[1,2,3],[1,2,4],[1,3,5],[1,4,5],[2,3,6],
 [2,4,7],[2,6,8],[2,7,8],[3,5,7],[3,6,9],[3,7,8],[3,8,9],[4,5,6],
 [4,6,8],[4,7,9],[4,8,9],[5,6,10],[5,7,10],[6,9,10],[7,9,10]]

manifold_lex_d2_n10_o1_g1_#1930=[[1,2,3],[1,2,4],[1,3,5],[1,4,5],[2,3,6],
 [2,4,7],[2,6,8],[2,7,8],[3,5,7],[3,6,9],[3,7,8],[3,8,9],[4,5,6],
 [4,6,8],[4,7,10],[4,8,9],[4,9,10],[5,6,10],[5,7,10],[6,9,10]]

manifold_lex_d2_n10_o1_g1_#1931=[[1,2,3],[1,2,4],[1,3,5],[1,4,5],[2,3,6],
 [2,4,7],[2,6,8],[2,7,8],[3,5,7],[3,6,9],[3,7,8],[3,8,9],[4,5,6],
 [4,6,8],[4,7,10],[4,8,10],[5,6,9],[5,7,10],[5,9,10],[8,9,10]]

manifold_lex_d2_n10_o1_g1_#1932=[[1,2,3],[1,2,4],[1,3,5],[1,4,5],[2,3,6],
 [2,4,7],[2,6,8],[2,7,8],[3,5,7],[3,6,9],[3,7,8],[3,8,9],[4,5,6],
 [4,6,10],[4,7,10],[5,6,9],[5,7,9],[6,8,10],[7,9,10],[8,9,10]]

manifold_lex_d2_n10_o1_g1_#1933=[[1,2,3],[1,2,4],[1,3,5],[1,4,5],[2,3,6],
 [2,4,7],[2,6,8],[2,7,8],[3,5,7],[3,6,9],[3,7,8],[3,8,9],[4,5,6],
 [4,6,10],[4,7,10],[5,6,9],[5,7,10],[5,9,10],[6,8,10],[8,9,10]]

manifold_lex_d2_n10_o1_g1_#1934=[[1,2,3],[1,2,4],[1,3,5],[1,4,5],[2,3,6],
 [2,4,7],[2,6,8],[2,7,8],[3,5,7],[3,6,9],[3,7,8],[3,8,9],[4,5,8],
 [4,7,9],[4,8,9],[5,6,8],[5,6,10],[5,7,10],[6,9,10],[7,9,10]]

manifold_lex_d2_n10_o1_g1_#1935=[[1,2,3],[1,2,4],[1,3,5],[1,4,5],[2,3,6],
 [2,4,7],[2,6,8],[2,7,8],[3,5,7],[3,6,9],[3,7,8],[3,8,9],[4,5,8],
 [4,7,9],[4,8,9],[5,7,10],[5,8,10],[6,8,10],[6,9,10],[7,9,10]]

manifold_lex_d2_n10_o1_g1_#1936=[[1,2,3],[1,2,4],[1,3,5],[1,4,5],[2,3,6],
 [2,4,7],[2,6,8],[2,7,8],[3,5,7],[3,6,9],[3,7,8],[3,8,9],[4,5,8],
 [4,7,10],[4,8,9],[4,9,10],[5,6,8],[5,6,10],[5,7,10],[6,9,10]]

manifold_lex_d2_n10_o1_g1_#1937=[[1,2,3],[1,2,4],[1,3,5],[1,4,5],[2,3,6],
 [2,4,7],[2,6,8],[2,7,8],[3,5,7],[3,6,9],[3,7,8],[3,8,9],[4,5,8],
 [4,7,10],[4,8,9],[4,9,10],[5,7,10],[5,8,10],[6,8,10],[6,9,10]]

manifold_lex_d2_n10_o1_g1_#1938=[[1,2,3],[1,2,4],[1,3,5],[1,4,5],[2,3,6],
 [2,4,7],[2,6,8],[2,7,8],[3,5,7],[3,6,9],[3,7,8],[3,8,9],[4,5,8],
 [4,7,10],[4,8,10],[5,6,8],[5,6,9],[5,7,10],[5,9,10],[8,9,10]]

manifold_lex_d2_n10_o1_g1_#1939=[[1,2,3],[1,2,4],[1,3,5],[1,4,5],[2,3,6],
 [2,4,7],[2,6,8],[2,7,8],[3,5,7],[3,6,9],[3,7,8],[3,8,9],[4,5,9],
 [4,6,7],[4,6,9],[5,7,10],[5,9,10],[6,7,10],[6,8,10],[8,9,10]]

manifold_lex_d2_n10_o1_g1_#1940=[[1,2,3],[1,2,4],[1,3,5],[1,4,5],[2,3,6],
 [2,4,7],[2,6,8],[2,7,8],[3,5,7],[3,6,9],[3,7,8],[3,8,9],[4,5,9],
 [4,6,8],[4,6,9],[4,7,10],[4,8,10],[5,7,10],[5,9,10],[8,9,10]]

manifold_lex_d2_n10_o1_g1_#1941=[[1,2,3],[1,2,4],[1,3,5],[1,4,5],[2,3,6],
 [2,4,7],[2,6,8],[2,7,8],[3,5,7],[3,6,9],[3,7,8],[3,8,9],[4,5,9],
 [4,6,9],[4,6,10],[4,7,10],[5,7,10],[5,8,9],[5,8,10],[6,8,10]]

manifold_lex_d2_n10_o1_g1_#1942=[[1,2,3],[1,2,4],[1,3,5],[1,4,5],[2,3,6],
 [2,4,7],[2,6,8],[2,7,8],[3,5,7],[3,6,9],[3,7,8],[3,8,9],[4,5,9],
 [4,6,9],[4,6,10],[4,7,10],[5,7,10],[5,9,10],[6,8,10],[8,9,10]]

manifold_lex_d2_n10_o1_g1_#1943=[[1,2,3],[1,2,4],[1,3,5],[1,4,5],[2,3,6],
 [2,4,7],[2,6,8],[2,7,8],[3,5,7],[3,6,9],[3,7,8],[3,8,9],[4,5,9],
 [4,7,10],[4,9,10],[5,6,7],[5,6,8],[5,8,9],[6,7,10],[6,9,10]]

manifold_lex_d2_n10_o1_g1_#1944=[[1,2,3],[1,2,4],[1,3,5],[1,4,5],[2,3,6],
 [2,4,7],[2,6,8],[2,7,8],[3,5,7],[3,6,9],[3,7,8],[3,8,9],[4,5,9],
 [4,7,10],[4,9,10],[5,6,8],[5,6,10],[5,7,10],[5,8,9],[6,9,10]]

manifold_lex_d2_n10_o1_g1_#1945=[[1,2,3],[1,2,4],[1,3,5],[1,4,5],[2,3,6],
 [2,4,7],[2,6,8],[2,7,8],[3,5,7],[3,6,9],[3,7,8],[3,8,9],[4,5,9],
 [4,7,10],[4,9,10],[5,7,10],[5,8,9],[5,8,10],[6,8,10],[6,9,10]]

manifold_lex_d2_n10_o1_g1_#1946=[[1,2,3],[1,2,4],[1,3,5],[1,4,5],[2,3,6],
 [2,4,7],[2,6,8],[2,7,8],[3,5,7],[3,6,9],[3,7,8],[3,8,9],[4,5,10],
 [4,7,9],[4,8,9],[4,8,10],[5,6,7],[5,6,10],[6,7,9],[6,8,10]]

manifold_lex_d2_n10_o1_g1_#1947=[[1,2,3],[1,2,4],[1,3,5],[1,4,5],[2,3,6],
 [2,4,7],[2,6,8],[2,7,8],[3,5,7],[3,6,9],[3,7,8],[3,8,9],[4,5,10],
 [4,7,9],[4,8,9],[4,8,10],[5,6,9],[5,6,10],[5,7,9],[6,8,10]]

manifold_lex_d2_n10_o1_g1_#1948=[[1,2,3],[1,2,4],[1,3,5],[1,4,5],[2,3,6],
 [2,4,7],[2,6,8],[2,7,8],[3,5,7],[3,6,9],[3,7,8],[3,8,9],[4,5,10],
 [4,7,9],[4,8,9],[4,8,10],[5,7,9],[5,9,10],[6,8,10],[6,9,10]]

manifold_lex_d2_n10_o1_g1_#1949=[[1,2,3],[1,2,4],[1,3,5],[1,4,5],[2,3,6],
 [2,4,7],[2,6,8],[2,7,8],[3,5,7],[3,6,9],[3,7,8],[3,8,9],[4,5,10],
 [4,7,9],[4,9,10],[5,6,7],[5,6,8],[5,8,10],[6,7,9],[8,9,10]]

manifold_lex_d2_n10_o1_g1_#1950=[[1,2,3],[1,2,4],[1,3,5],[1,4,5],[2,3,6],
 [2,4,7],[2,6,8],[2,7,8],[3,5,7],[3,6,9],[3,7,8],[3,8,9],[4,5,10],
 [4,7,9],[4,9,10],[5,6,7],[5,6,10],[6,7,9],[6,8,10],[8,9,10]]

manifold_lex_d2_n10_o1_g1_#1951=[[1,2,3],[1,2,4],[1,3,5],[1,4,5],[2,3,6],
 [2,4,7],[2,6,8],[2,7,8],[3,5,7],[3,6,9],[3,7,8],[3,8,10],[3,9,10],
 [4,5,6],[4,6,8],[4,7,9],[4,8,10],[4,9,10],[5,6,9],[5,7,9]]

manifold_lex_d2_n10_o1_g1_#1952=[[1,2,3],[1,2,4],[1,3,5],[1,4,5],[2,3,6],
 [2,4,7],[2,6,8],[2,7,8],[3,5,7],[3,6,9],[3,7,8],[3,8,10],[3,9,10],
 [4,5,6],[4,6,10],[4,7,10],[5,6,9],[5,7,9],[6,8,10],[7,9,10]]

manifold_lex_d2_n10_o1_g1_#1953=[[1,2,3],[1,2,4],[1,3,5],[1,4,5],[2,3,6],
 [2,4,7],[2,6,8],[2,7,8],[3,5,7],[3,6,9],[3,7,8],[3,8,10],[3,9,10],
 [4,5,8],[4,7,9],[4,8,10],[4,9,10],[5,6,8],[5,6,9],[5,7,9]]

manifold_lex_d2_n10_o1_g1_#1954=[[1,2,3],[1,2,4],[1,3,5],[1,4,5],[2,3,6],
 [2,4,7],[2,6,8],[2,7,8],[3,5,7],[3,6,9],[3,7,8],[3,8,10],[3,9,10],
 [4,5,8],[4,7,10],[4,8,10],[5,6,8],[5,6,9],[5,7,9],[7,9,10]]

manifold_lex_d2_n10_o1_g1_#1955=[[1,2,3],[1,2,4],[1,3,5],[1,4,5],[2,3,6],
 [2,4,7],[2,6,8],[2,7,8],[3,5,7],[3,6,9],[3,7,8],[3,8,10],[3,9,10],
 [4,5,9],[4,6,7],[4,6,9],[5,7,10],[5,9,10],[6,7,10],[6,8,10]]

manifold_lex_d2_n10_o1_g1_#1956=[[1,2,3],[1,2,4],[1,3,5],[1,4,5],[2,3,6],
 [2,4,7],[2,6,8],[2,7,8],[3,5,7],[3,6,9],[3,7,8],[3,8,10],[3,9,10],
 [4,5,9],[4,6,8],[4,6,9],[4,7,10],[4,8,10],[5,7,10],[5,9,10]]

manifold_lex_d2_n10_o1_g1_#1957=[[1,2,3],[1,2,4],[1,3,5],[1,4,5],[2,3,6],
 [2,4,7],[2,6,8],[2,7,8],[3,5,7],[3,6,9],[3,7,8],[3,8,10],[3,9,10],
 [4,5,10],[4,7,9],[4,9,10],[5,6,7],[5,6,8],[5,8,10],[6,7,9]]

manifold_lex_d2_n10_o1_g1_#1958=[[1,2,3],[1,2,4],[1,3,5],[1,4,5],[2,3,6],
 [2,4,7],[2,6,8],[2,7,8],[3,5,7],[3,6,9],[3,7,8],[3,8,10],[3,9,10],
 [4,5,10],[4,7,9],[4,9,10],[5,6,7],[5,6,10],[6,7,9],[6,8,10]]

manifold_lex_d2_n10_o1_g1_#1959=[[1,2,3],[1,2,4],[1,3,5],[1,4,5],[2,3,6],
 [2,4,7],[2,6,8],[2,7,8],[3,5,7],[3,6,9],[3,7,8],[3,8,10],[3,9,10],
 [4,5,10],[4,7,9],[4,9,10],[5,6,8],[5,6,9],[5,7,9],[5,8,10]]

manifold_lex_d2_n10_o1_g1_#1960=[[1,2,3],[1,2,4],[1,3,5],[1,4,5],[2,3,6],
 [2,4,7],[2,6,8],[2,7,8],[3,5,7],[3,6,9],[3,7,9],[4,5,8],[4,7,10],
 [4,8,9],[4,9,10],[5,6,8],[5,6,10],[5,7,10],[6,9,10],[7,8,9]]

manifold_lex_d2_n10_o1_g1_#1961=[[1,2,3],[1,2,4],[1,3,5],[1,4,5],[2,3,6],
 [2,4,7],[2,6,8],[2,7,8],[3,5,7],[3,6,9],[3,7,9],[4,5,8],[4,7,10],
 [4,8,10],[5,6,7],[5,6,8],[6,7,10],[6,9,10],[7,8,9],[8,9,10]]

manifold_lex_d2_n10_o1_g1_#1962=[[1,2,3],[1,2,4],[1,3,5],[1,4,5],[2,3,6],
 [2,4,7],[2,6,8],[2,7,8],[3,5,7],[3,6,9],[3,7,9],[4,5,10],[4,6,7],
 [4,6,9],[4,9,10],[5,6,7],[5,6,8],[5,8,10],[7,8,9],[8,9,10]]

manifold_lex_d2_n10_o1_g1_#1963=[[1,2,3],[1,2,4],[1,3,5],[1,4,5],[2,3,6],
 [2,4,7],[2,6,8],[2,7,8],[3,5,7],[3,6,9],[3,7,9],[4,5,10],[4,6,7],
 [4,6,9],[4,9,10],[5,6,7],[5,6,8],[5,8,10],[7,8,10],[7,9,10]]

manifold_lex_d2_n10_o1_g1_#1964=[[1,2,3],[1,2,4],[1,3,5],[1,4,5],[2,3,6],
 [2,4,7],[2,6,8],[2,7,8],[3,5,7],[3,6,9],[3,7,10],[3,9,10],[4,5,8],
 [4,7,9],[4,8,10],[4,9,10],[5,6,7],[5,6,8],[6,7,9],[7,8,10]]

manifold_lex_d2_n10_o1_g1_#1965=[[1,2,3],[1,2,4],[1,3,5],[1,4,5],[2,3,6],
 [2,4,7],[2,6,8],[2,7,8],[3,5,7],[3,6,9],[3,7,10],[3,9,10],[4,5,8],
 [4,7,9],[4,8,10],[4,9,10],[5,6,8],[5,6,9],[5,7,9],[7,8,10]]

manifold_lex_d2_n10_o1_g1_#1966=[[1,2,3],[1,2,4],[1,3,5],[1,4,5],[2,3,6],
 [2,4,7],[2,6,8],[2,7,8],[3,5,7],[3,6,9],[3,7,10],[3,9,10],[4,5,10],
 [4,6,7],[4,6,9],[4,9,10],[5,6,7],[5,6,8],[5,8,10],[7,8,10]]

manifold_lex_d2_n10_o1_g1_#1967=[[1,2,3],[1,2,4],[1,3,5],[1,4,5],[2,3,6],
 [2,4,7],[2,6,8],[2,7,8],[3,5,7],[3,6,9],[3,7,10],[3,9,10],[4,5,10],
 [4,7,9],[4,9,10],[5,6,7],[5,6,8],[5,8,10],[6,7,9],[7,8,10]]

manifold_lex_d2_n10_o1_g1_#1968=[[1,2,3],[1,2,4],[1,3,5],[1,4,5],[2,3,6],
 [2,4,7],[2,6,8],[2,7,8],[3,5,8],[3,6,7],[3,7,9],[3,8,9],[4,5,10],
 [4,7,9],[4,9,10],[5,6,7],[5,6,10],[5,7,8],[6,8,10],[8,9,10]]

manifold_lex_d2_n10_o1_g1_#1969=[[1,2,3],[1,2,4],[1,3,5],[1,4,5],[2,3,6],
 [2,4,7],[2,6,8],[2,7,8],[3,5,8],[3,6,7],[3,7,9],[3,8,9],[4,5,10],
 [4,7,9],[4,9,10],[5,7,8],[5,7,10],[6,7,10],[6,8,9],[6,9,10]]

manifold_lex_d2_n10_o1_g1_#1970=[[1,2,3],[1,2,4],[1,3,5],[1,4,5],[2,3,6],
 [2,4,7],[2,6,8],[2,7,8],[3,5,8],[3,6,7],[3,7,9],[3,8,9],[4,5,10],
 [4,7,9],[4,9,10],[5,7,8],[5,7,10],[6,7,10],[6,8,10],[8,9,10]]

manifold_lex_d2_n10_o1_g1_#1971=[[1,2,3],[1,2,4],[1,3,5],[1,4,5],[2,3,6],
 [2,4,7],[2,6,8],[2,7,8],[3,5,8],[3,6,7],[3,7,9],[3,8,10],[3,9,10],
 [4,5,10],[4,7,9],[4,9,10],[5,6,7],[5,6,10],[5,7,8],[6,8,10]]

manifold_lex_d2_n10_o1_g1_#1972=[[1,2,3],[1,2,4],[1,3,5],[1,4,5],[2,3,6],
 [2,4,7],[2,6,8],[2,7,8],[3,5,8],[3,6,9],[3,7,9],[3,7,10],[3,8,10],
 [4,5,9],[4,6,9],[4,6,10],[4,7,10],[5,7,8],[5,7,9],[6,8,10]]

manifold_lex_d2_n10_o1_g1_#1973=[[1,2,3],[1,2,4],[1,3,5],[1,4,5],[2,3,6],
 [2,4,7],[2,6,8],[2,7,8],[3,5,8],[3,6,9],[3,7,9],[3,7,10],[3,8,10],
 [4,5,9],[4,7,10],[4,9,10],[5,7,8],[5,7,9],[6,8,10],[6,9,10]]

manifold_lex_d2_n10_o1_g1_#1974=[[1,2,3],[1,2,4],[1,3,5],[1,4,5],[2,3,6],
 [2,4,7],[2,6,8],[2,7,8],[3,5,8],[3,6,9],[3,8,9],[4,5,9],[4,6,7],
 [4,6,9],[5,7,8],[5,7,10],[5,9,10],[6,7,10],[6,8,10],[8,9,10]]

manifold_lex_d2_n10_o1_g1_#1975=[[1,2,3],[1,2,4],[1,3,5],[1,4,5],[2,3,6],
 [2,4,7],[2,6,8],[2,7,8],[3,5,8],[3,6,9],[3,8,9],[4,5,9],[4,6,8],
 [4,6,9],[4,7,10],[4,8,10],[5,7,8],[5,7,10],[5,9,10],[8,9,10]]

manifold_lex_d2_n10_o1_g1_#1976=[[1,2,3],[1,2,4],[1,3,5],[1,4,5],[2,3,6],
 [2,4,7],[2,6,8],[2,7,8],[3,5,8],[3,6,9],[3,8,9],[4,5,9],[4,6,9],
 [4,6,10],[4,7,10],[5,7,8],[5,7,10],[5,9,10],[6,8,10],[8,9,10]]

manifold_lex_d2_n10_o1_g1_#1977=[[1,2,3],[1,2,4],[1,3,5],[1,4,5],[2,3,6],
 [2,4,7],[2,6,8],[2,7,8],[3,5,8],[3,6,9],[3,8,9],[4,5,10],[4,6,7],
 [4,6,9],[4,9,10],[5,6,7],[5,6,10],[5,7,8],[6,8,10],[8,9,10]]

manifold_lex_d2_n10_o1_g1_#1978=[[1,2,3],[1,2,4],[1,3,5],[1,4,5],[2,3,6],
 [2,4,7],[2,6,8],[2,7,8],[3,5,8],[3,6,9],[3,8,9],[4,5,10],[4,6,7],
 [4,6,9],[4,9,10],[5,7,8],[5,7,10],[6,7,10],[6,8,10],[8,9,10]]

manifold_lex_d2_n10_o1_g1_#1979=[[1,2,3],[1,2,4],[1,3,5],[1,4,5],[2,3,6],
 [2,4,7],[2,6,8],[2,7,8],[3,5,8],[3,6,9],[3,8,9],[4,5,10],[4,7,9],
 [4,8,9],[4,8,10],[5,7,8],[5,7,9],[5,9,10],[6,8,10],[6,9,10]]

manifold_lex_d2_n10_o1_g1_#1980=[[1,2,3],[1,2,4],[1,3,5],[1,4,5],[2,3,6],
 [2,4,7],[2,6,8],[2,7,8],[3,5,8],[3,6,9],[3,8,9],[4,5,10],[4,7,9],
 [4,9,10],[5,6,7],[5,6,10],[5,7,8],[6,7,9],[6,8,10],[8,9,10]]

manifold_lex_d2_n10_o1_g1_#1981=[[1,2,3],[1,2,4],[1,3,5],[1,4,5],[2,3,6],
 [2,4,7],[2,6,8],[2,7,8],[3,5,8],[3,6,9],[3,8,9],[4,5,10],[4,7,9],
 [4,9,10],[5,6,9],[5,6,10],[5,7,8],[5,7,9],[6,8,10],[8,9,10]]

manifold_lex_d2_n10_o1_g1_#1982=[[1,2,3],[1,2,4],[1,3,5],[1,4,5],[2,3,6],
 [2,4,7],[2,6,8],[2,7,8],[3,5,8],[3,6,9],[3,8,9],[4,5,10],[4,7,9],
 [4,9,10],[5,7,8],[5,7,10],[6,7,9],[6,7,10],[6,8,10],[8,9,10]]

manifold_lex_d2_n10_o1_g1_#1983=[[1,2,3],[1,2,4],[1,3,5],[1,4,5],[2,3,6],
 [2,4,7],[2,6,8],[2,7,8],[3,5,8],[3,6,9],[3,8,10],[3,9,10],[4,5,9],
 [4,6,8],[4,6,9],[4,7,10],[4,8,10],[5,7,8],[5,7,10],[5,9,10]]

manifold_lex_d2_n10_o1_g1_#1984=[[1,2,3],[1,2,4],[1,3,5],[1,4,5],[2,3,6],
 [2,4,7],[2,6,8],[2,7,8],[3,5,8],[3,6,9],[3,8,10],[3,9,10],[4,5,9],
 [4,6,9],[4,6,10],[4,7,10],[5,7,8],[5,7,9],[6,8,10],[7,9,10]]

manifold_lex_d2_n10_o1_g1_#1985=[[1,2,3],[1,2,4],[1,3,5],[1,4,5],[2,3,6],
 [2,4,7],[2,6,8],[2,7,8],[3,5,8],[3,6,9],[3,8,10],[3,9,10],[4,5,9],
 [4,6,9],[4,6,10],[4,7,10],[5,7,8],[5,7,10],[5,9,10],[6,8,10]]

manifold_lex_d2_n10_o1_g1_#1986=[[1,2,3],[1,2,4],[1,3,5],[1,4,5],[2,3,6],
 [2,4,7],[2,6,8],[2,7,8],[3,5,8],[3,6,9],[3,8,10],[3,9,10],[4,5,10],
 [4,7,9],[4,9,10],[5,6,7],[5,6,10],[5,7,8],[6,7,9],[6,8,10]]

manifold_lex_d2_n10_o1_g1_#1987=[[1,2,3],[1,2,4],[1,3,5],[1,4,5],[2,3,6],
 [2,4,7],[2,6,8],[2,7,8],[3,5,8],[3,6,9],[3,8,10],[3,9,10],[4,5,10],
 [4,7,9],[4,9,10],[5,6,9],[5,6,10],[5,7,8],[5,7,9],[6,8,10]]

manifold_lex_d2_n10_o1_g1_#1988=[[1,2,3],[1,2,4],[1,3,5],[1,4,5],[2,3,6],
 [2,4,7],[2,6,8],[2,7,8],[3,5,8],[3,6,9],[3,8,10],[3,9,10],[4,5,10],
 [4,7,9],[4,9,10],[5,6,9],[5,6,10],[5,8,9],[6,8,10],[7,8,9]]

manifold_lex_d2_n10_o1_g1_#1989=[[1,2,3],[1,2,4],[1,3,5],[1,4,5],[2,3,6],
 [2,4,7],[2,6,8],[2,7,8],[3,5,9],[3,6,10],[3,7,8],[3,7,9],[3,8,10],
 [4,5,10],[4,6,8],[4,6,10],[4,7,9],[4,8,9],[5,8,9],[5,8,10]]

manifold_lex_d2_n10_o1_g1_#1990=[[1,2,3],[1,2,4],[1,3,5],[1,4,5],[2,3,6],
 [2,4,7],[2,6,8],[2,7,8],[3,5,9],[3,6,10],[3,7,8],[3,7,9],[3,8,10],
 [4,5,10],[4,6,9],[4,6,10],[4,7,9],[5,6,8],[5,6,9],[5,8,10]]

manifold_lex_d2_n10_o1_g1_#1991=[[1,2,3],[1,2,4],[1,3,5],[1,4,5],[2,3,6],
 [2,4,7],[2,6,8],[2,7,8],[3,5,9],[3,6,10],[3,7,8],[3,7,9],[3,8,10],
 [4,5,10],[4,6,9],[4,6,10],[4,7,9],[5,8,9],[5,8,10],[6,8,9]]

manifold_lex_d2_n10_o1_g1_#1992=[[1,2,3],[1,2,4],[1,3,5],[1,4,5],[2,3,6],
 [2,4,7],[2,6,8],[2,7,8],[3,5,9],[3,6,10],[3,7,9],[3,7,10],[4,5,10],
 [4,6,9],[4,6,10],[4,7,9],[5,6,8],[5,6,9],[5,7,8],[5,7,10]]

manifold_lex_d2_n10_o1_g1_#1993=[[1,2,3],[1,2,4],[1,3,5],[1,4,5],[2,3,6],
 [2,4,7],[2,6,8],[2,7,8],[3,5,9],[3,6,10],[3,7,9],[3,7,10],[4,5,10],
 [4,6,9],[4,6,10],[4,7,9],[5,6,8],[5,6,9],[5,8,10],[7,8,10]]

manifold_lex_d2_n10_o1_g1_#1994=[[1,2,3],[1,2,4],[1,3,5],[1,4,5],[2,3,6],
 [2,4,7],[2,6,8],[2,7,8],[3,5,9],[3,6,10],[3,7,9],[3,7,10],[4,5,10],
 [4,6,9],[4,6,10],[4,7,9],[5,8,9],[5,8,10],[6,8,9],[7,8,10]]

manifold_lex_d2_n10_o1_g1_#1995=[[1,2,3],[1,2,4],[1,3,5],[1,4,5],[2,3,6],
 [2,4,7],[2,6,8],[2,7,9],[2,8,9],[3,5,7],[3,6,10],[3,7,9],[3,9,10],
 [4,5,8],[4,7,10],[4,8,9],[4,9,10],[5,6,8],[5,6,10],[5,7,10]]

manifold_lex_d2_n10_o1_g1_#1996=[[1,2,3],[1,2,4],[1,3,5],[1,4,5],[2,3,6],
 [2,4,7],[2,6,8],[2,7,9],[2,8,9],[3,5,7],[3,6,10],[3,7,9],[3,9,10],
 [4,5,9],[4,6,7],[4,6,10],[4,9,10],[5,6,7],[5,6,8],[5,8,9]]

manifold_lex_d2_n10_o1_g1_#1997=[[1,2,3],[1,2,4],[1,3,5],[1,4,5],[2,3,6],
 [2,4,7],[2,6,8],[2,7,9],[2,8,9],[3,5,9],[3,6,10],[3,8,9],[3,8,10],
 [4,5,10],[4,6,8],[4,6,10],[4,7,8],[5,7,8],[5,7,9],[5,8,10]]

manifold_lex_d2_n10_o1_g1_#1998=[[1,2,3],[1,2,4],[1,3,5],[1,4,6],[1,5,6],
 [2,3,6],[2,4,5],[2,5,7],[2,6,7],[3,5,7],[3,6,8],[3,7,8],[4,5,9],
 [4,6,10],[4,9,10],[5,6,9],[6,7,10],[6,8,9],[7,8,10],[8,9,10]]

manifold_lex_d2_n10_o1_g1_#1999=[[1,2,3],[1,2,4],[1,3,5],[1,4,6],[1,5,6],
 [2,3,6],[2,4,5],[2,5,7],[2,6,7],[3,5,7],[3,6,8],[3,7,9],[3,8,9],
 [4,5,10],[4,6,10],[5,6,8],[5,8,10],[6,7,9],[6,9,10],[8,9,10]]

manifold_lex_d2_n10_o1_g1_#2000=[[1,2,3],[1,2,4],[1,3,5],[1,4,6],[1,5,6],
 [2,3,6],[2,4,5],[2,5,7],[2,6,7],[3,5,8],[3,6,8],[4,5,9],[4,6,9],
 [5,6,10],[5,7,8],[5,9,10],[6,7,9],[6,8,10],[7,8,10],[7,9,10]]

manifold_lex_d2_n10_o1_g1_#2001=[[1,2,3],[1,2,4],[1,3,5],[1,4,6],[1,5,6],
 [2,3,6],[2,4,5],[2,5,7],[2,6,7],[3,5,8],[3,6,8],[4,5,9],[4,6,10],
 [4,9,10],[5,6,9],[5,7,8],[6,7,10],[6,8,9],[7,8,10],[8,9,10]]

manifold_lex_d2_n10_o1_g1_#2002=[[1,2,3],[1,2,4],[1,3,5],[1,4,6],[1,5,6],
 [2,3,6],[2,4,5],[2,5,7],[2,6,7],[3,5,8],[3,6,9],[3,8,9],[4,5,9],
 [4,6,10],[4,9,10],[5,6,9],[5,7,8],[6,7,10],[7,8,10],[8,9,10]]

manifold_lex_d2_n10_o1_g1_#2003=[[1,2,3],[1,2,4],[1,3,5],[1,4,6],[1,5,6],
 [2,3,6],[2,4,5],[2,5,7],[2,6,8],[2,7,8],[3,5,7],[3,6,7],[4,5,9],
 [4,6,9],[5,6,10],[5,9,10],[6,7,10],[6,8,9],[7,8,10],[8,9,10]]

manifold_lex_d2_n10_o1_g1_#2004=[[1,2,3],[1,2,4],[1,3,5],[1,4,6],[1,5,6],
 [2,3,6],[2,4,5],[2,5,7],[2,6,8],[2,7,8],[3,5,7],[3,6,9],[3,7,9],
 [4,5,10],[4,6,8],[4,8,10],[5,6,9],[5,9,10],[7,8,10],[7,9,10]]

manifold_lex_d2_n10_o1_g1_#2005=[[1,2,3],[1,2,4],[1,3,5],[1,4,6],[1,5,6],
 [2,3,6],[2,4,5],[2,5,7],[2,6,8],[2,7,8],[3,5,7],[3,6,9],[3,7,9],
 [4,5,10],[4,6,10],[5,6,9],[5,9,10],[6,8,10],[7,8,9],[8,9,10]]

manifold_lex_d2_n10_o1_g1_#2006=[[1,2,3],[1,2,4],[1,3,5],[1,4,6],[1,5,6],
 [2,3,6],[2,4,5],[2,5,7],[2,6,8],[2,7,8],[3,5,7],[3,6,9],[3,7,10],
 [3,9,10],[4,5,9],[4,6,8],[4,8,10],[4,9,10],[5,6,9],[7,8,10]]

manifold_lex_d2_n10_o1_g1_#2007=[[1,2,3],[1,2,4],[1,3,5],[1,4,6],[1,5,6],
 [2,3,6],[2,4,7],[2,5,7],[2,5,8],[2,6,8],[3,5,8],[3,6,9],[3,8,9],
 [4,6,10],[4,7,10],[5,6,7],[6,7,9],[6,8,10],[7,9,10],[8,9,10]]

manifold_lex_d2_n10_o1_g1_#2008=[[1,2,3],[1,2,4],[1,3,5],[1,4,6],[1,5,6],
 [2,3,6],[2,4,7],[2,5,7],[2,5,8],[2,6,8],[3,5,8],[3,6,9],[3,8,9],
 [4,6,10],[4,7,10],[5,6,9],[5,7,9],[6,8,10],[7,9,10],[8,9,10]]

manifold_lex_d2_n10_o1_g1_#2009=[[1,2,3],[1,2,4],[1,3,5],[1,4,6],[1,5,6],
 [2,3,6],[2,4,7],[2,5,7],[2,5,8],[2,6,8],[3,5,8],[3,6,9],[3,8,10],
 [3,9,10],[4,6,8],[4,7,10],[4,8,10],[5,6,9],[5,7,9],[7,9,10]]

manifold_lex_d2_n10_o1_g1_#2010=[[1,2,3],[1,2,4],[1,3,5],[1,4,6],[1,5,6],
 [2,3,6],[2,4,7],[2,5,7],[2,5,8],[2,6,8],[3,5,8],[3,6,9],[3,8,10],
 [3,9,10],[4,6,10],[4,7,9],[4,9,10],[5,6,7],[6,7,9],[6,8,10]]

manifold_lex_d2_n10_o1_g1_#2011=[[1,2,3],[1,2,4],[1,3,5],[1,4,6],[1,5,6],
 [2,3,6],[2,4,7],[2,5,7],[2,5,8],[2,6,8],[3,5,8],[3,6,9],[3,8,10],
 [3,9,10],[4,6,10],[4,7,10],[5,6,9],[5,7,9],[6,8,10],[7,9,10]]

manifold_lex_d2_n10_o1_g1_#2012=[[1,2,3],[1,2,4],[1,3,5],[1,4,6],[1,5,6],
 [2,3,6],[2,4,7],[2,5,7],[2,5,8],[2,6,8],[3,5,9],[3,6,7],[3,7,9],
 [4,6,10],[4,7,10],[5,6,7],[5,8,9],[6,8,10],[7,9,10],[8,9,10]]

manifold_lex_d2_n10_o1_g1_#2013=[[1,2,3],[1,2,4],[1,3,5],[1,4,6],[1,5,6],
 [2,3,6],[2,4,7],[2,5,7],[2,5,8],[2,6,8],[3,5,9],[3,6,9],[4,6,8],
 [4,7,8],[5,6,10],[5,7,10],[5,8,9],[6,9,10],[7,8,10],[8,9,10]]

manifold_lex_d2_n10_o1_g1_#2014=[[1,2,3],[1,2,4],[1,3,5],[1,4,6],[1,5,6],
 [2,3,6],[2,4,7],[2,5,7],[2,5,8],[2,6,8],[3,5,9],[3,6,9],[4,6,8],
 [4,7,10],[4,8,10],[5,6,7],[5,8,9],[6,7,10],[6,9,10],[8,9,10]]

manifold_lex_d2_n10_o1_g1_#2015=[[1,2,3],[1,2,4],[1,3,5],[1,4,6],[1,5,6],
 [2,3,6],[2,4,7],[2,5,7],[2,5,8],[2,6,8],[3,5,9],[3,6,9],[4,6,8],
 [4,7,10],[4,8,10],[5,6,7],[5,8,10],[5,9,10],[6,7,9],[7,9,10]]

manifold_lex_d2_n10_o1_g1_#2016=[[1,2,3],[1,2,4],[1,3,5],[1,4,6],[1,5,6],
 [2,3,6],[2,4,7],[2,5,7],[2,5,8],[2,6,8],[3,5,9],[3,6,10],[3,9,10],
 [4,6,8],[4,7,8],[5,6,10],[5,7,10],[5,8,9],[7,8,9],[7,9,10]]

manifold_lex_d2_n10_o1_g1_#2017=[[1,2,3],[1,2,4],[1,3,5],[1,4,6],[1,5,6],
 [2,3,6],[2,4,7],[2,5,7],[2,5,8],[2,6,8],[3,5,9],[3,6,10],[3,9,10],
 [4,6,8],[4,7,9],[4,8,9],[5,6,10],[5,7,10],[5,8,9],[7,9,10]]

manifold_lex_d2_n10_o1_g1_#2018=[[1,2,3],[1,2,4],[1,3,5],[1,4,6],[1,5,6],
 [2,3,6],[2,4,7],[2,5,7],[2,5,8],[2,6,8],[3,5,9],[3,6,10],[3,9,10],
 [4,6,8],[4,7,10],[4,8,9],[4,9,10],[5,6,7],[5,8,9],[6,7,10]]

manifold_lex_d2_n10_o1_g1_#2019=[[1,2,3],[1,2,4],[1,3,5],[1,4,6],[1,5,6],
 [2,3,6],[2,4,7],[2,5,7],[2,5,8],[2,6,9],[2,8,9],[3,5,8],[3,6,7],
 [3,7,10],[3,8,10],[4,6,9],[4,7,10],[4,9,10],[5,6,7],[8,9,10]]

manifold_lex_d2_n10_o1_g1_#2020=[[1,2,3],[1,2,4],[1,3,5],[1,4,6],[1,5,6],
 [2,3,6],[2,4,7],[2,5,7],[2,5,8],[2,6,9],[2,8,9],[3,5,8],[3,6,10],
 [3,8,10],[4,6,9],[4,7,9],[5,6,7],[6,7,10],[7,9,10],[8,9,10]]

manifold_lex_d2_n10_o1_g1_#2021=[[1,2,3],[1,2,4],[1,3,5],[1,4,6],[1,5,6],
 [2,3,6],[2,4,7],[2,5,7],[2,5,8],[2,6,9],[2,8,9],[3,5,8],[3,6,10],
 [3,8,10],[4,6,9],[4,7,9],[5,6,10],[5,7,10],[7,8,9],[7,8,10]]

manifold_lex_d2_n10_o1_g1_#2022=[[1,2,3],[1,2,4],[1,3,5],[1,4,6],[1,5,6],
 [2,3,6],[2,4,7],[2,5,7],[2,5,8],[2,6,9],[2,8,9],[3,5,8],[3,6,10],
 [3,8,10],[4,6,9],[4,7,9],[5,6,10],[5,7,10],[7,9,10],[8,9,10]]

manifold_lex_d2_n10_o1_g1_#2023=[[1,2,3],[1,2,4],[1,3,5],[1,4,6],[1,5,6],
 [2,3,6],[2,4,7],[2,5,7],[2,5,8],[2,6,9],[2,8,9],[3,5,8],[3,6,10],
 [3,8,10],[4,6,9],[4,7,10],[4,9,10],[5,6,7],[6,7,10],[8,9,10]]

manifold_lex_d2_n10_o1_g1_#2024=[[1,2,3],[1,2,4],[1,3,5],[1,4,6],[1,5,6],
 [2,3,6],[2,4,7],[2,5,8],[2,5,9],[2,6,8],[2,7,9],[3,5,8],[3,6,9],
 [3,7,9],[3,7,10],[3,8,10],[4,6,10],[4,7,10],[5,6,9],[6,8,10]]

manifold_lex_d2_n10_o1_g1_#2025=[[1,2,3],[1,2,4],[1,3,5],[1,4,6],[1,5,6],
 [2,3,6],[2,4,7],[2,5,8],[2,5,9],[2,6,8],[2,7,9],[3,5,8],[3,6,10],
 [3,8,10],[4,6,8],[4,7,8],[5,6,9],[6,9,10],[7,8,10],[7,9,10]]

manifold_lex_d2_n10_o1_g1_#2026=[[1,2,3],[1,2,4],[1,3,5],[1,4,6],[1,5,6],
 [2,3,6],[2,4,7],[2,5,8],[2,5,9],[2,6,8],[2,7,9],[3,5,10],[3,6,9],
 [3,9,10],[4,6,8],[4,7,8],[5,6,9],[5,8,10],[7,8,10],[7,9,10]]

manifold_lex_d2_n10_o1_g1_#2027=[[1,2,3],[1,2,4],[1,3,5],[1,4,6],[1,5,6],
 [2,3,6],[2,4,7],[2,5,8],[2,5,9],[2,6,8],[2,7,9],[3,5,10],[3,6,10],
 [4,6,8],[4,7,8],[5,6,9],[5,7,8],[5,7,10],[6,9,10],[7,9,10]]

manifold_lex_d2_n10_o1_g1_#2028=[[1,2,3],[1,2,4],[1,3,5],[1,4,6],[1,5,6],
 [2,3,6],[2,4,7],[2,5,8],[2,5,9],[2,6,10],[2,7,8],[2,9,10],[3,5,9],
 [3,6,8],[3,8,9],[4,6,10],[4,7,10],[5,6,8],[7,8,9],[7,9,10]]

manifold_lex_d2_n10_o1_g1_#2029=[[1,2,3],[1,2,4],[1,3,5],[1,4,6],[1,5,6],
 [2,3,6],[2,4,7],[2,6,7],[3,5,7],[3,6,8],[3,7,8],[4,5,7],[4,5,9],
 [4,6,10],[4,9,10],[5,6,9],[6,7,10],[6,8,9],[7,8,10],[8,9,10]]

manifold_lex_d2_n10_o1_g1_#2030=[[1,2,3],[1,2,4],[1,3,5],[1,4,6],[1,5,6],
 [2,3,6],[2,4,7],[2,6,7],[3,5,7],[3,6,8],[3,7,8],[4,6,9],[4,7,10],
 [4,9,10],[5,6,8],[5,7,10],[5,8,10],[6,7,9],[7,8,9],[8,9,10]]

manifold_lex_d2_n10_o1_g1_#2031=[[1,2,3],[1,2,4],[1,3,5],[1,4,6],[1,5,6],
 [2,3,6],[2,4,7],[2,6,7],[3,5,7],[3,6,8],[3,7,9],[3,8,9],[4,6,9],
 [4,7,10],[4,8,9],[4,8,10],[5,6,10],[5,7,10],[6,7,9],[6,8,10]]

manifold_lex_d2_n10_o1_g1_#2032=[[1,2,3],[1,2,4],[1,3,5],[1,4,6],[1,5,6],
 [2,3,6],[2,4,7],[2,6,7],[3,5,7],[3,6,8],[3,7,9],[3,8,9],[4,6,9],
 [4,7,10],[4,9,10],[5,6,8],[5,7,10],[5,8,10],[6,7,9],[8,9,10]]

manifold_lex_d2_n10_o1_g1_#2033=[[1,2,3],[1,2,4],[1,3,5],[1,4,6],[1,5,6],
 [2,3,6],[2,4,7],[2,6,7],[3,5,8],[3,6,8],[4,6,9],[4,7,10],[4,8,9],
 [4,8,10],[5,6,10],[5,7,9],[5,7,10],[5,8,9],[6,7,9],[6,8,10]]

manifold_lex_d2_n10_o1_g1_#2034=[[1,2,3],[1,2,4],[1,3,5],[1,4,6],[1,5,6],
 [2,3,6],[2,4,7],[2,6,7],[3,5,8],[3,6,9],[3,7,8],[3,7,9],[4,6,10],
 [4,7,8],[4,8,10],[5,6,9],[5,8,9],[6,7,10],[7,9,10],[8,9,10]]

manifold_lex_d2_n10_o1_g1_#2035=[[1,2,3],[1,2,4],[1,3,5],[1,4,6],[1,5,6],
 [2,3,6],[2,4,7],[2,6,7],[3,5,8],[3,6,9],[3,7,8],[3,7,9],[4,6,10],
 [4,7,8],[4,8,10],[5,6,9],[5,8,10],[5,9,10],[6,7,10],[7,9,10]]

manifold_lex_d2_n10_o1_g1_#2036=[[1,2,3],[1,2,4],[1,3,5],[1,4,6],[1,5,6],
 [2,3,6],[2,4,7],[2,6,7],[3,5,8],[3,6,9],[3,7,8],[3,7,10],[3,9,10],
 [4,6,10],[4,7,8],[4,8,9],[4,9,10],[5,6,9],[5,8,9],[6,7,10]]

manifold_lex_d2_n10_o1_g1_#2037=[[1,2,3],[1,2,4],[1,3,5],[1,4,6],[1,5,6],
 [2,3,6],[2,4,7],[2,6,7],[3,5,8],[3,6,9],[3,7,8],[3,7,10],[3,9,10],
 [4,6,10],[4,7,8],[4,8,10],[5,6,9],[5,8,9],[6,7,10],[8,9,10]]

manifold_lex_d2_n10_o1_g1_#2038=[[1,2,3],[1,2,4],[1,3,5],[1,4,6],[1,5,6],
 [2,3,6],[2,4,7],[2,6,7],[3,5,8],[3,6,9],[3,8,9],[4,6,8],[4,7,10],
 [4,8,9],[4,9,10],[5,6,9],[5,8,10],[5,9,10],[6,7,8],[7,8,10]]

manifold_lex_d2_n10_o1_g1_#2039=[[1,2,3],[1,2,4],[1,3,5],[1,4,6],[1,5,6],
 [2,3,6],[2,4,7],[2,6,7],[3,5,8],[3,6,9],[3,8,9],[4,6,8],[4,7,10],
 [4,8,9],[4,9,10],[5,6,10],[5,7,8],[5,7,10],[6,7,8],[6,9,10]]

manifold_lex_d2_n10_o1_g1_#2040=[[1,2,3],[1,2,4],[1,3,5],[1,4,6],[1,5,6],
 [2,3,6],[2,4,7],[2,6,7],[3,5,8],[3,6,9],[3,8,9],[4,6,10],[4,7,8],
 [4,8,10],[5,6,9],[5,7,9],[5,7,10],[5,8,10],[6,7,10],[7,8,9]]

manifold_lex_d2_n10_o1_g1_#2041=[[1,2,3],[1,2,4],[1,3,5],[1,4,6],[1,5,6],
 [2,3,6],[2,4,7],[2,6,7],[3,5,8],[3,6,9],[3,8,9],[4,6,10],[4,7,8],
 [4,8,10],[5,6,9],[5,8,10],[5,9,10],[6,7,10],[7,8,9],[7,9,10]]

manifold_lex_d2_n10_o1_g1_#2042=[[1,2,3],[1,2,4],[1,3,5],[1,4,6],[1,5,6],
 [2,3,6],[2,4,7],[2,6,7],[3,5,8],[3,6,9],[3,8,9],[4,6,10],[4,7,9],
 [4,8,9],[4,8,10],[5,6,9],[5,7,9],[5,7,10],[5,8,10],[6,7,10]]

manifold_lex_d2_n10_o1_g1_#2043=[[1,2,3],[1,2,4],[1,3,5],[1,4,6],[1,5,6],
 [2,3,6],[2,4,7],[2,6,7],[3,5,8],[3,6,9],[3,8,10],[3,9,10],[4,6,10],
 [4,7,8],[4,8,9],[4,9,10],[5,6,9],[5,8,9],[6,7,10],[7,8,10]]

manifold_lex_d2_n10_o1_g1_#2044=[[1,2,3],[1,2,4],[1,3,5],[1,4,6],[1,5,6],
 [2,3,6],[2,4,7],[2,6,8],[2,7,8],[3,5,7],[3,6,9],[3,7,8],[3,8,9],
 [4,6,8],[4,7,10],[4,8,9],[4,9,10],[5,6,10],[5,7,10],[6,9,10]]

manifold_lex_d2_n10_o1_g1_#2045=[[1,2,3],[1,2,4],[1,3,5],[1,4,6],[1,5,6],
 [2,3,6],[2,4,7],[2,6,8],[2,7,8],[3,5,7],[3,6,9],[3,7,8],[3,8,9],
 [4,6,8],[4,7,10],[4,8,10],[5,6,9],[5,7,10],[5,9,10],[8,9,10]]

manifold_lex_d2_n10_o1_g1_#2046=[[1,2,3],[1,2,4],[1,3,5],[1,4,6],[1,5,6],
 [2,3,6],[2,4,7],[2,6,8],[2,7,8],[3,5,7],[3,6,9],[3,7,8],[3,8,9],
 [4,6,10],[4,7,10],[5,6,9],[5,7,9],[6,8,10],[7,9,10],[8,9,10]]

manifold_lex_d2_n10_o1_g1_#2047=[[1,2,3],[1,2,4],[1,3,5],[1,4,6],[1,5,6],
 [2,3,6],[2,4,7],[2,6,8],[2,7,8],[3,5,7],[3,6,9],[3,7,8],[3,8,9],
 [4,6,10],[4,7,10],[5,6,9],[5,7,10],[5,9,10],[6,8,10],[8,9,10]]

manifold_lex_d2_n10_o1_g1_#2048=[[1,2,3],[1,2,4],[1,3,5],[1,4,6],[1,5,6],
 [2,3,6],[2,4,7],[2,6,8],[2,7,8],[3,5,7],[3,6,9],[3,7,8],[3,8,10],
 [3,9,10],[4,6,10],[4,7,9],[4,9,10],[5,6,9],[5,7,9],[6,8,10]]

manifold_lex_d2_n10_o1_g1_#2049=[[1,2,3],[1,2,4],[1,3,5],[1,4,6],[1,5,6],
 [2,3,6],[2,4,7],[2,6,8],[2,7,8],[3,5,7],[3,6,9],[3,7,9],[4,5,7],
 [4,5,10],[4,6,8],[4,8,10],[5,6,9],[5,9,10],[7,8,10],[7,9,10]]

manifold_lex_d2_n10_o1_g1_#2050=[[1,2,3],[1,2,4],[1,3,5],[1,4,6],[1,5,6],
 [2,3,6],[2,4,7],[2,6,8],[2,7,8],[3,5,7],[3,6,9],[3,7,9],[4,6,8],
 [4,7,10],[4,8,9],[4,9,10],[5,6,10],[5,7,10],[6,9,10],[7,8,9]]

manifold_lex_d2_n10_o1_g1_#2051=[[1,2,3],[1,2,4],[1,3,5],[1,4,6],[1,5,6],
 [2,3,6],[2,4,7],[2,6,8],[2,7,8],[3,5,7],[3,6,9],[3,7,9],[4,6,8],
 [4,7,10],[4,8,10],[5,6,9],[5,7,10],[5,9,10],[7,8,9],[8,9,10]]

manifold_lex_d2_n10_o1_g1_#2052=[[1,2,3],[1,2,4],[1,3,5],[1,4,6],[1,5,6],
 [2,3,6],[2,4,7],[2,6,8],[2,7,8],[3,5,7],[3,6,9],[3,7,9],[4,6,8],
 [4,7,10],[4,8,10],[5,6,10],[5,7,10],[6,9,10],[7,8,9],[8,9,10]]

manifold_lex_d2_n10_o1_g1_#2053=[[1,2,3],[1,2,4],[1,3,5],[1,4,6],[1,5,6],
 [2,3,6],[2,4,7],[2,6,8],[2,7,8],[3,5,7],[3,6,9],[3,7,10],[3,9,10],
 [4,6,8],[4,7,9],[4,8,10],[4,9,10],[5,6,9],[5,7,9],[7,8,10]]

manifold_lex_d2_n10_o1_g1_#2054=[[1,2,3],[1,2,4],[1,3,5],[1,4,6],[1,5,6],
 [2,3,6],[2,4,7],[2,6,8],[2,7,8],[3,5,8],[3,6,9],[3,8,9],[4,6,8],
 [4,7,9],[4,8,9],[5,6,10],[5,8,10],[6,9,10],[7,8,10],[7,9,10]]

manifold_lex_d2_n10_o1_g1_#2055=[[1,2,3],[1,2,4],[1,3,5],[1,4,6],[1,5,6],
 [2,3,6],[2,4,7],[2,6,8],[2,7,8],[3,5,8],[3,6,9],[3,8,9],[4,6,8],
 [4,7,10],[4,8,9],[4,9,10],[5,6,10],[5,7,8],[5,7,10],[6,9,10]]

manifold_lex_d2_n10_o1_g1_#2056=[[1,2,3],[1,2,4],[1,3,5],[1,4,6],[1,5,6],
 [2,3,6],[2,4,7],[2,6,8],[2,7,8],[3,5,8],[3,6,9],[3,8,9],[4,6,10],
 [4,7,10],[5,6,9],[5,7,8],[5,7,9],[6,8,10],[7,9,10],[8,9,10]]

manifold_lex_d2_n10_o1_g1_#2057=[[1,2,3],[1,2,4],[1,3,5],[1,4,6],[1,5,6],
 [2,3,6],[2,4,7],[2,6,8],[2,7,8],[3,5,8],[3,6,9],[3,8,10],[3,9,10],
 [4,6,8],[4,7,10],[4,8,10],[5,6,9],[5,7,8],[5,7,9],[7,9,10]]

manifold_lex_d2_n10_o1_g1_#2058=[[1,2,3],[1,2,4],[1,3,5],[1,4,6],[1,5,6],
 [2,3,6],[2,4,7],[2,6,8],[2,7,8],[3,5,8],[3,6,9],[3,8,10],[3,9,10],
 [4,6,10],[4,7,9],[4,9,10],[5,6,9],[5,7,8],[5,7,9],[6,8,10]]

manifold_lex_d2_n10_o1_g1_#2059=[[1,2,3],[1,2,4],[1,3,5],[1,4,6],[1,5,6],
 [2,3,6],[2,4,7],[2,6,8],[2,7,8],[3,5,8],[3,6,9],[3,8,10],[3,9,10],
 [4,6,10],[4,7,10],[5,6,9],[5,7,8],[5,7,9],[6,8,10],[7,9,10]]

manifold_lex_d2_n10_o1_g1_#2060=[[1,2,3],[1,2,4],[1,3,5],[1,4,6],[1,5,6],
 [2,3,6],[2,4,7],[2,6,8],[2,7,8],[3,5,9],[3,6,7],[3,7,10],[3,9,10],
 [4,6,10],[4,7,10],[5,6,7],[5,7,8],[5,8,9],[6,8,9],[6,9,10]]

manifold_lex_d2_n10_o1_g1_#2061=[[1,2,3],[1,2,4],[1,3,5],[1,4,6],[1,5,6],
 [2,3,6],[2,4,7],[2,6,8],[2,7,8],[3,5,9],[3,6,7],[3,7,10],[3,9,10],
 [4,6,10],[4,7,10],[5,6,7],[5,7,9],[6,8,10],[7,8,9],[8,9,10]]

manifold_lex_d2_n10_o1_g1_#2062=[[1,2,3],[1,2,4],[1,3,5],[1,4,6],[1,5,6],
 [2,3,6],[2,4,7],[2,6,8],[2,7,8],[3,5,9],[3,6,10],[3,7,9],[3,7,10],
 [4,6,8],[4,7,9],[4,8,9],[5,6,10],[5,8,9],[5,8,10],[7,8,10]]

manifold_lex_d2_n10_o1_g1_#2063=[[1,2,3],[1,2,4],[1,3,5],[1,4,6],[1,5,6],
 [2,3,6],[2,4,7],[2,6,8],[2,7,8],[3,5,9],[3,6,10],[3,7,9],[3,7,10],
 [4,6,8],[4,7,9],[4,8,9],[5,6,10],[5,9,10],[7,8,10],[8,9,10]]

manifold_lex_d2_n10_o1_g1_#2064=[[1,2,3],[1,2,4],[1,3,5],[1,4,6],[1,5,6],
 [2,3,6],[2,4,7],[2,6,8],[2,7,8],[3,5,9],[3,6,10],[3,7,9],[3,7,10],
 [4,6,9],[4,7,9],[5,6,10],[5,8,9],[5,8,10],[6,8,9],[7,8,10]]

manifold_lex_d2_n10_o1_g1_#2065=[[1,2,3],[1,2,4],[1,3,5],[1,4,6],[1,5,6],
 [2,3,6],[2,4,7],[2,6,8],[2,7,8],[3,5,9],[3,6,10],[3,8,9],[3,8,10],
 [4,6,8],[4,7,10],[4,8,10],[5,6,10],[5,9,10],[7,8,9],[7,9,10]]

manifold_lex_d2_n10_o1_g1_#2066=[[1,2,3],[1,2,4],[1,3,5],[1,4,6],[1,5,6],
 [2,3,6],[2,4,7],[2,6,8],[2,7,8],[3,5,9],[3,6,10],[3,9,10],[4,5,7],
 [4,5,10],[4,6,8],[4,8,10],[5,6,10],[5,7,9],[7,8,9],[8,9,10]]

manifold_lex_d2_n10_o1_g1_#2067=[[1,2,3],[1,2,4],[1,3,5],[1,4,6],[1,5,6],
 [2,3,6],[2,4,7],[2,6,8],[2,7,8],[3,5,9],[3,6,10],[3,9,10],[4,6,8],
 [4,7,9],[4,8,9],[5,6,10],[5,7,8],[5,7,10],[5,8,9],[7,9,10]]

manifold_lex_d2_n10_o1_g1_#2068=[[1,2,3],[1,2,4],[1,3,5],[1,4,6],[1,5,6],
 [2,3,6],[2,4,7],[2,6,8],[2,7,8],[3,5,9],[3,6,10],[3,9,10],[4,6,8],
 [4,7,9],[4,8,9],[5,6,10],[5,8,9],[5,8,10],[7,8,10],[7,9,10]]

manifold_lex_d2_n10_o1_g1_#2069=[[1,2,3],[1,2,4],[1,3,5],[1,4,6],[1,5,6],
 [2,3,6],[2,4,7],[2,6,8],[2,7,8],[3,5,9],[3,6,10],[3,9,10],[4,6,8],
 [4,7,10],[4,8,9],[4,9,10],[5,6,7],[5,7,8],[5,8,9],[6,7,10]]

manifold_lex_d2_n10_o1_g1_#2070=[[1,2,3],[1,2,4],[1,3,5],[1,4,6],[1,5,6],
 [2,3,6],[2,4,7],[2,6,8],[2,7,8],[3,5,9],[3,6,10],[3,9,10],[4,6,8],
 [4,7,10],[4,8,9],[4,9,10],[5,6,10],[5,7,8],[5,7,10],[5,8,9]]

manifold_lex_d2_n10_o1_g1_#2071=[[1,2,3],[1,2,4],[1,3,5],[1,4,6],[1,5,6],
 [2,3,6],[2,4,7],[2,6,8],[2,7,8],[3,5,9],[3,6,10],[3,9,10],[4,6,8],
 [4,7,10],[4,8,10],[5,6,7],[5,7,9],[6,7,10],[7,8,9],[8,9,10]]

manifold_lex_d2_n10_o1_g1_#2072=[[1,2,3],[1,2,4],[1,3,5],[1,4,6],[1,5,6],
 [2,3,6],[2,4,7],[2,6,8],[2,7,8],[3,5,9],[3,6,10],[3,9,10],[4,6,9],
 [4,7,10],[4,9,10],[5,6,7],[5,7,8],[5,8,9],[6,7,10],[6,8,9]]

manifold_lex_d2_n10_o1_g1_#2073=[[1,2,3],[1,2,4],[1,3,5],[1,4,6],[1,5,6],
 [2,3,6],[2,4,7],[2,6,8],[2,7,9],[2,8,9],[3,5,7],[3,6,10],[3,7,9],
 [3,9,10],[4,5,7],[4,5,8],[4,6,8],[5,6,10],[5,8,10],[8,9,10]]

manifold_lex_d2_n10_o1_g1_#2074=[[1,2,3],[1,2,4],[1,3,5],[1,4,6],[1,5,6],
 [2,3,6],[2,4,7],[2,6,8],[2,7,9],[2,8,9],[3,5,7],[3,6,10],[3,7,9],
 [3,9,10],[4,6,8],[4,7,8],[5,6,10],[5,7,8],[5,8,10],[8,9,10]]

manifold_lex_d2_n10_o1_g1_#2075=[[1,2,3],[1,2,4],[1,3,5],[1,4,6],[1,5,6],
 [2,3,6],[2,4,7],[2,6,8],[2,7,9],[2,8,9],[3,5,8],[3,6,10],[3,7,8],
 [3,7,10],[4,6,8],[4,7,8],[5,6,10],[5,8,9],[5,9,10],[7,9,10]]

manifold_lex_d2_n10_o1_g1_#2076=[[1,2,3],[1,2,4],[1,3,5],[1,4,6],[1,5,6],
 [2,3,6],[2,4,7],[2,6,8],[2,7,9],[2,8,9],[3,5,9],[3,6,7],[3,7,10],
 [3,8,9],[3,8,10],[4,6,10],[4,7,10],[5,6,7],[5,7,9],[6,8,10]]

manifold_lex_d2_n10_o1_g1_#2077=[[1,2,3],[1,2,4],[1,3,5],[1,4,6],[1,5,6],
 [2,3,6],[2,4,7],[2,6,8],[2,7,9],[2,8,9],[3,5,9],[3,6,10],[3,8,9],
 [3,8,10],[4,6,8],[4,7,8],[5,6,10],[5,7,9],[5,7,10],[7,8,10]]

manifold_lex_d2_n10_o1_g1_#2078=[[1,2,3],[1,2,4],[1,3,5],[1,4,6],[1,5,6],
 [2,3,6],[2,4,7],[2,6,8],[2,7,9],[2,8,9],[3,5,9],[3,6,10],[3,8,9],
 [3,8,10],[4,6,8],[4,7,10],[4,8,10],[5,6,10],[5,7,9],[5,7,10]]

manifold_lex_d2_n10_o1_g1_#2079=[[1,2,3],[1,2,4],[1,3,5],[1,4,6],[1,5,6],
 [2,3,7],[2,4,8],[2,5,7],[2,5,8],[3,4,7],[3,4,9],[3,5,9],[4,6,9],
 [4,7,10],[4,8,10],[5,6,8],[5,7,10],[5,9,10],[6,8,9],[8,9,10]]

manifold_lex_d2_n10_o1_g1_#2080=[[1,2,3],[1,2,4],[1,3,5],[1,4,6],[1,5,6],
 [2,3,7],[2,4,8],[2,5,7],[2,5,8],[3,4,7],[3,4,9],[3,5,9],[4,6,9],
 [4,7,10],[4,8,10],[5,6,8],[5,7,10],[5,9,10],[6,8,10],[6,9,10]]

manifold_lex_d2_n10_o1_g1_#2081=[[1,2,3],[1,2,4],[1,3,5],[1,4,6],[1,5,6],
 [2,3,7],[2,4,8],[2,5,7],[2,5,8],[3,4,7],[3,4,9],[3,5,10],[3,9,10],
 [4,6,9],[4,7,8],[5,6,8],[5,7,10],[6,8,9],[7,8,10],[8,9,10]]

manifold_lex_d2_n10_o1_g1_#2082=[[1,2,3],[1,2,4],[1,3,5],[1,4,6],[1,5,6],
 [2,3,7],[2,4,8],[2,5,7],[2,5,8],[3,4,8],[3,4,9],[3,5,9],[3,7,8],
 [4,6,10],[4,9,10],[5,6,8],[5,7,9],[6,8,10],[7,8,10],[7,9,10]]

manifold_lex_d2_n10_o1_g1_#2083=[[1,2,3],[1,2,4],[1,3,5],[1,4,6],[1,5,6],
 [2,3,7],[2,4,8],[2,5,7],[2,5,8],[3,4,8],[3,4,9],[3,5,9],[3,7,10],
 [3,8,10],[4,6,9],[5,6,10],[5,7,9],[5,8,10],[6,7,9],[6,7,10]]

manifold_lex_d2_n10_o1_g1_#2084=[[1,2,3],[1,2,4],[1,3,5],[1,4,6],[1,5,6],
 [2,3,7],[2,4,8],[2,5,7],[2,5,8],[3,4,9],[3,4,10],[3,5,9],[3,7,10],
 [4,6,9],[4,8,10],[5,6,8],[5,7,9],[6,7,9],[6,7,10],[6,8,10]]

manifold_lex_d2_n10_o1_g1_#2085=[[1,2,3],[1,2,4],[1,3,5],[1,4,6],[1,5,6],
 [2,3,7],[2,4,8],[2,5,7],[2,5,8],[3,5,9],[3,6,7],[3,6,8],[3,8,9],
 [4,6,10],[4,8,9],[4,9,10],[5,6,8],[5,7,10],[5,9,10],[6,7,10]]

manifold_lex_d2_n10_o1_g1_#2086=[[1,2,3],[1,2,4],[1,3,5],[1,4,6],[1,5,6],
 [2,3,7],[2,4,8],[2,5,7],[2,5,8],[3,5,9],[3,6,7],[3,6,8],[3,8,9],
 [4,6,10],[4,8,10],[5,6,8],[5,7,9],[6,7,10],[7,9,10],[8,9,10]]

manifold_lex_d2_n10_o1_g1_#2087=[[1,2,3],[1,2,4],[1,3,5],[1,4,6],[1,5,6],
 [2,3,7],[2,4,8],[2,5,7],[2,5,8],[3,5,9],[3,6,7],[3,6,10],[3,9,10],
 [4,6,7],[4,7,9],[4,8,10],[4,9,10],[5,6,8],[5,7,9],[6,8,10]]

manifold_lex_d2_n10_o1_g1_#2088=[[1,2,3],[1,2,4],[1,3,5],[1,4,6],[1,5,6],
 [2,3,7],[2,4,8],[2,5,7],[2,5,8],[3,5,9],[3,7,8],[3,8,9],[4,6,10],
 [4,8,9],[4,9,10],[5,6,8],[5,7,10],[5,9,10],[6,7,8],[6,7,10]]

manifold_lex_d2_n10_o1_g1_#2089=[[1,2,3],[1,2,4],[1,3,5],[1,4,6],[1,5,6],
 [2,3,7],[2,4,8],[2,5,7],[2,5,8],[3,5,9],[3,7,10],[3,8,9],[3,8,10],
 [4,6,9],[4,8,9],[5,6,10],[5,7,9],[5,8,10],[6,7,9],[6,7,10]]

manifold_lex_d2_n10_o1_g1_#2090=[[1,2,3],[1,2,4],[1,3,5],[1,4,6],[1,5,6],
 [2,3,7],[2,4,8],[2,5,7],[2,5,8],[3,5,9],[3,7,10],[3,9,10],[4,6,7],
 [4,7,9],[4,8,9],[5,6,8],[5,7,9],[6,7,10],[6,8,10],[8,9,10]]

manifold_lex_d2_n10_o1_g1_#2091=[[1,2,3],[1,2,4],[1,3,5],[1,4,6],[1,5,6],
 [2,3,7],[2,4,8],[2,5,7],[2,5,8],[3,5,9],[3,7,10],[3,9,10],[4,6,9],
 [4,8,9],[5,6,10],[5,7,9],[5,8,10],[6,7,9],[6,7,10],[8,9,10]]

manifold_lex_d2_n10_o1_g1_#2092=[[1,2,3],[1,2,4],[1,3,5],[1,4,6],[1,5,6],
 [2,3,7],[2,4,8],[2,5,7],[2,5,8],[3,5,9],[3,7,10],[3,9,10],[4,6,9],
 [4,8,10],[4,9,10],[5,6,8],[5,7,9],[6,7,8],[6,7,9],[7,8,10]]

manifold_lex_d2_n10_o1_g1_#2093=[[1,2,3],[1,2,4],[1,3,5],[1,4,6],[1,5,6],
 [2,3,7],[2,4,8],[2,5,7],[2,5,8],[3,5,9],[3,7,10],[3,9,10],[4,6,9],
 [4,8,10],[4,9,10],[5,6,8],[5,7,9],[6,7,9],[6,7,10],[6,8,10]]

manifold_lex_d2_n10_o1_g1_#2094=[[1,2,3],[1,2,4],[1,3,5],[1,4,6],[1,5,6],
 [2,3,7],[2,4,8],[2,5,7],[2,5,8],[3,5,9],[3,7,10],[3,9,10],[4,6,10],
 [4,7,8],[4,7,10],[5,6,8],[5,7,9],[6,8,9],[6,9,10],[7,8,9]]

manifold_lex_d2_n10_o1_g1_#2095=[[1,2,3],[1,2,4],[1,3,5],[1,4,6],[1,5,6],
 [2,3,7],[2,4,8],[2,5,7],[2,5,8],[3,5,9],[3,7,10],[3,9,10],[4,6,10],
 [4,7,9],[4,7,10],[4,8,9],[5,6,8],[5,7,9],[6,8,10],[8,9,10]]

manifold_lex_d2_n10_o1_g1_#2096=[[1,2,3],[1,2,4],[1,3,5],[1,4,6],[1,5,6],
 [2,3,7],[2,4,8],[2,5,7],[2,5,8],[3,5,9],[3,7,10],[3,9,10],[4,6,10],
 [4,8,10],[5,6,8],[5,7,9],[6,8,9],[6,9,10],[7,8,9],[7,8,10]]

manifold_lex_d2_n10_o1_g1_#2097=[[1,2,3],[1,2,4],[1,3,5],[1,4,6],[1,5,6],
 [2,3,7],[2,4,8],[2,5,7],[2,5,9],[2,8,9],[3,5,8],[3,7,9],[3,8,9],
 [4,6,10],[4,8,10],[5,6,9],[5,7,8],[6,9,10],[7,8,10],[7,9,10]]

manifold_lex_d2_n10_o1_g1_#2098=[[1,2,3],[1,2,4],[1,3,5],[1,4,6],[1,5,6],
 [2,3,7],[2,4,8],[2,5,7],[2,5,9],[2,8,9],[3,5,8],[3,7,10],[3,8,9],
 [3,9,10],[4,6,10],[4,7,8],[4,7,10],[5,6,9],[5,7,8],[6,9,10]]

manifold_lex_d2_n10_o1_g1_#2099=[[1,2,3],[1,2,4],[1,3,5],[1,4,6],[1,5,6],
 [2,3,7],[2,4,8],[2,5,7],[2,5,9],[2,8,9],[3,5,8],[3,7,10],[3,8,10],
 [4,6,7],[4,7,8],[5,6,9],[5,7,8],[6,7,10],[6,9,10],[8,9,10]]

manifold_lex_d2_n10_o1_g1_#2100=[[1,2,3],[1,2,4],[1,3,5],[1,4,6],[1,5,6],
 [2,3,7],[2,4,8],[2,5,7],[2,5,9],[2,8,9],[3,5,8],[3,7,10],[3,8,10],
 [4,6,10],[4,7,8],[4,7,10],[5,6,9],[5,7,8],[6,9,10],[8,9,10]]

manifold_lex_d2_n10_o1_g1_#2101=[[1,2,3],[1,2,4],[1,3,5],[1,4,6],[1,5,6],
 [2,3,7],[2,4,8],[2,5,7],[2,5,9],[2,8,9],[3,5,10],[3,7,8],[3,8,10],
 [4,6,10],[4,8,10],[5,6,9],[5,7,10],[6,9,10],[7,8,9],[7,9,10]]

manifold_lex_d2_n10_o1_g1_#2102=[[1,2,3],[1,2,4],[1,3,5],[1,4,6],[1,5,6],
 [2,3,7],[2,4,8],[2,5,8],[2,5,9],[2,7,9],[3,5,10],[3,7,8],[3,8,10],
 [4,6,7],[4,7,9],[4,8,10],[4,9,10],[5,6,8],[5,9,10],[6,7,8]]

manifold_lex_d2_n10_o1_g1_#2103=[[1,2,3],[1,2,4],[1,3,5],[1,4,6],[1,5,6],
 [2,3,7],[2,4,8],[2,5,8],[2,5,9],[2,7,9],[3,5,10],[3,7,8],[3,8,10],
 [4,6,9],[4,8,10],[4,9,10],[5,6,8],[5,9,10],[6,7,8],[6,7,9]]

manifold_lex_d2_n10_o1_g1_#2104=[[1,2,3],[1,2,4],[1,3,5],[1,4,6],[1,5,6],
 [2,3,7],[2,4,8],[2,5,8],[2,5,9],[2,7,9],[3,5,10],[3,7,10],[4,6,7],
 [4,7,9],[4,8,9],[5,6,8],[5,9,10],[6,7,10],[6,8,10],[8,9,10]]

manifold_lex_d2_n10_o1_g1_#2105=[[1,2,3],[1,2,4],[1,3,5],[1,4,6],[1,5,6],
 [2,3,7],[2,4,8],[2,5,8],[2,5,9],[2,7,9],[3,5,10],[3,7,10],[4,6,9],
 [4,8,10],[4,9,10],[5,6,8],[5,9,10],[6,7,8],[6,7,9],[7,8,10]]

manifold_lex_d2_n10_o1_g1_#2106=[[1,2,3],[1,2,4],[1,3,5],[1,4,6],[1,5,6],
 [2,3,7],[2,4,8],[2,7,8],[3,5,9],[3,7,9],[4,6,9],[4,8,10],[4,9,10],
 [5,6,10],[5,8,9],[5,8,10],[6,7,8],[6,7,10],[6,8,9],[7,9,10]]

manifold_lex_d2_n10_o1_g1_#2107=[[1,2,3],[1,2,4],[1,3,5],[1,4,6],[1,5,6],
 [2,3,7],[2,4,8],[2,7,8],[3,5,9],[3,7,10],[3,9,10],[4,6,9],[4,8,10],
 [4,9,10],[5,6,7],[5,7,10],[5,8,9],[5,8,10],[6,7,8],[6,8,9]]

manifold_lex_d2_n10_o1_g1_#2108=[[1,2,3],[1,2,4],[1,3,5],[1,4,6],[1,5,6],
 [2,3,7],[2,4,8],[2,7,8],[3,5,9],[3,7,10],[3,9,10],[4,6,9],[4,8,10],
 [4,9,10],[5,6,10],[5,8,9],[5,8,10],[6,7,9],[6,7,10],[7,8,9]]

manifold_lex_d2_n10_o1_g1_#2109=[[1,2,3],[1,2,4],[1,3,5],[1,4,6],[1,5,7],
 [1,6,7],[2,3,6],[2,4,8],[2,6,9],[2,8,9],[3,5,10],[3,6,7],[3,7,10],
 [4,6,9],[4,8,10],[4,9,10],[5,7,8],[5,8,9],[5,9,10],[7,8,10]]
