manifold_lex_d2_n10_o1_g2_#1=[[1,2,3],[1,2,4],[1,3,5],[1,4,5],[2,3,6],
 [2,4,7],[2,5,6],[2,5,7],[3,4,6],[3,4,8],[3,5,9],[3,7,9],[3,7,10],
 [3,8,10],[4,5,8],[4,6,10],[4,7,9],[4,9,10],[5,6,9],[5,7,8],[6,7,8],
 [6,7,10],[6,8,9],[8,9,10]]

manifold_lex_d2_n10_o1_g2_#2=[[1,2,3],[1,2,4],[1,3,5],[1,4,5],[2,3,6],
 [2,4,7],[2,5,6],[2,5,7],[3,4,6],[3,4,8],[3,5,9],[3,7,9],[3,7,10],
 [3,8,10],[4,5,10],[4,6,7],[4,8,9],[4,9,10],[5,6,9],[5,7,10],[6,7,8],
 [6,8,10],[6,9,10],[7,8,9]]

manifold_lex_d2_n10_o1_g2_#3=[[1,2,3],[1,2,4],[1,3,5],[1,4,5],[2,3,6],
 [2,4,7],[2,5,6],[2,5,7],[3,4,8],[3,4,9],[3,5,8],[3,6,10],[3,7,9],
 [3,7,10],[4,5,10],[4,6,7],[4,6,9],[4,8,10],[5,6,8],[5,7,10],[6,7,8],
 [6,9,10],[7,8,9],[8,9,10]]

manifold_lex_d2_n10_o1_g2_#4=[[1,2,3],[1,2,4],[1,3,5],[1,4,5],[2,3,6],
 [2,4,7],[2,5,6],[2,5,8],[2,7,8],[3,4,6],[3,4,8],[3,5,7],[3,7,9],
 [3,8,9],[4,5,8],[4,6,9],[4,7,10],[4,9,10],[5,6,10],[5,7,10],[6,7,8],
 [6,7,9],[6,8,10],[8,9,10]]

manifold_lex_d2_n10_o1_g2_#5=[[1,2,3],[1,2,4],[1,3,5],[1,4,5],[2,3,6],
 [2,4,7],[2,5,6],[2,5,8],[2,7,8],[3,4,6],[3,4,8],[3,5,7],[3,7,9],
 [3,8,10],[3,9,10],[4,5,8],[4,6,9],[4,7,10],[4,9,10],[5,6,7],[6,7,10],
 [6,8,9],[6,8,10],[7,8,9]]

manifold_lex_d2_n10_o1_g2_#6=[[1,2,3],[1,2,4],[1,3,5],[1,4,5],[2,3,6],
 [2,4,7],[2,5,6],[2,5,8],[2,7,8],[3,4,6],[3,4,8],[3,5,7],[3,7,9],
 [3,8,10],[3,9,10],[4,5,8],[4,6,9],[4,7,10],[4,9,10],[5,6,10],[5,7,10],
 [6,7,8],[6,7,9],[6,8,10]]

manifold_lex_d2_n10_o1_g2_#7=[[1,2,3],[1,2,4],[1,3,5],[1,4,5],[2,3,6],
 [2,4,7],[2,5,6],[2,5,8],[2,7,8],[3,4,6],[3,4,8],[3,5,7],[3,7,9],
 [3,8,10],[3,9,10],[4,5,8],[4,6,9],[4,7,10],[4,9,10],[5,6,10],[5,7,10],
 [6,8,9],[6,8,10],[7,8,9]]

manifold_lex_d2_n10_o1_g2_#8=[[1,2,3],[1,2,4],[1,3,5],[1,4,5],[2,3,6],
 [2,4,7],[2,5,6],[2,5,8],[2,7,8],[3,4,6],[3,4,8],[3,5,9],[3,7,9],
 [3,7,10],[3,8,10],[4,5,8],[4,6,10],[4,7,9],[4,9,10],[5,6,9],[6,7,8],
 [6,7,10],[6,8,9],[8,9,10]]

manifold_lex_d2_n10_o1_g2_#9=[[1,2,3],[1,2,4],[1,3,5],[1,4,5],[2,3,6],
 [2,4,7],[2,5,6],[2,5,8],[2,7,8],[3,4,6],[3,4,8],[3,5,9],[3,8,9],
 [4,5,8],[4,6,9],[4,7,10],[4,9,10],[5,6,10],[5,7,9],[5,7,10],[6,7,8],
 [6,7,9],[6,8,10],[8,9,10]]

manifold_lex_d2_n10_o1_g2_#10=[[1,2,3],[1,2,4],[1,3,5],[1,4,5],[2,3,6],
 [2,4,7],[2,5,6],[2,5,8],[2,7,8],[3,4,6],[3,4,8],[3,5,9],[3,8,10],
 [3,9,10],[4,5,8],[4,6,9],[4,7,10],[4,9,10],[5,6,7],[5,7,9],[6,7,10],
 [6,8,9],[6,8,10],[7,8,9]]

manifold_lex_d2_n10_o1_g2_#11=[[1,2,3],[1,2,4],[1,3,5],[1,4,5],[2,3,6],
 [2,4,7],[2,5,6],[2,5,8],[2,7,8],[3,4,6],[3,4,8],[3,5,9],[3,8,10],
 [3,9,10],[4,5,8],[4,6,9],[4,7,10],[4,9,10],[5,6,10],[5,7,9],[5,7,10],
 [6,7,8],[6,7,9],[6,8,10]]

manifold_lex_d2_n10_o1_g2_#12=[[1,2,3],[1,2,4],[1,3,5],[1,4,5],[2,3,6],
 [2,4,7],[2,5,6],[2,5,8],[2,7,8],[3,4,6],[3,4,8],[3,5,9],[3,8,10],
 [3,9,10],[4,5,8],[4,6,9],[4,7,10],[4,9,10],[5,6,10],[5,7,9],[5,7,10],
 [6,8,9],[6,8,10],[7,8,9]]

manifold_lex_d2_n10_o1_g2_#13=[[1,2,3],[1,2,4],[1,3,5],[1,4,5],[2,3,6],
 [2,4,7],[2,5,6],[2,5,8],[2,7,8],[3,4,6],[3,4,9],[3,5,7],[3,7,8],
 [3,8,9],[4,5,8],[4,6,7],[4,8,10],[4,9,10],[5,6,10],[5,7,9],[5,9,10],
 [6,7,9],[6,8,9],[6,8,10]]

manifold_lex_d2_n10_o1_g2_#14=[[1,2,3],[1,2,4],[1,3,5],[1,4,5],[2,3,6],
 [2,4,7],[2,5,6],[2,5,8],[2,7,8],[3,4,6],[3,4,9],[3,5,7],[3,7,8],
 [3,8,9],[4,5,8],[4,6,7],[4,8,10],[4,9,10],[5,6,10],[5,7,10],[6,7,9],
 [6,8,9],[6,8,10],[7,9,10]]

manifold_lex_d2_n10_o1_g2_#15=[[1,2,3],[1,2,4],[1,3,5],[1,4,5],[2,3,6],
 [2,4,7],[2,5,6],[2,5,8],[2,7,8],[3,4,6],[3,4,9],[3,5,7],[3,7,8],
 [3,8,10],[3,9,10],[4,5,8],[4,6,7],[4,8,9],[5,6,9],[5,7,9],[6,7,10],
 [6,8,9],[6,8,10],[7,9,10]]

manifold_lex_d2_n10_o1_g2_#16=[[1,2,3],[1,2,4],[1,3,5],[1,4,5],[2,3,6],
 [2,4,7],[2,5,6],[2,5,8],[2,7,8],[3,4,6],[3,4,9],[3,5,7],[3,7,8],
 [3,8,10],[3,9,10],[4,5,8],[4,6,7],[4,8,9],[5,6,9],[5,7,10],[5,9,10],
 [6,7,10],[6,8,9],[6,8,10]]

manifold_lex_d2_n10_o1_g2_#17=[[1,2,3],[1,2,4],[1,3,5],[1,4,5],[2,3,6],
 [2,4,7],[2,5,6],[2,5,8],[2,7,8],[3,4,6],[3,4,9],[3,5,7],[3,7,8],
 [3,8,10],[3,9,10],[4,5,8],[4,6,10],[4,7,10],[4,8,9],[5,6,7],[6,7,9],
 [6,8,9],[6,8,10],[7,9,10]]

manifold_lex_d2_n10_o1_g2_#18=[[1,2,3],[1,2,4],[1,3,5],[1,4,5],[2,3,6],
 [2,4,7],[2,5,6],[2,5,8],[2,7,8],[3,4,6],[3,4,9],[3,5,7],[3,7,8],
 [3,8,10],[3,9,10],[4,5,8],[4,6,10],[4,7,10],[4,8,9],[5,6,9],[5,7,9],
 [6,8,9],[6,8,10],[7,9,10]]

manifold_lex_d2_n10_o1_g2_#19=[[1,2,3],[1,2,4],[1,3,5],[1,4,5],[2,3,6],
 [2,4,7],[2,5,6],[2,5,8],[2,7,8],[3,4,6],[3,4,9],[3,5,7],[3,7,8],
 [3,8,10],[3,9,10],[4,5,8],[4,6,10],[4,7,10],[4,8,9],[5,6,9],[5,7,10],
 [5,9,10],[6,8,9],[6,8,10]]

manifold_lex_d2_n10_o1_g2_#20=[[1,2,3],[1,2,4],[1,3,5],[1,4,5],[2,3,6],
 [2,4,7],[2,5,6],[2,5,8],[2,7,8],[3,4,6],[3,4,9],[3,5,7],[3,7,8],
 [3,8,10],[3,9,10],[4,5,9],[4,6,8],[4,7,10],[4,8,10],[5,6,7],[5,8,9],
 [6,7,9],[6,8,9],[7,9,10]]

manifold_lex_d2_n10_o1_g2_#21=[[1,2,3],[1,2,4],[1,3,5],[1,4,5],[2,3,6],
 [2,4,7],[2,5,6],[2,5,8],[2,7,8],[3,4,6],[3,4,9],[3,5,7],[3,7,8],
 [3,8,10],[3,9,10],[4,5,9],[4,6,8],[4,7,10],[4,8,10],[5,6,7],[5,8,9],
 [6,7,10],[6,8,9],[6,9,10]]

manifold_lex_d2_n10_o1_g2_#22=[[1,2,3],[1,2,4],[1,3,5],[1,4,5],[2,3,6],
 [2,4,7],[2,5,6],[2,5,8],[2,7,8],[3,4,6],[3,4,9],[3,5,7],[3,7,8],
 [3,8,10],[3,9,10],[4,5,9],[4,6,8],[4,7,10],[4,8,10],[5,6,10],[5,7,10],
 [5,8,9],[6,8,9],[6,9,10]]

manifold_lex_d2_n10_o1_g2_#23=[[1,2,3],[1,2,4],[1,3,5],[1,4,5],[2,3,6],
 [2,4,7],[2,5,6],[2,5,8],[2,7,8],[3,4,6],[3,4,9],[3,5,7],[3,7,8],
 [3,8,10],[3,9,10],[4,5,9],[4,6,10],[4,7,10],[5,6,7],[5,8,9],[6,7,9],
 [6,8,9],[6,8,10],[7,9,10]]

manifold_lex_d2_n10_o1_g2_#24=[[1,2,3],[1,2,4],[1,3,5],[1,4,5],[2,3,6],
 [2,4,7],[2,5,6],[2,5,8],[2,7,8],[3,4,6],[3,4,9],[3,5,10],[3,7,8],
 [3,7,10],[3,8,9],[4,5,8],[4,6,7],[4,8,10],[4,9,10],[5,6,10],[6,7,9],
 [6,8,9],[6,8,10],[7,9,10]]

manifold_lex_d2_n10_o1_g2_#25=[[1,2,3],[1,2,4],[1,3,5],[1,4,5],[2,3,6],
 [2,4,7],[2,5,6],[2,5,8],[2,7,8],[3,4,7],[3,4,9],[3,5,9],[3,6,8],
 [3,7,10],[3,8,10],[4,5,8],[4,6,8],[4,6,9],[5,6,7],[5,7,9],[6,7,10],
 [6,9,10],[7,8,9],[8,9,10]]

manifold_lex_d2_n10_o1_g2_#26=[[1,2,3],[1,2,4],[1,3,5],[1,4,5],[2,3,6],
 [2,4,7],[2,5,6],[2,5,8],[2,7,8],[3,4,7],[3,4,9],[3,5,9],[3,6,8],
 [3,7,10],[3,8,10],[4,5,8],[4,6,8],[4,6,9],[5,6,10],[5,7,9],[5,7,10],
 [6,9,10],[7,8,9],[8,9,10]]

manifold_lex_d2_n10_o1_g2_#27=[[1,2,3],[1,2,4],[1,3,5],[1,4,5],[2,3,6],
 [2,4,7],[2,5,6],[2,5,8],[2,7,8],[3,4,7],[3,4,9],[3,5,9],[3,6,8],
 [3,7,10],[3,8,10],[4,5,8],[4,6,8],[4,6,10],[4,9,10],[5,6,7],[5,7,9],
 [6,7,10],[7,8,9],[8,9,10]]

manifold_lex_d2_n10_o1_g2_#28=[[1,2,3],[1,2,4],[1,3,5],[1,4,5],[2,3,6],
 [2,4,7],[2,5,6],[2,5,8],[2,7,8],[3,4,7],[3,4,9],[3,5,9],[3,6,8],
 [3,7,10],[3,8,10],[4,5,8],[4,6,8],[4,6,10],[4,9,10],[5,6,9],[6,7,9],
 [6,7,10],[7,8,9],[8,9,10]]

manifold_lex_d2_n10_o1_g2_#29=[[1,2,3],[1,2,4],[1,3,5],[1,4,5],[2,3,6],
 [2,4,7],[2,5,6],[2,5,8],[2,7,8],[3,4,7],[3,4,9],[3,5,9],[3,6,8],
 [3,7,10],[3,8,10],[4,5,8],[4,6,8],[4,6,10],[4,9,10],[5,6,10],[5,7,9],
 [5,7,10],[7,8,9],[8,9,10]]

manifold_lex_d2_n10_o1_g2_#30=[[1,2,3],[1,2,4],[1,3,5],[1,4,5],[2,3,6],
 [2,4,7],[2,5,6],[2,5,8],[2,7,8],[3,4,7],[3,4,9],[3,5,10],[3,6,7],
 [3,8,9],[3,8,10],[4,5,8],[4,6,8],[4,6,10],[4,9,10],[5,6,10],[6,7,9],
 [6,8,9],[7,8,10],[7,9,10]]

manifold_lex_d2_n10_o1_g2_#31=[[1,2,3],[1,2,4],[1,3,5],[1,4,5],[2,3,6],
 [2,4,7],[2,5,6],[2,5,8],[2,7,8],[3,4,8],[3,4,9],[3,5,7],[3,6,8],
 [3,7,9],[4,5,9],[4,6,7],[4,6,10],[4,8,10],[5,6,7],[5,8,9],[6,8,9],
 [6,9,10],[7,8,10],[7,9,10]]

manifold_lex_d2_n10_o1_g2_#32=[[1,2,3],[1,2,4],[1,3,5],[1,4,5],[2,3,6],
 [2,4,7],[2,5,6],[2,5,8],[2,7,8],[3,4,8],[3,4,9],[3,5,7],[3,6,8],
 [3,7,10],[3,9,10],[4,5,9],[4,6,7],[4,6,10],[4,8,10],[5,6,7],[5,8,9],
 [6,8,9],[6,9,10],[7,8,10]]

manifold_lex_d2_n10_o1_g2_#33=[[1,2,3],[1,2,4],[1,3,5],[1,4,5],[2,3,6],
 [2,4,7],[2,5,6],[2,5,8],[2,7,8],[3,4,8],[3,4,9],[3,5,7],[3,6,10],
 [3,7,8],[3,9,10],[4,5,10],[4,6,7],[4,6,9],[4,8,10],[5,6,7],[5,8,9],
 [5,9,10],[6,8,9],[6,8,10]]

manifold_lex_d2_n10_o1_g2_#34=[[1,2,3],[1,2,4],[1,3,5],[1,4,5],[2,3,6],
 [2,4,7],[2,5,6],[2,5,8],[2,7,8],[3,4,8],[3,4,9],[3,5,7],[3,6,10],
 [3,7,8],[3,9,10],[4,5,10],[4,6,8],[4,6,10],[4,7,9],[5,6,7],[5,8,9],
 [5,9,10],[6,7,9],[6,8,9]]

manifold_lex_d2_n10_o1_g2_#35=[[1,2,3],[1,2,4],[1,3,5],[1,4,5],[2,3,6],
 [2,4,7],[2,5,6],[2,5,8],[2,7,8],[3,4,8],[3,4,9],[3,5,7],[3,6,10],
 [3,7,8],[3,9,10],[4,5,10],[4,6,8],[4,6,10],[4,7,9],[5,6,7],[5,8,10],
 [6,7,9],[6,8,9],[8,9,10]]

manifold_lex_d2_n10_o1_g2_#36=[[1,2,3],[1,2,4],[1,3,5],[1,4,5],[2,3,6],
 [2,4,7],[2,5,6],[2,5,8],[2,7,8],[3,4,8],[3,4,9],[3,5,7],[3,6,10],
 [3,7,8],[3,9,10],[4,5,10],[4,6,8],[4,6,10],[4,7,9],[5,6,9],[5,7,9],
 [5,8,10],[6,8,9],[8,9,10]]

manifold_lex_d2_n10_o1_g2_#37=[[1,2,3],[1,2,4],[1,3,5],[1,4,5],[2,3,6],
 [2,4,7],[2,5,6],[2,5,8],[2,7,8],[3,4,8],[3,4,9],[3,5,7],[3,6,10],
 [3,7,8],[3,9,10],[4,5,10],[4,7,9],[4,8,10],[5,6,7],[5,8,9],[5,9,10],
 [6,7,9],[6,8,9],[6,8,10]]

manifold_lex_d2_n10_o1_g2_#38=[[1,2,3],[1,2,4],[1,3,5],[1,4,5],[2,3,6],
 [2,4,7],[2,5,6],[2,5,8],[2,7,8],[3,4,8],[3,4,9],[3,5,7],[3,6,10],
 [3,7,9],[3,8,10],[4,5,9],[4,6,7],[4,6,8],[5,6,7],[5,8,10],[5,9,10],
 [6,8,9],[6,9,10],[7,8,9]]

manifold_lex_d2_n10_o1_g2_#39=[[1,2,3],[1,2,4],[1,3,5],[1,4,5],[2,3,6],
 [2,4,7],[2,5,6],[2,5,8],[2,7,8],[3,4,8],[3,4,9],[3,5,7],[3,6,10],
 [3,7,9],[3,8,10],[4,5,10],[4,6,7],[4,6,8],[4,9,10],[5,6,7],[5,8,10],
 [6,8,9],[6,9,10],[7,8,9]]

manifold_lex_d2_n10_o1_g2_#40=[[1,2,3],[1,2,4],[1,3,5],[1,4,5],[2,3,6],
 [2,4,7],[2,5,6],[2,5,8],[2,7,8],[3,4,8],[3,4,9],[3,5,9],[3,6,10],
 [3,8,10],[4,5,10],[4,6,7],[4,6,8],[4,9,10],[5,6,7],[5,7,9],[5,8,10],
 [6,8,9],[6,9,10],[7,8,9]]

manifold_lex_d2_n10_o1_g2_#41=[[1,2,3],[1,2,4],[1,3,5],[1,4,5],[2,3,6],
 [2,4,7],[2,5,6],[2,5,8],[2,7,8],[3,4,8],[3,4,9],[3,5,10],[3,6,8],
 [3,9,10],[4,5,9],[4,6,7],[4,6,10],[4,8,10],[5,6,7],[5,7,10],[5,8,9],
 [6,8,9],[6,9,10],[7,8,10]]

manifold_lex_d2_n10_o1_g2_#42=[[1,2,3],[1,2,4],[1,3,5],[1,4,5],[2,3,6],
 [2,4,7],[2,5,6],[2,5,8],[2,7,8],[3,4,8],[3,4,9],[3,5,10],[3,6,9],
 [3,8,10],[4,5,8],[4,6,7],[4,6,10],[4,9,10],[5,6,7],[5,7,9],[5,9,10],
 [6,8,9],[6,8,10],[7,8,9]]

manifold_lex_d2_n10_o1_g2_#43=[[1,2,3],[1,2,4],[1,3,5],[1,4,5],[2,3,6],
 [2,4,7],[2,5,6],[2,5,8],[2,7,8],[3,4,8],[3,4,9],[3,5,10],[3,6,9],
 [3,8,10],[4,5,8],[4,6,7],[4,6,10],[4,9,10],[5,6,7],[5,7,10],[6,8,9],
 [6,8,10],[7,8,9],[7,9,10]]

manifold_lex_d2_n10_o1_g2_#44=[[1,2,3],[1,2,4],[1,3,5],[1,4,5],[2,3,6],
 [2,4,7],[2,5,6],[2,5,8],[2,7,8],[3,4,8],[3,4,9],[3,5,10],[3,6,9],
 [3,8,10],[4,5,8],[4,7,10],[4,9,10],[5,6,7],[5,7,9],[5,9,10],[6,7,10],
 [6,8,9],[6,8,10],[7,8,9]]

manifold_lex_d2_n10_o1_g2_#45=[[1,2,3],[1,2,4],[1,3,5],[1,4,5],[2,3,6],
 [2,4,7],[2,5,6],[2,5,8],[2,7,8],[3,4,9],[3,4,10],[3,5,7],[3,6,8],
 [3,7,9],[3,8,10],[4,5,8],[4,6,7],[4,6,10],[4,8,9],[5,6,7],[6,8,9],
 [6,9,10],[7,8,10],[7,9,10]]

manifold_lex_d2_n10_o1_g2_#46=[[1,2,3],[1,2,4],[1,3,5],[1,4,5],[2,3,6],
 [2,4,7],[2,5,6],[2,5,8],[2,7,8],[3,4,9],[3,4,10],[3,5,7],[3,6,8],
 [3,7,9],[3,8,10],[4,5,8],[4,6,8],[4,6,9],[4,7,10],[5,6,7],[6,7,10],
 [6,9,10],[7,8,9],[8,9,10]]

manifold_lex_d2_n10_o1_g2_#47=[[1,2,3],[1,2,4],[1,3,5],[1,4,5],[2,3,6],
 [2,4,7],[2,5,6],[2,5,8],[2,7,8],[3,4,9],[3,4,10],[3,5,7],[3,6,8],
 [3,7,9],[3,8,10],[4,5,8],[4,6,8],[4,6,9],[4,7,10],[5,6,9],[5,7,10],
 [5,9,10],[7,8,9],[8,9,10]]

manifold_lex_d2_n10_o1_g2_#48=[[1,2,3],[1,2,4],[1,3,5],[1,4,5],[2,3,6],
 [2,4,7],[2,5,6],[2,5,8],[2,7,8],[3,4,9],[3,4,10],[3,5,7],[3,6,8],
 [3,7,9],[3,8,10],[4,5,8],[4,6,8],[4,6,9],[4,7,10],[5,6,10],[5,7,10],
 [6,9,10],[7,8,9],[8,9,10]]

manifold_lex_d2_n10_o1_g2_#49=[[1,2,3],[1,2,4],[1,3,5],[1,4,5],[2,3,6],
 [2,4,7],[2,5,6],[2,5,8],[2,7,8],[3,4,9],[3,4,10],[3,5,7],[3,6,8],
 [3,7,9],[3,8,10],[4,5,9],[4,6,7],[4,6,10],[5,6,7],[5,8,9],[6,8,9],
 [6,9,10],[7,8,10],[7,9,10]]

manifold_lex_d2_n10_o1_g2_#50=[[1,2,3],[1,2,4],[1,3,5],[1,4,5],[2,3,6],
 [2,4,7],[2,5,6],[2,5,8],[2,7,8],[3,4,9],[3,4,10],[3,5,7],[3,6,9],
 [3,7,8],[3,8,10],[4,5,8],[4,6,8],[4,6,10],[4,7,9],[5,6,10],[5,7,9],
 [5,9,10],[6,8,9],[8,9,10]]

manifold_lex_d2_n10_o1_g2_#51=[[1,2,3],[1,2,4],[1,3,5],[1,4,5],[2,3,6],
 [2,4,7],[2,5,6],[2,5,8],[2,7,8],[3,4,9],[3,4,10],[3,5,7],[3,6,9],
 [3,7,8],[3,8,10],[4,5,8],[4,6,8],[4,6,10],[4,7,9],[5,6,10],[5,7,10],
 [6,8,9],[7,9,10],[8,9,10]]

manifold_lex_d2_n10_o1_g2_#52=[[1,2,3],[1,2,4],[1,3,5],[1,4,5],[2,3,6],
 [2,4,7],[2,5,6],[2,5,8],[2,7,8],[3,4,9],[3,4,10],[3,5,7],[3,6,9],
 [3,7,8],[3,8,10],[4,5,10],[4,6,7],[4,6,8],[4,8,9],[5,6,7],[5,8,9],
 [5,9,10],[6,8,10],[6,9,10]]

manifold_lex_d2_n10_o1_g2_#53=[[1,2,3],[1,2,4],[1,3,5],[1,4,5],[2,3,6],
 [2,4,7],[2,5,6],[2,5,8],[2,7,8],[3,4,9],[3,4,10],[3,5,7],[3,6,9],
 [3,7,10],[4,5,8],[4,6,8],[4,6,10],[4,7,9],[5,6,10],[5,7,9],[5,9,10],
 [6,8,9],[7,8,10],[8,9,10]]

manifold_lex_d2_n10_o1_g2_#54=[[1,2,3],[1,2,4],[1,3,5],[1,4,5],[2,3,6],
 [2,4,7],[2,5,6],[2,5,8],[2,7,8],[3,4,9],[3,4,10],[3,5,7],[3,6,9],
 [3,7,10],[4,5,10],[4,6,7],[4,6,8],[4,8,9],[5,6,7],[5,8,9],[5,9,10],
 [6,8,10],[6,9,10],[7,8,10]]

manifold_lex_d2_n10_o1_g2_#55=[[1,2,3],[1,2,4],[1,3,5],[1,4,5],[2,3,6],
 [2,4,7],[2,5,6],[2,5,8],[2,7,8],[3,4,9],[3,4,10],[3,5,9],[3,6,8],
 [3,7,8],[3,7,10],[4,5,8],[4,6,7],[4,6,10],[4,8,9],[5,6,7],[5,7,9],
 [6,8,9],[6,9,10],[7,9,10]]

manifold_lex_d2_n10_o1_g2_#56=[[1,2,3],[1,2,4],[1,3,5],[1,4,5],[2,3,6],
 [2,4,7],[2,5,6],[2,5,8],[2,7,8],[3,4,9],[3,4,10],[3,5,9],[3,6,8],
 [3,7,8],[3,7,10],[4,5,8],[4,6,7],[4,6,10],[4,8,9],[5,6,7],[5,7,9],
 [6,8,10],[7,9,10],[8,9,10]]

manifold_lex_d2_n10_o1_g2_#57=[[1,2,3],[1,2,4],[1,3,5],[1,4,5],[2,3,6],
 [2,4,7],[2,5,6],[2,5,8],[2,7,8],[3,4,9],[3,4,10],[3,5,9],[3,6,8],
 [3,7,8],[3,7,10],[4,5,8],[4,6,7],[4,6,10],[4,8,9],[5,6,7],[5,7,10],
 [5,9,10],[6,8,9],[6,9,10]]

manifold_lex_d2_n10_o1_g2_#58=[[1,2,3],[1,2,4],[1,3,5],[1,4,5],[2,3,6],
 [2,4,7],[2,5,6],[2,5,8],[2,7,8],[3,4,9],[3,4,10],[3,5,9],[3,6,8],
 [3,7,8],[3,7,10],[4,5,8],[4,6,7],[4,6,10],[4,8,9],[5,6,7],[5,7,10],
 [5,9,10],[6,8,10],[8,9,10]]

manifold_lex_d2_n10_o1_g2_#59=[[1,2,3],[1,2,4],[1,3,5],[1,4,5],[2,3,6],
 [2,4,7],[2,5,6],[2,5,8],[2,7,8],[3,4,9],[3,4,10],[3,5,9],[3,6,8],
 [3,8,10],[4,5,8],[4,6,7],[4,6,10],[4,8,9],[5,6,7],[5,7,9],[6,8,9],
 [6,9,10],[7,8,10],[7,9,10]]

manifold_lex_d2_n10_o1_g2_#60=[[1,2,3],[1,2,4],[1,3,5],[1,4,5],[2,3,6],
 [2,4,7],[2,5,6],[2,5,8],[2,7,8],[3,4,9],[3,4,10],[3,5,9],[3,6,8],
 [3,8,10],[4,5,8],[4,6,7],[4,6,10],[4,8,9],[5,6,7],[5,7,10],[5,9,10],
 [6,8,9],[6,9,10],[7,8,10]]

manifold_lex_d2_n10_o1_g2_#61=[[1,2,3],[1,2,4],[1,3,5],[1,4,5],[2,3,6],
 [2,4,7],[2,5,6],[2,5,8],[2,7,8],[3,4,9],[3,4,10],[3,5,9],[3,6,8],
 [3,8,10],[4,5,8],[4,6,8],[4,6,9],[4,7,10],[5,6,7],[5,7,9],[6,7,10],
 [6,9,10],[7,8,9],[8,9,10]]

manifold_lex_d2_n10_o1_g2_#62=[[1,2,3],[1,2,4],[1,3,5],[1,4,5],[2,3,6],
 [2,4,7],[2,5,6],[2,5,8],[2,7,8],[3,4,9],[3,4,10],[3,5,9],[3,6,8],
 [3,8,10],[4,5,8],[4,6,8],[4,6,9],[4,7,10],[5,6,10],[5,7,9],[5,7,10],
 [6,9,10],[7,8,9],[8,9,10]]

manifold_lex_d2_n10_o1_g2_#63=[[1,2,3],[1,2,4],[1,3,5],[1,4,5],[2,3,6],
 [2,4,7],[2,5,6],[2,5,8],[2,7,9],[2,8,9],[3,4,6],[3,4,8],[3,5,7],
 [3,7,9],[3,8,10],[3,9,10],[4,5,8],[4,6,9],[4,7,10],[4,9,10],[5,6,10],
 [5,7,10],[6,8,9],[6,8,10]]

manifold_lex_d2_n10_o1_g2_#64=[[1,2,3],[1,2,4],[1,3,5],[1,4,5],[2,3,6],
 [2,4,7],[2,5,6],[2,5,8],[2,7,9],[2,8,9],[3,4,6],[3,4,8],[3,5,9],
 [3,7,8],[3,7,10],[3,9,10],[4,5,8],[4,6,9],[4,7,10],[4,9,10],[5,6,7],
 [5,7,9],[6,7,8],[6,8,9]]

manifold_lex_d2_n10_o1_g2_#65=[[1,2,3],[1,2,4],[1,3,5],[1,4,5],[2,3,6],
 [2,4,7],[2,5,6],[2,5,8],[2,7,9],[2,8,9],[3,4,6],[3,4,8],[3,5,9],
 [3,7,8],[3,7,10],[3,9,10],[4,5,8],[4,6,10],[4,7,10],[5,6,7],[5,7,9],
 [6,7,8],[6,8,9],[6,9,10]]

manifold_lex_d2_n10_o1_g2_#66=[[1,2,3],[1,2,4],[1,3,5],[1,4,5],[2,3,6],
 [2,4,7],[2,5,6],[2,5,8],[2,7,9],[2,8,9],[3,4,6],[3,4,8],[3,5,9],
 [3,7,8],[3,7,10],[3,9,10],[4,5,8],[4,6,10],[4,7,10],[5,6,7],[5,7,9],
 [6,7,8],[6,8,10],[8,9,10]]

manifold_lex_d2_n10_o1_g2_#67=[[1,2,3],[1,2,4],[1,3,5],[1,4,5],[2,3,6],
 [2,4,7],[2,5,6],[2,5,8],[2,7,9],[2,8,9],[3,4,6],[3,4,8],[3,5,9],
 [3,8,10],[3,9,10],[4,5,8],[4,6,9],[4,7,10],[4,9,10],[5,6,10],[5,7,9],
 [5,7,10],[6,8,9],[6,8,10]]

manifold_lex_d2_n10_o1_g2_#68=[[1,2,3],[1,2,4],[1,3,5],[1,4,5],[2,3,6],
 [2,4,7],[2,5,6],[2,5,8],[2,7,9],[2,8,9],[3,4,6],[3,4,8],[3,5,9],
 [3,8,10],[3,9,10],[4,5,8],[4,6,10],[4,7,10],[5,6,7],[5,7,9],[6,7,8],
 [6,8,9],[6,9,10],[7,8,10]]

manifold_lex_d2_n10_o1_g2_#69=[[1,2,3],[1,2,4],[1,3,5],[1,4,5],[2,3,6],
 [2,4,7],[2,5,6],[2,5,8],[2,7,9],[2,8,9],[3,4,6],[3,4,10],[3,5,9],
 [3,7,8],[3,7,10],[3,8,9],[4,5,8],[4,6,7],[4,8,10],[5,6,10],[5,7,9],
 [5,7,10],[6,7,8],[6,8,10]]

manifold_lex_d2_n10_o1_g2_#70=[[1,2,3],[1,2,4],[1,3,5],[1,4,5],[2,3,6],
 [2,4,7],[2,5,6],[2,5,8],[2,7,9],[2,8,9],[3,4,6],[3,4,10],[3,5,9],
 [3,7,8],[3,7,10],[3,8,9],[4,5,8],[4,6,7],[4,8,10],[5,6,10],[5,9,10],
 [6,7,8],[6,8,10],[7,9,10]]

manifold_lex_d2_n10_o1_g2_#71=[[1,2,3],[1,2,4],[1,3,5],[1,4,5],[2,3,6],
 [2,4,7],[2,5,6],[2,5,8],[2,7,9],[2,8,9],[3,4,6],[3,4,10],[3,5,9],
 [3,7,8],[3,7,10],[3,8,9],[4,5,10],[4,6,8],[4,7,8],[5,6,7],[5,7,9],
 [5,8,10],[6,7,10],[6,8,10]]

manifold_lex_d2_n10_o1_g2_#72=[[1,2,3],[1,2,4],[1,3,5],[1,4,5],[2,3,6],
 [2,4,7],[2,5,6],[2,5,8],[2,7,9],[2,8,9],[3,4,6],[3,4,10],[3,5,9],
 [3,7,8],[3,7,10],[3,8,9],[4,5,10],[4,6,8],[4,7,8],[5,6,9],[5,8,10],
 [6,7,9],[6,7,10],[6,8,10]]

manifold_lex_d2_n10_o1_g2_#73=[[1,2,3],[1,2,4],[1,3,5],[1,4,5],[2,3,6],
 [2,4,7],[2,5,6],[2,5,8],[2,7,9],[2,8,9],[3,4,6],[3,4,10],[3,5,9],
 [3,7,8],[3,7,10],[3,8,9],[4,5,10],[4,6,8],[4,7,8],[5,6,9],[5,8,10],
 [6,8,10],[6,9,10],[7,9,10]]

manifold_lex_d2_n10_o1_g2_#74=[[1,2,3],[1,2,4],[1,3,5],[1,4,5],[2,3,6],
 [2,4,7],[2,5,6],[2,5,8],[2,7,9],[2,8,9],[3,4,7],[3,4,8],[3,5,9],
 [3,6,10],[3,7,10],[3,8,9],[4,5,10],[4,6,8],[4,6,10],[5,6,7],[5,7,9],
 [5,8,10],[6,7,8],[7,8,10]]

manifold_lex_d2_n10_o1_g2_#75=[[1,2,3],[1,2,4],[1,3,5],[1,4,5],[2,3,6],
 [2,4,7],[2,5,6],[2,5,8],[2,7,9],[2,8,9],[3,4,7],[3,4,8],[3,5,9],
 [3,6,10],[3,7,10],[3,8,9],[4,5,10],[4,6,8],[4,6,10],[5,6,9],[5,7,8],
 [5,7,10],[6,7,8],[6,7,9]]

manifold_lex_d2_n10_o1_g2_#76=[[1,2,3],[1,2,4],[1,3,5],[1,4,5],[2,3,6],
 [2,4,7],[2,5,6],[2,5,8],[2,7,9],[2,8,9],[3,4,7],[3,4,8],[3,5,9],
 [3,6,10],[3,7,10],[3,8,9],[4,5,10],[4,6,8],[4,6,10],[5,6,9],[5,8,10],
 [6,7,8],[6,7,9],[7,8,10]]

manifold_lex_d2_n10_o1_g2_#77=[[1,2,3],[1,2,4],[1,3,5],[1,4,5],[2,3,6],
 [2,4,7],[2,5,6],[2,5,8],[2,7,9],[2,8,9],[3,4,7],[3,4,9],[3,5,9],
 [3,6,8],[3,7,8],[4,5,8],[4,6,8],[4,6,9],[5,6,7],[5,7,9],[6,7,10],
 [6,9,10],[7,8,10],[8,9,10]]

manifold_lex_d2_n10_o1_g2_#78=[[1,2,3],[1,2,4],[1,3,5],[1,4,5],[2,3,6],
 [2,4,7],[2,5,6],[2,5,8],[2,7,9],[2,8,9],[3,4,7],[3,4,9],[3,5,9],
 [3,6,8],[3,7,8],[4,5,8],[4,6,8],[4,6,9],[5,6,10],[5,7,9],[5,7,10],
 [6,9,10],[7,8,10],[8,9,10]]

manifold_lex_d2_n10_o1_g2_#79=[[1,2,3],[1,2,4],[1,3,5],[1,4,5],[2,3,6],
 [2,4,7],[2,5,6],[2,5,8],[2,7,9],[2,8,9],[3,4,7],[3,4,9],[3,5,9],
 [3,6,8],[3,7,8],[4,5,8],[4,6,8],[4,6,10],[4,9,10],[5,6,10],[5,7,9],
 [5,7,10],[7,8,10],[8,9,10]]

manifold_lex_d2_n10_o1_g2_#80=[[1,2,3],[1,2,4],[1,3,5],[1,4,5],[2,3,6],
 [2,4,7],[2,5,6],[2,5,8],[2,7,9],[2,8,9],[3,4,7],[3,4,9],[3,5,9],
 [3,6,8],[3,7,10],[3,8,10],[4,5,8],[4,6,8],[4,6,10],[4,9,10],[5,6,7],
 [5,7,9],[6,7,10],[8,9,10]]

manifold_lex_d2_n10_o1_g2_#81=[[1,2,3],[1,2,4],[1,3,5],[1,4,5],[2,3,6],
 [2,4,7],[2,5,6],[2,5,8],[2,7,9],[2,8,9],[3,4,7],[3,4,9],[3,5,9],
 [3,6,8],[3,7,10],[3,8,10],[4,5,8],[4,6,8],[4,6,10],[4,9,10],[5,6,10],
 [5,7,9],[5,7,10],[8,9,10]]

manifold_lex_d2_n10_o1_g2_#82=[[1,2,3],[1,2,4],[1,3,5],[1,4,5],[2,3,6],
 [2,4,7],[2,5,6],[2,5,8],[2,7,9],[2,8,9],[3,4,7],[3,4,9],[3,5,9],
 [3,6,8],[3,7,10],[3,8,10],[4,5,10],[4,8,9],[4,8,10],[5,6,9],[5,7,8],
 [5,7,10],[6,7,8],[6,7,9]]

manifold_lex_d2_n10_o1_g2_#83=[[1,2,3],[1,2,4],[1,3,5],[1,4,5],[2,3,6],
 [2,4,7],[2,5,6],[2,5,8],[2,7,9],[2,8,9],[3,4,7],[3,4,9],[3,5,9],
 [3,6,10],[3,7,8],[3,8,10],[4,5,8],[4,8,10],[4,9,10],[5,6,7],[5,7,9],
 [6,7,8],[6,8,9],[6,9,10]]

manifold_lex_d2_n10_o1_g2_#84=[[1,2,3],[1,2,4],[1,3,5],[1,4,5],[2,3,6],
 [2,4,7],[2,5,6],[2,5,8],[2,7,9],[2,8,9],[3,4,7],[3,4,9],[3,5,9],
 [3,6,10],[3,7,8],[3,8,10],[4,5,10],[4,6,8],[4,6,10],[4,8,9],[5,6,7],
 [5,7,9],[5,8,10],[6,7,8]]

manifold_lex_d2_n10_o1_g2_#85=[[1,2,3],[1,2,4],[1,3,5],[1,4,5],[2,3,6],
 [2,4,7],[2,5,6],[2,5,8],[2,7,9],[2,8,9],[3,4,7],[3,4,9],[3,5,9],
 [3,6,10],[3,7,8],[3,8,10],[4,5,10],[4,6,8],[4,6,10],[4,8,9],[5,6,9],
 [5,8,10],[6,7,8],[6,7,9]]

manifold_lex_d2_n10_o1_g2_#86=[[1,2,3],[1,2,4],[1,3,5],[1,4,5],[2,3,6],
 [2,4,7],[2,5,6],[2,5,8],[2,7,9],[2,8,9],[3,4,7],[3,4,9],[3,5,9],
 [3,6,10],[3,7,8],[3,8,10],[4,5,10],[4,6,9],[4,6,10],[5,6,7],[5,7,9],
 [5,8,10],[6,7,8],[6,8,9]]

manifold_lex_d2_n10_o1_g2_#87=[[1,2,3],[1,2,4],[1,3,5],[1,4,5],[2,3,6],
 [2,4,7],[2,5,6],[2,5,8],[2,7,9],[2,8,9],[3,4,7],[3,4,9],[3,5,9],
 [3,6,10],[3,7,10],[4,5,8],[4,8,10],[4,9,10],[5,6,7],[5,7,9],[6,7,8],
 [6,8,9],[6,9,10],[7,8,10]]

manifold_lex_d2_n10_o1_g2_#88=[[1,2,3],[1,2,4],[1,3,5],[1,4,5],[2,3,6],
 [2,4,7],[2,5,6],[2,5,8],[2,7,9],[2,8,9],[3,4,7],[3,4,9],[3,5,9],
 [3,6,10],[3,7,10],[4,5,10],[4,6,8],[4,6,10],[4,8,9],[5,6,7],[5,7,9],
 [5,8,10],[6,7,8],[7,8,10]]

manifold_lex_d2_n10_o1_g2_#89=[[1,2,3],[1,2,4],[1,3,5],[1,4,5],[2,3,6],
 [2,4,7],[2,5,6],[2,5,8],[2,7,9],[2,8,9],[3,4,7],[3,4,9],[3,5,9],
 [3,6,10],[3,7,10],[4,5,10],[4,6,8],[4,6,10],[4,8,9],[5,6,9],[5,7,8],
 [5,7,10],[6,7,8],[6,7,9]]

manifold_lex_d2_n10_o1_g2_#90=[[1,2,3],[1,2,4],[1,3,5],[1,4,5],[2,3,6],
 [2,4,7],[2,5,6],[2,5,8],[2,7,9],[2,8,9],[3,4,7],[3,4,9],[3,5,9],
 [3,6,10],[3,7,10],[4,5,10],[4,6,8],[4,6,10],[4,8,9],[5,6,9],[5,8,10],
 [6,7,8],[6,7,9],[7,8,10]]

manifold_lex_d2_n10_o1_g2_#91=[[1,2,3],[1,2,4],[1,3,5],[1,4,5],[2,3,6],
 [2,4,7],[2,5,6],[2,5,8],[2,7,9],[2,8,9],[3,4,7],[3,4,9],[3,5,9],
 [3,6,10],[3,7,10],[4,5,10],[4,6,9],[4,6,10],[5,6,7],[5,7,9],[5,8,10],
 [6,7,8],[6,8,9],[7,8,10]]

manifold_lex_d2_n10_o1_g2_#92=[[1,2,3],[1,2,4],[1,3,5],[1,4,5],[2,3,6],
 [2,4,7],[2,5,6],[2,5,8],[2,7,9],[2,8,9],[3,4,7],[3,4,9],[3,5,9],
 [3,6,10],[3,7,10],[4,5,10],[4,8,9],[4,8,10],[5,6,9],[5,7,8],[5,7,10],
 [6,7,8],[6,7,9],[6,8,10]]

manifold_lex_d2_n10_o1_g2_#93=[[1,2,3],[1,2,4],[1,3,5],[1,4,5],[2,3,6],
 [2,4,7],[2,5,6],[2,5,8],[2,7,9],[2,8,9],[3,4,8],[3,4,9],[3,5,7],
 [3,6,10],[3,7,9],[3,8,10],[4,5,9],[4,6,7],[4,6,8],[5,6,7],[5,8,10],
 [5,9,10],[6,8,9],[6,9,10]]

manifold_lex_d2_n10_o1_g2_#94=[[1,2,3],[1,2,4],[1,3,5],[1,4,5],[2,3,6],
 [2,4,7],[2,5,6],[2,5,8],[2,7,9],[2,8,9],[3,4,8],[3,4,9],[3,5,7],
 [3,6,10],[3,7,9],[3,8,10],[4,5,10],[4,6,7],[4,6,8],[4,9,10],[5,6,7],
 [5,8,10],[6,8,9],[6,9,10]]

manifold_lex_d2_n10_o1_g2_#95=[[1,2,3],[1,2,4],[1,3,5],[1,4,5],[2,3,6],
 [2,4,7],[2,5,6],[2,5,8],[2,7,9],[2,8,9],[3,4,8],[3,4,9],[3,5,7],
 [3,6,10],[3,7,9],[3,8,10],[4,5,10],[4,6,9],[4,6,10],[4,7,8],[5,6,7],
 [5,8,10],[6,7,8],[6,8,9]]

manifold_lex_d2_n10_o1_g2_#96=[[1,2,3],[1,2,4],[1,3,5],[1,4,5],[2,3,6],
 [2,4,7],[2,5,6],[2,5,8],[2,7,9],[2,8,9],[3,4,8],[3,4,9],[3,5,7],
 [3,6,10],[3,7,9],[3,8,10],[4,5,10],[4,7,8],[4,9,10],[5,6,7],[5,8,10],
 [6,7,8],[6,8,9],[6,9,10]]

manifold_lex_d2_n10_o1_g2_#97=[[1,2,3],[1,2,4],[1,3,5],[1,4,5],[2,3,6],
 [2,4,7],[2,5,6],[2,5,8],[2,7,9],[2,8,9],[3,4,8],[3,4,9],[3,5,10],
 [3,6,9],[3,8,10],[4,5,8],[4,6,7],[4,6,10],[4,9,10],[5,6,7],[5,7,9],
 [5,9,10],[6,8,9],[6,8,10]]

manifold_lex_d2_n10_o1_g2_#98=[[1,2,3],[1,2,4],[1,3,5],[1,4,5],[2,3,6],
 [2,4,7],[2,5,6],[2,5,8],[2,7,9],[2,8,9],[3,4,8],[3,4,10],[3,5,7],
 [3,6,8],[3,7,9],[3,9,10],[4,5,10],[4,6,7],[4,6,9],[4,8,9],[5,6,7],
 [5,8,10],[6,8,10],[6,9,10]]

manifold_lex_d2_n10_o1_g2_#99=[[1,2,3],[1,2,4],[1,3,5],[1,4,5],[2,3,6],
 [2,4,7],[2,5,6],[2,5,8],[2,7,9],[2,8,9],[3,4,8],[3,4,10],[3,5,7],
 [3,6,8],[3,7,10],[4,5,10],[4,6,7],[4,6,9],[4,8,9],[5,6,7],[5,8,10],
 [6,8,10],[6,9,10],[7,9,10]]

manifold_lex_d2_n10_o1_g2_#100=[[1,2,3],[1,2,4],[1,3,5],[1,4,5],[2,3,6],
 [2,4,7],[2,5,6],[2,5,8],[2,7,9],[2,8,9],[3,4,8],[3,4,10],[3,5,9],
 [3,6,8],[3,9,10],[4,5,10],[4,6,7],[4,6,9],[4,8,9],[5,6,7],[5,7,9],
 [5,8,10],[6,8,10],[6,9,10]]

manifold_lex_d2_n10_o1_g2_#101=[[1,2,3],[1,2,4],[1,3,5],[1,4,5],[2,3,6],
 [2,4,7],[2,5,6],[2,5,8],[2,7,9],[2,8,9],[3,4,9],[3,4,10],[3,5,7],
 [3,6,8],[3,7,9],[3,8,10],[4,5,8],[4,6,8],[4,6,9],[4,7,10],[5,6,9],
 [5,7,10],[5,9,10],[8,9,10]]

manifold_lex_d2_n10_o1_g2_#102=[[1,2,3],[1,2,4],[1,3,5],[1,4,5],[2,3,6],
 [2,4,7],[2,5,6],[2,5,8],[2,7,9],[2,8,9],[3,4,9],[3,4,10],[3,5,7],
 [3,6,8],[3,7,9],[3,8,10],[4,5,8],[4,6,8],[4,6,9],[4,7,10],[5,6,10],
 [5,7,10],[6,9,10],[8,9,10]]

manifold_lex_d2_n10_o1_g2_#103=[[1,2,3],[1,2,4],[1,3,5],[1,4,5],[2,3,6],
 [2,4,7],[2,5,6],[2,5,8],[2,7,9],[2,8,9],[3,4,9],[3,4,10],[3,5,7],
 [3,6,8],[3,7,10],[3,8,9],[4,5,10],[4,6,7],[4,6,9],[5,6,7],[5,8,10],
 [6,8,10],[6,9,10],[7,9,10]]

manifold_lex_d2_n10_o1_g2_#104=[[1,2,3],[1,2,4],[1,3,5],[1,4,5],[2,3,6],
 [2,4,7],[2,5,6],[2,5,8],[2,7,9],[2,8,9],[3,4,9],[3,4,10],[3,5,7],
 [3,6,10],[3,7,9],[4,5,8],[4,6,8],[4,6,9],[4,7,10],[5,6,9],[5,7,10],
 [5,9,10],[6,8,10],[8,9,10]]

manifold_lex_d2_n10_o1_g2_#105=[[1,2,3],[1,2,4],[1,3,5],[1,4,5],[2,3,6],
 [2,4,7],[2,5,6],[2,5,8],[2,7,9],[2,8,9],[3,4,9],[3,4,10],[3,5,7],
 [3,6,10],[3,7,9],[4,5,9],[4,6,7],[4,6,8],[4,8,10],[5,6,7],[5,8,10],
 [5,9,10],[6,8,9],[6,9,10]]

manifold_lex_d2_n10_o1_g2_#106=[[1,2,3],[1,2,4],[1,3,5],[1,4,5],[2,3,6],
 [2,4,7],[2,5,6],[2,5,8],[2,7,9],[2,8,10],[2,9,10],[3,4,7],[3,4,9],
 [3,5,9],[3,6,8],[3,7,10],[3,8,10],[4,5,8],[4,6,8],[4,6,10],[4,9,10],
 [5,6,10],[5,7,9],[5,7,10]]

manifold_lex_d2_n10_o1_g2_#107=[[1,2,3],[1,2,4],[1,3,5],[1,4,5],[2,3,6],
 [2,4,7],[2,5,6],[2,5,8],[2,7,9],[2,8,10],[2,9,10],[3,4,8],[3,4,9],
 [3,5,7],[3,6,8],[3,7,9],[4,5,9],[4,6,7],[4,6,10],[4,8,10],[5,6,7],
 [5,8,9],[6,8,9],[6,9,10]]

manifold_lex_d2_n10_o1_g2_#108=[[1,2,3],[1,2,4],[1,3,5],[1,4,5],[2,3,6],
 [2,4,7],[2,5,6],[2,5,8],[2,7,9],[2,8,10],[2,9,10],[3,4,9],[3,4,10],
 [3,5,7],[3,6,8],[3,7,9],[3,8,10],[4,5,8],[4,6,8],[4,6,9],[4,7,10],
 [5,6,9],[5,7,10],[5,9,10]]

manifold_lex_d2_n10_o1_g2_#109=[[1,2,3],[1,2,4],[1,3,5],[1,4,5],[2,3,6],
 [2,4,7],[2,5,6],[2,5,8],[2,7,9],[2,8,10],[2,9,10],[3,4,9],[3,4,10],
 [3,5,7],[3,6,8],[3,7,9],[3,8,10],[4,5,8],[4,7,10],[4,8,9],[5,6,9],
 [5,7,10],[5,9,10],[6,8,9]]

manifold_lex_d2_n10_o1_g2_#110=[[1,2,3],[1,2,4],[1,3,5],[1,4,5],[2,3,6],
 [2,4,7],[2,5,6],[2,5,8],[2,7,9],[2,8,10],[2,9,10],[3,4,9],[3,4,10],
 [3,5,7],[3,6,10],[3,7,9],[4,5,8],[4,7,10],[4,8,9],[5,6,9],[5,7,10],
 [5,9,10],[6,8,9],[6,8,10]]

manifold_lex_d2_n10_o1_g2_#111=[[1,2,3],[1,2,4],[1,3,5],[1,4,5],[2,3,6],
 [2,4,7],[2,5,8],[2,5,9],[2,6,8],[2,7,9],[3,4,8],[3,4,9],[3,5,7],
 [3,6,9],[3,7,8],[4,5,6],[4,6,8],[4,7,10],[4,9,10],[5,6,9],[5,7,10],
 [5,8,10],[7,8,9],[8,9,10]]

manifold_lex_d2_n10_o1_g2_#112=[[1,2,3],[1,2,4],[1,3,5],[1,4,5],[2,3,6],
 [2,4,7],[2,5,8],[2,5,9],[2,6,8],[2,7,9],[3,4,8],[3,4,9],[3,5,7],
 [3,6,10],[3,7,9],[3,8,10],[4,5,10],[4,6,9],[4,6,10],[4,7,8],[5,7,8],
 [5,9,10],[6,8,9],[8,9,10]]

manifold_lex_d2_n10_o1_g2_#113=[[1,2,3],[1,2,4],[1,3,5],[1,4,5],[2,3,6],
 [2,4,7],[2,5,8],[2,5,9],[2,6,8],[2,7,9],[3,4,8],[3,4,10],[3,5,7],
 [3,6,9],[3,7,8],[3,9,10],[4,5,6],[4,6,8],[4,7,10],[5,6,9],[5,7,10],
 [5,8,10],[7,8,9],[8,9,10]]

manifold_lex_d2_n10_o1_g2_#114=[[1,2,3],[1,2,4],[1,3,5],[1,4,5],[2,3,6],
 [2,4,7],[2,5,8],[2,5,9],[2,6,8],[2,7,9],[3,4,8],[3,4,10],[3,5,7],
 [3,6,9],[3,7,10],[3,8,9],[4,5,6],[4,6,10],[4,7,8],[5,6,9],[5,7,8],
 [6,8,10],[7,9,10],[8,9,10]]

manifold_lex_d2_n10_o1_g2_#115=[[1,2,3],[1,2,4],[1,3,5],[1,4,5],[2,3,6],
 [2,4,7],[2,5,8],[2,5,9],[2,6,8],[2,7,9],[3,4,8],[3,4,10],[3,5,7],
 [3,6,10],[3,7,9],[3,8,9],[4,5,6],[4,6,8],[4,7,10],[5,6,9],[5,7,10],
 [5,8,10],[6,9,10],[8,9,10]]

manifold_lex_d2_n10_o1_g2_#116=[[1,2,3],[1,2,4],[1,3,5],[1,4,6],[1,5,6],
 [2,3,6],[2,4,5],[2,5,7],[2,6,7],[3,4,7],[3,4,8],[3,5,7],[3,6,9],
 [3,8,10],[3,9,10],[4,5,8],[4,6,10],[4,7,9],[4,9,10],[5,6,8],[6,7,10],
 [6,8,9],[7,8,9],[7,8,10]]

manifold_lex_d2_n10_o1_g2_#117=[[1,2,3],[1,2,4],[1,3,5],[1,4,6],[1,5,6],
 [2,3,6],[2,4,5],[2,5,7],[2,6,7],[3,4,7],[3,4,8],[3,5,7],[3,6,9],
 [3,8,10],[3,9,10],[4,5,8],[4,6,10],[4,7,9],[4,9,10],[5,6,9],[5,8,9],
 [6,7,8],[6,8,10],[7,8,9]]

manifold_lex_d2_n10_o1_g2_#118=[[1,2,3],[1,2,4],[1,3,5],[1,4,6],[1,5,6],
 [2,3,6],[2,4,5],[2,5,7],[2,6,7],[3,4,7],[3,4,8],[3,5,7],[3,6,9],
 [3,8,10],[3,9,10],[4,5,8],[4,6,10],[4,7,9],[4,9,10],[5,6,9],[5,8,9],
 [6,7,10],[7,8,9],[7,8,10]]

manifold_lex_d2_n10_o1_g2_#119=[[1,2,3],[1,2,4],[1,3,5],[1,4,6],[1,5,6],
 [2,3,6],[2,4,5],[2,5,7],[2,6,7],[3,4,7],[3,4,8],[3,5,7],[3,6,9],
 [3,8,10],[3,9,10],[4,5,8],[4,6,10],[4,7,10],[5,6,9],[5,8,9],[6,7,8],
 [6,8,10],[7,8,9],[7,9,10]]

manifold_lex_d2_n10_o1_g2_#120=[[1,2,3],[1,2,4],[1,3,5],[1,4,6],[1,5,6],
 [2,3,6],[2,4,5],[2,5,7],[2,6,7],[3,4,7],[3,4,8],[3,5,7],[3,6,9],
 [3,8,10],[3,9,10],[4,5,9],[4,6,10],[4,7,10],[4,8,9],[5,6,9],[6,7,8],
 [6,8,10],[7,8,9],[7,9,10]]

manifold_lex_d2_n10_o1_g2_#121=[[1,2,3],[1,2,4],[1,3,5],[1,4,6],[1,5,6],
 [2,3,6],[2,4,5],[2,5,7],[2,6,7],[3,4,7],[3,4,8],[3,5,8],[3,6,9],
 [3,7,9],[4,5,9],[4,6,8],[4,7,10],[4,9,10],[5,6,9],[5,7,10],[5,8,10],
 [6,7,8],[7,8,9],[8,9,10]]

manifold_lex_d2_n10_o1_g2_#122=[[1,2,3],[1,2,4],[1,3,5],[1,4,6],[1,5,6],
 [2,3,6],[2,4,5],[2,5,7],[2,6,7],[3,4,7],[3,4,8],[3,5,8],[3,6,9],
 [3,7,10],[3,9,10],[4,5,9],[4,6,10],[4,7,9],[4,8,10],[5,6,9],[5,7,8],
 [6,7,10],[7,8,9],[8,9,10]]

manifold_lex_d2_n10_o1_g2_#123=[[1,2,3],[1,2,4],[1,3,5],[1,4,6],[1,5,6],
 [2,3,6],[2,4,5],[2,5,7],[2,6,7],[3,4,8],[3,4,9],[3,5,7],[3,6,8],
 [3,7,9],[4,5,8],[4,6,7],[4,7,10],[4,9,10],[5,6,9],[5,8,9],[6,8,10],
 [6,9,10],[7,8,9],[7,8,10]]

manifold_lex_d2_n10_o1_g2_#124=[[1,2,3],[1,2,4],[1,3,5],[1,4,6],[1,5,6],
 [2,3,6],[2,4,5],[2,5,7],[2,6,7],[3,4,8],[3,4,9],[3,5,7],[3,6,8],
 [3,7,9],[4,5,8],[4,6,7],[4,7,10],[4,9,10],[5,6,10],[5,8,9],[5,9,10],
 [6,8,10],[7,8,9],[7,8,10]]

manifold_lex_d2_n10_o1_g2_#125=[[1,2,3],[1,2,4],[1,3,5],[1,4,6],[1,5,6],
 [2,3,6],[2,4,5],[2,5,7],[2,6,7],[3,4,8],[3,4,9],[3,5,7],[3,6,8],
 [3,7,10],[3,9,10],[4,5,10],[4,6,7],[4,7,9],[4,8,10],[5,6,8],[5,8,9],
 [5,9,10],[7,8,9],[7,8,10]]

manifold_lex_d2_n10_o1_g2_#126=[[1,2,3],[1,2,4],[1,3,5],[1,4,6],[1,5,6],
 [2,3,6],[2,4,5],[2,5,7],[2,6,7],[3,4,8],[3,4,9],[3,5,7],[3,6,8],
 [3,7,10],[3,9,10],[4,5,10],[4,6,7],[4,7,9],[4,8,10],[5,6,9],[5,9,10],
 [6,8,9],[7,8,9],[7,8,10]]

manifold_lex_d2_n10_o1_g2_#127=[[1,2,3],[1,2,4],[1,3,5],[1,4,6],[1,5,6],
 [2,3,6],[2,4,5],[2,5,7],[2,6,7],[3,4,8],[3,4,9],[3,5,7],[3,6,8],
 [3,7,10],[3,9,10],[4,5,10],[4,6,7],[4,7,9],[4,8,10],[5,6,10],[6,8,9],
 [6,9,10],[7,8,9],[7,8,10]]

manifold_lex_d2_n10_o1_g2_#128=[[1,2,3],[1,2,4],[1,3,5],[1,4,6],[1,5,6],
 [2,3,6],[2,4,5],[2,5,7],[2,6,7],[3,4,8],[3,4,9],[3,5,7],[3,6,8],
 [3,7,10],[3,9,10],[4,5,10],[4,6,9],[4,7,8],[4,7,10],[5,6,8],[5,8,9],
 [5,9,10],[6,7,9],[7,8,9]]

manifold_lex_d2_n10_o1_g2_#129=[[1,2,3],[1,2,4],[1,3,5],[1,4,6],[1,5,6],
 [2,3,6],[2,4,5],[2,5,7],[2,6,7],[3,4,8],[3,4,9],[3,5,7],[3,6,8],
 [3,7,10],[3,9,10],[4,5,10],[4,6,9],[4,7,8],[4,7,10],[5,6,8],[5,8,10],
 [6,7,9],[7,8,9],[8,9,10]]

manifold_lex_d2_n10_o1_g2_#130=[[1,2,3],[1,2,4],[1,3,5],[1,4,6],[1,5,6],
 [2,3,6],[2,4,5],[2,5,7],[2,6,7],[3,4,8],[3,4,9],[3,5,7],[3,6,8],
 [3,7,10],[3,9,10],[4,5,10],[4,6,9],[4,7,8],[4,7,10],[5,6,10],[6,7,9],
 [6,8,10],[7,8,9],[8,9,10]]

manifold_lex_d2_n10_o1_g2_#131=[[1,2,3],[1,2,4],[1,3,5],[1,4,6],[1,5,6],
 [2,3,6],[2,4,5],[2,5,7],[2,6,7],[3,4,8],[3,4,9],[3,5,7],[3,6,8],
 [3,7,10],[3,9,10],[4,5,10],[4,6,9],[4,8,10],[5,6,8],[5,8,9],[5,9,10],
 [6,7,9],[7,8,9],[7,8,10]]

manifold_lex_d2_n10_o1_g2_#132=[[1,2,3],[1,2,4],[1,3,5],[1,4,6],[1,5,6],
 [2,3,6],[2,4,5],[2,5,7],[2,6,7],[3,4,8],[3,4,9],[3,5,7],[3,6,10],
 [3,7,8],[3,9,10],[4,5,10],[4,6,8],[4,7,9],[4,7,10],[5,6,10],[6,7,9],
 [6,8,9],[7,8,10],[8,9,10]]

manifold_lex_d2_n10_o1_g2_#133=[[1,2,3],[1,2,4],[1,3,5],[1,4,6],[1,5,6],
 [2,3,6],[2,4,5],[2,5,7],[2,6,7],[3,4,8],[3,4,9],[3,5,8],[3,6,10],
 [3,7,9],[3,7,10],[4,5,10],[4,6,8],[4,9,10],[5,6,10],[5,7,9],[5,8,9],
 [6,7,8],[7,8,10],[8,9,10]]

manifold_lex_d2_n10_o1_g2_#134=[[1,2,3],[1,2,4],[1,3,5],[1,4,6],[1,5,6],
 [2,3,6],[2,4,5],[2,5,7],[2,6,8],[2,7,8],[3,4,7],[3,4,8],[3,5,7],
 [3,6,9],[3,8,10],[3,9,10],[4,5,8],[4,6,10],[4,7,9],[4,9,10],[5,6,9],
 [5,8,9],[6,8,10],[7,8,9]]

manifold_lex_d2_n10_o1_g2_#135=[[1,2,3],[1,2,4],[1,3,5],[1,4,6],[1,5,6],
 [2,3,6],[2,4,5],[2,5,7],[2,6,8],[2,7,8],[3,4,7],[3,4,8],[3,5,7],
 [3,6,9],[3,8,10],[3,9,10],[4,5,8],[4,6,10],[4,7,10],[5,6,9],[5,8,9],
 [6,8,10],[7,8,9],[7,9,10]]

manifold_lex_d2_n10_o1_g2_#136=[[1,2,3],[1,2,4],[1,3,5],[1,4,6],[1,5,6],
 [2,3,6],[2,4,5],[2,5,7],[2,6,8],[2,7,8],[3,4,7],[3,4,8],[3,5,7],
 [3,6,9],[3,8,10],[3,9,10],[4,5,9],[4,6,7],[4,8,9],[5,6,9],[6,7,10],
 [6,8,10],[7,8,9],[7,9,10]]

manifold_lex_d2_n10_o1_g2_#137=[[1,2,3],[1,2,4],[1,3,5],[1,4,6],[1,5,6],
 [2,3,6],[2,4,5],[2,5,7],[2,6,8],[2,7,8],[3,4,7],[3,4,8],[3,5,7],
 [3,6,9],[3,8,10],[3,9,10],[4,5,9],[4,6,10],[4,7,10],[4,8,9],[5,6,9],
 [6,8,10],[7,8,9],[7,9,10]]

manifold_lex_d2_n10_o1_g2_#138=[[1,2,3],[1,2,4],[1,3,5],[1,4,6],[1,5,6],
 [2,3,6],[2,4,5],[2,5,7],[2,6,8],[2,7,8],[3,4,7],[3,4,9],[3,5,7],
 [3,6,9],[4,5,8],[4,6,7],[4,8,10],[4,9,10],[5,6,9],[5,8,9],[6,7,10],
 [6,8,10],[7,8,9],[7,9,10]]

manifold_lex_d2_n10_o1_g2_#139=[[1,2,3],[1,2,4],[1,3,5],[1,4,6],[1,5,6],
 [2,3,6],[2,4,5],[2,5,7],[2,6,8],[2,7,8],[3,4,7],[3,4,9],[3,5,7],
 [3,6,9],[4,5,10],[4,6,7],[4,9,10],[5,6,9],[5,8,9],[5,8,10],[6,7,10],
 [6,8,10],[7,8,9],[7,9,10]]

manifold_lex_d2_n10_o1_g2_#140=[[1,2,3],[1,2,4],[1,3,5],[1,4,6],[1,5,6],
 [2,3,6],[2,4,5],[2,5,7],[2,6,8],[2,7,8],[3,4,7],[3,4,9],[3,5,7],
 [3,6,10],[3,8,9],[3,8,10],[4,5,9],[4,6,8],[4,7,10],[4,8,10],[5,6,9],
 [6,7,9],[6,7,10],[7,8,9]]

manifold_lex_d2_n10_o1_g2_#141=[[1,2,3],[1,2,4],[1,3,5],[1,4,6],[1,5,6],
 [2,3,6],[2,4,5],[2,5,7],[2,6,8],[2,7,8],[3,4,7],[3,4,9],[3,5,7],
 [3,6,10],[3,8,9],[3,8,10],[4,5,9],[4,6,8],[4,7,10],[4,8,10],[5,6,9],
 [6,9,10],[7,8,9],[7,9,10]]

manifold_lex_d2_n10_o1_g2_#142=[[1,2,3],[1,2,4],[1,3,5],[1,4,6],[1,5,6],
 [2,3,6],[2,4,5],[2,5,7],[2,6,8],[2,7,8],[3,4,7],[3,4,9],[3,5,7],
 [3,6,10],[3,8,9],[3,8,10],[4,5,9],[4,6,8],[4,7,10],[4,8,10],[5,6,10],
 [5,9,10],[7,8,9],[7,9,10]]

manifold_lex_d2_n10_o1_g2_#143=[[1,2,3],[1,2,4],[1,3,5],[1,4,6],[1,5,6],
 [2,3,6],[2,4,5],[2,5,7],[2,6,8],[2,7,8],[3,4,7],[3,4,9],[3,5,7],
 [3,6,10],[3,9,10],[4,5,8],[4,6,7],[4,8,9],[5,6,10],[5,8,10],[6,7,9],
 [6,8,9],[7,8,10],[7,9,10]]

manifold_lex_d2_n10_o1_g2_#144=[[1,2,3],[1,2,4],[1,3,5],[1,4,6],[1,5,6],
 [2,3,6],[2,4,5],[2,5,7],[2,6,8],[2,7,8],[3,4,7],[3,4,9],[3,5,7],
 [3,6,10],[3,9,10],[4,5,9],[4,6,7],[5,6,10],[5,8,9],[5,8,10],[6,7,9],
 [6,8,9],[7,8,10],[7,9,10]]

manifold_lex_d2_n10_o1_g2_#145=[[1,2,3],[1,2,4],[1,3,5],[1,4,6],[1,5,6],
 [2,3,6],[2,4,5],[2,5,7],[2,6,8],[2,7,8],[3,4,7],[3,4,9],[3,5,7],
 [3,6,10],[3,9,10],[4,5,9],[4,6,8],[4,7,10],[4,8,10],[5,6,9],[6,7,9],
 [6,7,10],[7,8,9],[8,9,10]]

manifold_lex_d2_n10_o1_g2_#146=[[1,2,3],[1,2,4],[1,3,5],[1,4,6],[1,5,6],
 [2,3,6],[2,4,5],[2,5,7],[2,6,8],[2,7,8],[3,4,7],[3,4,9],[3,5,7],
 [3,6,10],[3,9,10],[4,5,10],[4,6,7],[4,8,9],[4,8,10],[5,6,10],[6,7,9],
 [6,8,9],[7,8,10],[7,9,10]]

manifold_lex_d2_n10_o1_g2_#147=[[1,2,3],[1,2,4],[1,3,5],[1,4,6],[1,5,6],
 [2,3,6],[2,4,5],[2,5,7],[2,6,8],[2,7,8],[3,4,7],[3,4,9],[3,5,9],
 [3,6,10],[3,7,8],[3,8,10],[4,5,10],[4,6,8],[4,7,10],[4,8,9],[5,6,10],
 [5,7,9],[7,9,10],[8,9,10]]

manifold_lex_d2_n10_o1_g2_#148=[[1,2,3],[1,2,4],[1,3,5],[1,4,6],[1,5,6],
 [2,3,6],[2,4,5],[2,5,7],[2,6,8],[2,7,8],[3,4,7],[3,4,9],[3,5,9],
 [3,6,10],[3,7,8],[3,8,10],[4,5,10],[4,6,9],[4,7,10],[5,6,10],[5,7,9],
 [6,8,9],[7,9,10],[8,9,10]]

manifold_lex_d2_n10_o1_g2_#149=[[1,2,3],[1,2,4],[1,3,5],[1,4,6],[1,5,6],
 [2,3,6],[2,4,5],[2,5,7],[2,6,8],[2,7,9],[2,8,9],[3,4,7],[3,4,8],
 [3,5,7],[3,6,9],[3,8,10],[3,9,10],[4,5,8],[4,6,7],[5,6,9],[5,8,9],
 [6,7,10],[6,8,10],[7,9,10]]

manifold_lex_d2_n10_o1_g2_#150=[[1,2,3],[1,2,4],[1,3,5],[1,4,6],[1,5,6],
 [2,3,6],[2,4,5],[2,5,7],[2,6,8],[2,7,9],[2,8,9],[3,4,7],[3,4,8],
 [3,5,7],[3,6,9],[3,8,10],[3,9,10],[4,5,8],[4,6,10],[4,7,9],[4,9,10],
 [5,6,9],[5,8,9],[6,8,10]]

manifold_lex_d2_n10_o1_g2_#151=[[1,2,3],[1,2,4],[1,3,5],[1,4,6],[1,5,6],
 [2,3,6],[2,4,5],[2,5,7],[2,6,8],[2,7,9],[2,8,9],[3,4,7],[3,4,8],
 [3,5,7],[3,6,9],[3,8,10],[3,9,10],[4,5,8],[4,6,10],[4,7,10],[5,6,9],
 [5,8,9],[6,8,10],[7,9,10]]

manifold_lex_d2_n10_o1_g2_#152=[[1,2,3],[1,2,4],[1,3,5],[1,4,6],[1,5,6],
 [2,3,6],[2,4,5],[2,5,7],[2,6,8],[2,7,9],[2,8,9],[3,4,7],[3,4,8],
 [3,5,7],[3,6,9],[3,8,10],[3,9,10],[4,5,9],[4,6,7],[4,8,9],[5,6,9],
 [6,7,10],[6,8,10],[7,9,10]]

manifold_lex_d2_n10_o1_g2_#153=[[1,2,3],[1,2,4],[1,3,5],[1,4,6],[1,5,6],
 [2,3,6],[2,4,5],[2,5,7],[2,6,8],[2,7,9],[2,8,9],[3,4,7],[3,4,8],
 [3,5,7],[3,6,9],[3,8,10],[3,9,10],[4,5,9],[4,6,10],[4,7,10],[4,8,9],
 [5,6,9],[6,8,10],[7,9,10]]

manifold_lex_d2_n10_o1_g2_#154=[[1,2,3],[1,2,4],[1,3,5],[1,4,6],[1,5,6],
 [2,3,6],[2,4,5],[2,5,7],[2,6,8],[2,7,9],[2,8,9],[3,4,7],[3,4,8],
 [3,5,7],[3,6,10],[3,8,10],[4,5,8],[4,6,7],[5,6,9],[5,8,9],[6,7,8],
 [6,9,10],[7,8,10],[7,9,10]]

manifold_lex_d2_n10_o1_g2_#155=[[1,2,3],[1,2,4],[1,3,5],[1,4,6],[1,5,6],
 [2,3,6],[2,4,5],[2,5,7],[2,6,8],[2,7,9],[2,8,9],[3,4,7],[3,4,8],
 [3,5,7],[3,6,10],[3,8,10],[4,5,8],[4,6,7],[5,6,10],[5,8,9],[5,9,10],
 [6,7,8],[7,8,10],[7,9,10]]

manifold_lex_d2_n10_o1_g2_#156=[[1,2,3],[1,2,4],[1,3,5],[1,4,6],[1,5,6],
 [2,3,6],[2,4,5],[2,5,7],[2,6,8],[2,7,9],[2,8,9],[3,4,7],[3,4,8],
 [3,5,7],[3,6,10],[3,8,10],[4,5,9],[4,6,7],[4,8,9],[5,6,9],[6,7,8],
 [6,9,10],[7,8,10],[7,9,10]]

manifold_lex_d2_n10_o1_g2_#157=[[1,2,3],[1,2,4],[1,3,5],[1,4,6],[1,5,6],
 [2,3,6],[2,4,5],[2,5,7],[2,6,8],[2,7,9],[2,8,9],[3,4,7],[3,4,8],
 [3,5,7],[3,6,10],[3,8,10],[4,5,9],[4,6,7],[4,8,9],[5,6,10],[5,9,10],
 [6,7,8],[7,8,10],[7,9,10]]

manifold_lex_d2_n10_o1_g2_#158=[[1,2,3],[1,2,4],[1,3,5],[1,4,6],[1,5,6],
 [2,3,6],[2,4,5],[2,5,7],[2,6,8],[2,7,9],[2,8,9],[3,4,7],[3,4,8],
 [3,5,7],[3,6,10],[3,8,10],[4,5,10],[4,6,7],[4,8,9],[4,9,10],[5,6,10],
 [6,7,8],[7,8,10],[7,9,10]]

manifold_lex_d2_n10_o1_g2_#159=[[1,2,3],[1,2,4],[1,3,5],[1,4,6],[1,5,6],
 [2,3,6],[2,4,5],[2,5,7],[2,6,8],[2,7,9],[2,8,9],[3,4,7],[3,4,9],
 [3,5,7],[3,6,9],[4,5,8],[4,6,7],[4,8,10],[4,9,10],[5,6,9],[5,8,9],
 [6,7,10],[6,8,10],[7,9,10]]

manifold_lex_d2_n10_o1_g2_#160=[[1,2,3],[1,2,4],[1,3,5],[1,4,6],[1,5,6],
 [2,3,6],[2,4,5],[2,5,7],[2,6,8],[2,7,9],[2,8,9],[3,4,7],[3,4,9],
 [3,5,7],[3,6,9],[4,5,10],[4,6,7],[4,9,10],[5,6,9],[5,8,9],[5,8,10],
 [6,7,8],[7,8,10],[7,9,10]]

manifold_lex_d2_n10_o1_g2_#161=[[1,2,3],[1,2,4],[1,3,5],[1,4,6],[1,5,6],
 [2,3,6],[2,4,5],[2,5,7],[2,6,8],[2,7,9],[2,8,9],[3,4,7],[3,4,9],
 [3,5,7],[3,6,9],[4,5,10],[4,6,7],[4,9,10],[5,6,9],[5,8,9],[5,8,10],
 [6,7,10],[6,8,10],[7,9,10]]

manifold_lex_d2_n10_o1_g2_#162=[[1,2,3],[1,2,4],[1,3,5],[1,4,6],[1,5,6],
 [2,3,6],[2,4,5],[2,5,7],[2,6,8],[2,7,9],[2,8,9],[3,4,7],[3,4,9],
 [3,5,7],[3,6,10],[3,8,9],[3,8,10],[4,5,9],[4,6,7],[5,6,10],[5,9,10],
 [6,7,8],[7,8,10],[7,9,10]]

manifold_lex_d2_n10_o1_g2_#163=[[1,2,3],[1,2,4],[1,3,5],[1,4,6],[1,5,6],
 [2,3,6],[2,4,5],[2,5,7],[2,6,8],[2,7,9],[2,8,9],[3,4,7],[3,4,9],
 [3,5,7],[3,6,10],[3,8,9],[3,8,10],[4,5,9],[4,6,8],[4,7,8],[5,6,9],
 [6,9,10],[7,8,10],[7,9,10]]

manifold_lex_d2_n10_o1_g2_#164=[[1,2,3],[1,2,4],[1,3,5],[1,4,6],[1,5,6],
 [2,3,6],[2,4,5],[2,5,7],[2,6,8],[2,7,9],[2,8,9],[3,4,7],[3,4,9],
 [3,5,7],[3,6,10],[3,8,9],[3,8,10],[4,5,9],[4,6,8],[4,7,8],[5,6,10],
 [5,9,10],[7,8,10],[7,9,10]]

manifold_lex_d2_n10_o1_g2_#165=[[1,2,3],[1,2,4],[1,3,5],[1,4,6],[1,5,6],
 [2,3,6],[2,4,5],[2,5,7],[2,6,8],[2,7,9],[2,8,9],[3,4,7],[3,4,9],
 [3,5,7],[3,6,10],[3,8,9],[3,8,10],[4,5,9],[4,6,8],[4,7,10],[4,8,10],
 [5,6,9],[6,7,9],[6,7,10]]

manifold_lex_d2_n10_o1_g2_#166=[[1,2,3],[1,2,4],[1,3,5],[1,4,6],[1,5,6],
 [2,3,6],[2,4,5],[2,5,7],[2,6,8],[2,7,9],[2,8,9],[3,4,7],[3,4,9],
 [3,5,7],[3,6,10],[3,8,9],[3,8,10],[4,5,9],[4,6,8],[4,7,10],[4,8,10],
 [5,6,9],[6,9,10],[7,9,10]]

manifold_lex_d2_n10_o1_g2_#167=[[1,2,3],[1,2,4],[1,3,5],[1,4,6],[1,5,6],
 [2,3,6],[2,4,5],[2,5,7],[2,6,8],[2,7,9],[2,8,9],[3,4,7],[3,4,9],
 [3,5,7],[3,6,10],[3,8,9],[3,8,10],[4,5,9],[4,6,8],[4,7,10],[4,8,10],
 [5,6,10],[5,9,10],[7,9,10]]

manifold_lex_d2_n10_o1_g2_#168=[[1,2,3],[1,2,4],[1,3,5],[1,4,6],[1,5,6],
 [2,3,6],[2,4,5],[2,5,7],[2,6,8],[2,7,9],[2,8,9],[3,4,7],[3,4,9],
 [3,5,7],[3,6,10],[3,8,9],[3,8,10],[4,5,10],[4,6,7],[4,9,10],[5,6,10],
 [6,7,8],[7,8,10],[7,9,10]]

manifold_lex_d2_n10_o1_g2_#169=[[1,2,3],[1,2,4],[1,3,5],[1,4,6],[1,5,6],
 [2,3,6],[2,4,5],[2,5,7],[2,6,8],[2,7,9],[2,8,9],[3,4,7],[3,4,9],
 [3,5,7],[3,6,10],[3,8,9],[3,8,10],[4,5,10],[4,6,8],[4,7,8],[4,9,10],
 [5,6,10],[7,8,10],[7,9,10]]

manifold_lex_d2_n10_o1_g2_#170=[[1,2,3],[1,2,4],[1,3,5],[1,4,6],[1,5,6],
 [2,3,6],[2,4,5],[2,5,7],[2,6,8],[2,7,9],[2,8,9],[3,4,7],[3,4,9],
 [3,5,7],[3,6,10],[3,9,10],[4,5,9],[4,6,8],[4,7,8],[5,6,9],[6,7,9],
 [6,7,10],[7,8,10],[8,9,10]]

manifold_lex_d2_n10_o1_g2_#171=[[1,2,3],[1,2,4],[1,3,5],[1,4,6],[1,5,6],
 [2,3,6],[2,4,5],[2,5,7],[2,6,8],[2,7,9],[2,8,9],[3,4,7],[3,4,9],
 [3,5,7],[3,6,10],[3,9,10],[4,5,9],[4,6,8],[4,7,10],[4,8,10],[5,6,9],
 [6,7,9],[6,7,10],[8,9,10]]

manifold_lex_d2_n10_o1_g2_#172=[[1,2,3],[1,2,4],[1,3,5],[1,4,6],[1,5,6],
 [2,3,6],[2,4,5],[2,5,7],[2,6,8],[2,7,9],[2,8,9],[3,4,7],[3,4,10],
 [3,5,7],[3,6,9],[3,9,10],[4,5,8],[4,6,7],[4,8,10],[5,6,9],[5,8,9],
 [6,7,8],[7,8,10],[7,9,10]]

manifold_lex_d2_n10_o1_g2_#173=[[1,2,3],[1,2,4],[1,3,5],[1,4,6],[1,5,6],
 [2,3,6],[2,4,5],[2,5,7],[2,6,8],[2,7,9],[2,8,9],[3,4,7],[3,4,10],
 [3,5,7],[3,6,9],[3,9,10],[4,5,8],[4,6,7],[4,8,10],[5,6,9],[5,8,9],
 [6,7,10],[6,8,10],[7,9,10]]

manifold_lex_d2_n10_o1_g2_#174=[[1,2,3],[1,2,4],[1,3,5],[1,4,6],[1,5,6],
 [2,3,6],[2,4,5],[2,5,7],[2,6,8],[2,7,9],[2,8,9],[3,4,7],[3,4,10],
 [3,5,7],[3,6,9],[3,9,10],[4,5,9],[4,6,7],[4,8,9],[4,8,10],[5,6,9],
 [6,7,8],[7,8,10],[7,9,10]]

manifold_lex_d2_n10_o1_g2_#175=[[1,2,3],[1,2,4],[1,3,5],[1,4,6],[1,5,6],
 [2,3,6],[2,4,5],[2,5,7],[2,6,8],[2,7,9],[2,8,9],[3,4,7],[3,4,10],
 [3,5,7],[3,6,9],[3,9,10],[4,5,9],[4,6,7],[4,8,9],[4,8,10],[5,6,9],
 [6,7,10],[6,8,10],[7,9,10]]

manifold_lex_d2_n10_o1_g2_#176=[[1,2,3],[1,2,4],[1,3,5],[1,4,6],[1,5,6],
 [2,3,6],[2,4,5],[2,5,7],[2,6,8],[2,7,9],[2,8,9],[3,4,7],[3,4,10],
 [3,5,7],[3,6,9],[3,9,10],[4,5,10],[4,6,7],[5,6,9],[5,8,9],[5,8,10],
 [6,7,8],[7,8,10],[7,9,10]]

manifold_lex_d2_n10_o1_g2_#177=[[1,2,3],[1,2,4],[1,3,5],[1,4,6],[1,5,6],
 [2,3,6],[2,4,5],[2,5,7],[2,6,8],[2,7,9],[2,8,9],[3,4,7],[3,4,10],
 [3,5,7],[3,6,9],[3,9,10],[4,5,10],[4,6,7],[5,6,9],[5,8,9],[5,8,10],
 [6,7,10],[6,8,10],[7,9,10]]

manifold_lex_d2_n10_o1_g2_#178=[[1,2,3],[1,2,4],[1,3,5],[1,4,6],[1,5,6],
 [2,3,6],[2,4,5],[2,5,7],[2,6,8],[2,7,9],[2,8,9],[3,4,7],[3,4,10],
 [3,5,7],[3,6,9],[3,9,10],[4,5,10],[4,6,8],[4,7,8],[5,6,9],[5,8,9],
 [5,8,10],[7,8,10],[7,9,10]]

manifold_lex_d2_n10_o1_g2_#179=[[1,2,3],[1,2,4],[1,3,5],[1,4,6],[1,5,6],
 [2,3,6],[2,4,5],[2,5,7],[2,6,8],[2,7,9],[2,8,9],[3,4,7],[3,4,10],
 [3,5,7],[3,6,10],[4,5,8],[4,6,7],[4,8,10],[5,6,9],[5,8,9],[6,7,8],
 [6,9,10],[7,8,10],[7,9,10]]

manifold_lex_d2_n10_o1_g2_#180=[[1,2,3],[1,2,4],[1,3,5],[1,4,6],[1,5,6],
 [2,3,6],[2,4,5],[2,5,7],[2,6,8],[2,7,9],[2,8,9],[3,4,7],[3,4,10],
 [3,5,7],[3,6,10],[4,5,8],[4,6,7],[4,8,10],[5,6,10],[5,8,9],[5,9,10],
 [6,7,8],[7,8,10],[7,9,10]]

manifold_lex_d2_n10_o1_g2_#181=[[1,2,3],[1,2,4],[1,3,5],[1,4,6],[1,5,6],
 [2,3,6],[2,4,5],[2,5,7],[2,6,8],[2,7,9],[2,8,9],[3,4,7],[3,4,10],
 [3,5,7],[3,6,10],[4,5,9],[4,6,7],[4,8,9],[4,8,10],[5,6,9],[6,7,8],
 [6,9,10],[7,8,10],[7,9,10]]

manifold_lex_d2_n10_o1_g2_#182=[[1,2,3],[1,2,4],[1,3,5],[1,4,6],[1,5,6],
 [2,3,6],[2,4,5],[2,5,7],[2,6,8],[2,7,9],[2,8,9],[3,4,7],[3,4,10],
 [3,5,7],[3,6,10],[4,5,9],[4,6,7],[4,8,9],[4,8,10],[5,6,10],[5,9,10],
 [6,7,8],[7,8,10],[7,9,10]]

manifold_lex_d2_n10_o1_g2_#183=[[1,2,3],[1,2,4],[1,3,5],[1,4,6],[1,5,6],
 [2,3,6],[2,4,5],[2,5,7],[2,6,8],[2,7,9],[2,8,9],[3,4,7],[3,4,10],
 [3,5,7],[3,6,10],[4,5,9],[4,6,8],[4,7,8],[4,9,10],[5,6,9],[6,7,9],
 [6,7,10],[7,8,10],[8,9,10]]

manifold_lex_d2_n10_o1_g2_#184=[[1,2,3],[1,2,4],[1,3,5],[1,4,6],[1,5,6],
 [2,3,6],[2,4,5],[2,5,7],[2,6,8],[2,7,9],[2,8,9],[3,4,7],[3,4,10],
 [3,5,7],[3,6,10],[4,5,10],[4,6,7],[5,6,9],[5,8,9],[5,8,10],[6,7,8],
 [6,9,10],[7,8,10],[7,9,10]]

manifold_lex_d2_n10_o1_g2_#185=[[1,2,3],[1,2,4],[1,3,5],[1,4,6],[1,5,6],
 [2,3,6],[2,4,5],[2,5,7],[2,6,8],[2,7,9],[2,8,9],[3,4,7],[3,4,10],
 [3,5,7],[3,6,10],[4,5,10],[4,6,8],[4,7,8],[5,6,9],[5,8,9],[5,8,10],
 [6,7,9],[6,7,10],[7,8,10]]

manifold_lex_d2_n10_o1_g2_#186=[[1,2,3],[1,2,4],[1,3,5],[1,4,6],[1,5,6],
 [2,3,6],[2,4,5],[2,5,7],[2,6,8],[2,7,9],[2,8,9],[3,4,7],[3,4,10],
 [3,5,7],[3,6,10],[4,5,10],[4,6,8],[4,7,8],[5,6,9],[5,8,9],[5,8,10],
 [6,9,10],[7,8,10],[7,9,10]]

manifold_lex_d2_n10_o1_g2_#187=[[1,2,3],[1,2,4],[1,3,5],[1,4,6],[1,5,6],
 [2,3,6],[2,4,5],[2,5,7],[2,6,8],[2,7,9],[2,8,9],[3,4,7],[3,4,10],
 [3,5,7],[3,6,10],[4,5,10],[4,6,8],[4,7,8],[5,6,9],[5,9,10],[6,7,9],
 [6,7,10],[7,8,10],[8,9,10]]

manifold_lex_d2_n10_o1_g2_#188=[[1,2,3],[1,2,4],[1,3,5],[1,4,6],[1,5,6],
 [2,3,6],[2,4,5],[2,5,7],[2,6,8],[2,7,9],[2,8,9],[3,4,7],[3,4,10],
 [3,5,10],[3,6,7],[4,5,9],[4,6,10],[4,7,8],[4,8,9],[5,6,9],[5,7,8],
 [5,8,10],[6,7,9],[6,8,10]]

manifold_lex_d2_n10_o1_g2_#189=[[1,2,3],[1,2,4],[1,3,5],[1,4,6],[1,5,6],
 [2,3,6],[2,4,5],[2,5,7],[2,6,8],[2,7,9],[2,8,9],[3,4,7],[3,4,10],
 [3,5,10],[3,6,7],[4,5,9],[4,6,10],[4,7,8],[4,8,9],[5,6,9],[5,7,10],
 [6,7,9],[6,8,10],[7,8,10]]

manifold_lex_d2_n10_o1_g2_#190=[[1,2,3],[1,2,4],[1,3,5],[1,4,6],[1,5,6],
 [2,3,6],[2,4,5],[2,5,7],[2,6,8],[2,7,9],[2,8,9],[3,4,7],[3,4,10],
 [3,5,10],[3,6,9],[3,7,9],[4,5,8],[4,6,10],[4,7,8],[5,6,9],[5,7,10],
 [5,8,9],[6,7,8],[6,7,10]]

manifold_lex_d2_n10_o1_g2_#191=[[1,2,3],[1,2,4],[1,3,5],[1,4,6],[1,5,6],
 [2,3,6],[2,4,5],[2,5,7],[2,6,8],[2,7,9],[2,8,9],[3,4,7],[3,4,10],
 [3,5,10],[3,6,9],[3,7,9],[4,5,8],[4,6,10],[4,7,8],[5,6,9],[5,7,10],
 [5,8,9],[6,8,10],[7,8,10]]

manifold_lex_d2_n10_o1_g2_#192=[[1,2,3],[1,2,4],[1,3,5],[1,4,6],[1,5,6],
 [2,3,6],[2,4,5],[2,5,7],[2,6,8],[2,7,9],[2,8,9],[3,4,7],[3,4,10],
 [3,5,10],[3,6,9],[3,7,9],[4,5,9],[4,6,10],[4,7,8],[4,8,9],[5,6,9],
 [5,7,8],[5,8,10],[6,8,10]]

manifold_lex_d2_n10_o1_g2_#193=[[1,2,3],[1,2,4],[1,3,5],[1,4,6],[1,5,6],
 [2,3,6],[2,4,5],[2,5,7],[2,6,8],[2,7,9],[2,8,9],[3,4,7],[3,4,10],
 [3,5,10],[3,6,9],[3,7,9],[4,5,9],[4,6,10],[4,7,8],[4,8,9],[5,6,9],
 [5,7,10],[6,7,8],[6,7,10]]

manifold_lex_d2_n10_o1_g2_#194=[[1,2,3],[1,2,4],[1,3,5],[1,4,6],[1,5,6],
 [2,3,6],[2,4,5],[2,5,7],[2,6,8],[2,7,9],[2,8,9],[3,4,7],[3,4,10],
 [3,5,10],[3,6,9],[3,7,9],[4,5,9],[4,6,10],[4,7,8],[4,8,9],[5,6,9],
 [5,7,10],[6,8,10],[7,8,10]]

manifold_lex_d2_n10_o1_g2_#195=[[1,2,3],[1,2,4],[1,3,5],[1,4,6],[1,5,6],
 [2,3,6],[2,4,5],[2,5,7],[2,6,8],[2,7,9],[2,8,9],[3,4,9],[3,4,10],
 [3,5,7],[3,6,9],[3,7,10],[4,5,8],[4,6,10],[4,7,8],[4,7,9],[5,6,9],
 [5,8,9],[6,8,10],[7,8,10]]

manifold_lex_d2_n10_o1_g2_#196=[[1,2,3],[1,2,4],[1,3,5],[1,4,6],[1,5,6],
 [2,3,6],[2,4,5],[2,5,7],[2,6,8],[2,7,9],[2,8,9],[3,4,9],[3,4,10],
 [3,5,10],[3,6,7],[3,7,8],[3,8,9],[4,5,9],[4,6,10],[5,6,9],[5,7,8],
 [5,8,10],[6,7,9],[6,8,10]]

manifold_lex_d2_n10_o1_g2_#197=[[1,2,3],[1,2,4],[1,3,5],[1,4,6],[1,5,6],
 [2,3,6],[2,4,5],[2,5,7],[2,6,8],[2,7,9],[2,8,9],[3,4,9],[3,4,10],
 [3,5,10],[3,6,7],[3,7,8],[3,8,9],[4,5,9],[4,6,10],[5,6,9],[5,7,10],
 [6,7,9],[6,8,10],[7,8,10]]

manifold_lex_d2_n10_o1_g2_#198=[[1,2,3],[1,2,4],[1,3,5],[1,4,6],[1,5,6],
 [2,3,6],[2,4,5],[2,5,7],[2,6,8],[2,7,9],[2,8,9],[3,5,7],[3,6,9],
 [3,7,8],[3,8,10],[3,9,10],[4,5,8],[4,6,10],[4,7,8],[4,7,9],[4,9,10],
 [5,6,9],[5,8,9],[6,8,10]]

manifold_lex_d2_n10_o1_g2_#199=[[1,2,3],[1,2,4],[1,3,5],[1,4,6],[1,5,6],
 [2,3,6],[2,4,5],[2,5,7],[2,6,8],[2,7,9],[2,8,9],[3,5,7],[3,6,9],
 [3,7,8],[3,8,10],[3,9,10],[4,5,8],[4,6,10],[4,7,8],[4,7,10],[5,6,9],
 [5,8,9],[6,8,10],[7,9,10]]

manifold_lex_d2_n10_o1_g2_#200=[[1,2,3],[1,2,4],[1,3,5],[1,4,6],[1,5,6],
 [2,3,6],[2,4,5],[2,5,7],[2,6,8],[2,7,9],[2,8,9],[3,5,7],[3,6,9],
 [3,7,8],[3,8,10],[3,9,10],[4,5,9],[4,6,10],[4,7,8],[4,7,10],[4,8,9],
 [5,6,9],[6,8,10],[7,9,10]]

manifold_lex_d2_n10_o1_g2_#201=[[1,2,3],[1,2,4],[1,3,5],[1,4,6],[1,5,6],
 [2,3,6],[2,4,5],[2,5,7],[2,6,8],[2,7,9],[2,8,9],[3,5,7],[3,6,9],
 [3,7,10],[3,9,10],[4,5,8],[4,6,10],[4,7,8],[4,7,9],[4,9,10],[5,6,9],
 [5,8,9],[6,7,8],[6,7,10]]

manifold_lex_d2_n10_o1_g2_#202=[[1,2,3],[1,2,4],[1,3,5],[1,4,6],[1,5,6],
 [2,3,6],[2,4,5],[2,5,7],[2,6,8],[2,7,9],[2,8,9],[3,5,7],[3,6,9],
 [3,7,10],[3,9,10],[4,5,8],[4,6,10],[4,7,8],[4,7,9],[4,9,10],[5,6,9],
 [5,8,9],[6,8,10],[7,8,10]]

manifold_lex_d2_n10_o1_g2_#203=[[1,2,3],[1,2,4],[1,3,5],[1,4,6],[1,5,6],
 [2,3,6],[2,4,5],[2,5,7],[2,6,8],[2,7,9],[2,8,9],[3,5,8],[3,6,9],
 [3,7,8],[3,7,9],[4,5,9],[4,6,7],[4,7,10],[4,9,10],[5,6,9],[5,7,10],
 [5,8,10],[6,7,8],[8,9,10]]

manifold_lex_d2_n10_o1_g2_#204=[[1,2,3],[1,2,4],[1,3,5],[1,4,6],[1,5,6],
 [2,3,6],[2,4,5],[2,5,7],[2,6,8],[2,7,9],[2,8,9],[3,5,8],[3,6,9],
 [3,7,8],[3,7,9],[4,5,9],[4,6,10],[4,8,9],[4,8,10],[5,6,9],[5,7,10],
 [5,8,10],[6,7,8],[6,7,10]]

manifold_lex_d2_n10_o1_g2_#205=[[1,2,3],[1,2,4],[1,3,5],[1,4,6],[1,5,6],
 [2,3,6],[2,4,5],[2,5,7],[2,6,8],[2,7,9],[2,8,9],[3,5,8],[3,6,9],
 [3,7,8],[3,7,9],[4,5,9],[4,6,10],[4,9,10],[5,6,9],[5,7,10],[5,8,10],
 [6,7,8],[6,7,10],[8,9,10]]

manifold_lex_d2_n10_o1_g2_#206=[[1,2,3],[1,2,4],[1,3,5],[1,4,6],[1,5,6],
 [2,3,6],[2,4,5],[2,5,7],[2,6,8],[2,7,9],[2,8,9],[3,5,8],[3,6,9],
 [3,7,9],[3,7,10],[3,8,10],[4,5,9],[4,6,10],[4,7,8],[4,7,10],[4,8,9],
 [5,6,9],[5,7,8],[6,8,10]]

manifold_lex_d2_n10_o1_g2_#207=[[1,2,3],[1,2,4],[1,3,5],[1,4,6],[1,5,6],
 [2,3,6],[2,4,5],[2,5,7],[2,6,8],[2,7,9],[2,8,9],[3,5,8],[3,6,9],
 [3,8,10],[3,9,10],[4,5,9],[4,6,10],[4,7,8],[4,7,10],[4,8,9],[5,6,9],
 [5,7,8],[6,8,10],[7,9,10]]

manifold_lex_d2_n10_o1_g2_#208=[[1,2,3],[1,2,4],[1,3,5],[1,4,6],[1,5,6],
 [2,3,6],[2,4,5],[2,5,7],[2,6,8],[2,7,9],[2,8,9],[3,5,10],[3,6,7],
 [3,7,8],[3,8,9],[3,9,10],[4,5,9],[4,6,10],[4,9,10],[5,6,9],[5,7,8],
 [5,8,10],[6,7,9],[6,8,10]]

manifold_lex_d2_n10_o1_g2_#209=[[1,2,3],[1,2,4],[1,3,5],[1,4,6],[1,5,6],
 [2,3,6],[2,4,5],[2,5,7],[2,6,8],[2,7,9],[2,8,9],[3,5,10],[3,6,7],
 [3,7,8],[3,8,9],[3,9,10],[4,5,9],[4,6,10],[4,9,10],[5,6,9],[5,7,10],
 [6,7,9],[6,8,10],[7,8,10]]

manifold_lex_d2_n10_o1_g2_#210=[[1,2,3],[1,2,4],[1,3,5],[1,4,6],[1,5,6],
 [2,3,6],[2,4,5],[2,5,7],[2,6,8],[2,7,9],[2,8,9],[3,5,10],[3,6,7],
 [3,7,10],[4,5,9],[4,6,10],[4,7,8],[4,7,10],[4,8,9],[5,6,9],[5,7,8],
 [5,8,10],[6,7,9],[6,8,10]]

manifold_lex_d2_n10_o1_g2_#211=[[1,2,3],[1,2,4],[1,3,5],[1,4,6],[1,5,6],
 [2,3,6],[2,4,5],[2,5,7],[2,6,8],[2,7,9],[2,8,9],[3,5,10],[3,6,9],
 [3,7,8],[3,7,9],[3,8,10],[4,5,9],[4,6,10],[4,8,9],[4,8,10],[5,6,9],
 [5,7,10],[6,7,8],[6,7,10]]

manifold_lex_d2_n10_o1_g2_#212=[[1,2,3],[1,2,4],[1,3,5],[1,4,6],[1,5,6],
 [2,3,6],[2,4,5],[2,5,7],[2,6,8],[2,7,9],[2,8,9],[3,5,10],[3,6,9],
 [3,7,8],[3,7,9],[3,8,10],[4,5,9],[4,6,10],[4,9,10],[5,6,9],[5,7,10],
 [6,7,8],[6,7,10],[8,9,10]]

manifold_lex_d2_n10_o1_g2_#213=[[1,2,3],[1,2,4],[1,3,5],[1,4,6],[1,5,6],
 [2,3,6],[2,4,5],[2,5,7],[2,6,8],[2,7,9],[2,8,10],[2,9,10],[3,4,7],
 [3,4,8],[3,5,7],[3,6,9],[3,8,9],[4,5,8],[4,6,7],[5,6,10],[5,8,10],
 [6,7,8],[6,9,10],[7,8,9]]

manifold_lex_d2_n10_o1_g2_#214=[[1,2,3],[1,2,4],[1,3,5],[1,4,6],[1,5,6],
 [2,3,6],[2,4,5],[2,5,7],[2,6,8],[2,7,9],[2,8,10],[2,9,10],[3,4,7],
 [3,4,8],[3,5,7],[3,6,9],[3,8,9],[4,5,10],[4,6,7],[4,8,10],[5,6,9],
 [5,9,10],[6,7,8],[7,8,9]]

manifold_lex_d2_n10_o1_g2_#215=[[1,2,3],[1,2,4],[1,3,5],[1,4,6],[1,5,6],
 [2,3,6],[2,4,5],[2,5,7],[2,6,8],[2,7,9],[2,8,10],[2,9,10],[3,4,7],
 [3,4,8],[3,5,7],[3,6,9],[3,8,9],[4,5,10],[4,6,7],[4,8,10],[5,6,10],
 [6,7,8],[6,9,10],[7,8,9]]

manifold_lex_d2_n10_o1_g2_#216=[[1,2,3],[1,2,4],[1,3,5],[1,4,6],[1,5,6],
 [2,3,6],[2,4,5],[2,5,7],[2,6,8],[2,7,9],[2,8,10],[2,9,10],[3,4,7],
 [3,4,8],[3,5,7],[3,6,10],[3,8,9],[3,9,10],[4,5,8],[4,6,7],[5,6,10],
 [5,8,10],[6,7,8],[7,8,9]]

manifold_lex_d2_n10_o1_g2_#217=[[1,2,3],[1,2,4],[1,3,5],[1,4,6],[1,5,6],
 [2,3,6],[2,4,5],[2,5,7],[2,6,8],[2,7,9],[2,8,10],[2,9,10],[3,4,7],
 [3,4,8],[3,5,7],[3,6,10],[3,8,9],[3,9,10],[4,5,8],[4,6,7],[5,6,10],
 [5,8,10],[6,7,9],[6,8,9]]

manifold_lex_d2_n10_o1_g2_#218=[[1,2,3],[1,2,4],[1,3,5],[1,4,6],[1,5,6],
 [2,3,6],[2,4,5],[2,5,7],[2,6,8],[2,7,9],[2,8,10],[2,9,10],[3,4,7],
 [3,4,8],[3,5,7],[3,6,10],[3,8,9],[3,9,10],[4,5,8],[4,6,9],[4,7,9],
 [5,6,10],[5,8,10],[6,8,9]]

manifold_lex_d2_n10_o1_g2_#219=[[1,2,3],[1,2,4],[1,3,5],[1,4,6],[1,5,6],
 [2,3,6],[2,4,5],[2,5,7],[2,6,8],[2,7,9],[2,8,10],[2,9,10],[3,4,7],
 [3,4,8],[3,5,7],[3,6,10],[3,8,9],[3,9,10],[4,5,10],[4,6,7],[4,8,10],
 [5,6,10],[6,7,8],[7,8,9]]

manifold_lex_d2_n10_o1_g2_#220=[[1,2,3],[1,2,4],[1,3,5],[1,4,6],[1,5,6],
 [2,3,6],[2,4,5],[2,5,7],[2,6,8],[2,7,9],[2,8,10],[2,9,10],[3,4,7],
 [3,4,8],[3,5,7],[3,6,10],[3,8,9],[3,9,10],[4,5,10],[4,6,7],[4,8,10],
 [5,6,10],[6,7,9],[6,8,9]]

manifold_lex_d2_n10_o1_g2_#221=[[1,2,3],[1,2,4],[1,3,5],[1,4,6],[1,5,6],
 [2,3,6],[2,4,5],[2,5,7],[2,6,8],[2,7,9],[2,8,10],[2,9,10],[3,4,7],
 [3,4,8],[3,5,7],[3,6,10],[3,8,9],[3,9,10],[4,5,10],[4,6,9],[4,7,9],
 [4,8,10],[5,6,10],[6,8,9]]

manifold_lex_d2_n10_o1_g2_#222=[[1,2,3],[1,2,4],[1,3,5],[1,4,6],[1,5,6],
 [2,3,6],[2,4,5],[2,5,7],[2,6,8],[2,7,9],[2,8,10],[2,9,10],[3,4,7],
 [3,4,9],[3,5,7],[3,6,9],[4,5,8],[4,6,7],[4,8,9],[5,6,10],[5,8,10],
 [6,7,8],[6,9,10],[7,8,9]]

manifold_lex_d2_n10_o1_g2_#223=[[1,2,3],[1,2,4],[1,3,5],[1,4,6],[1,5,6],
 [2,3,6],[2,4,5],[2,5,7],[2,6,8],[2,7,9],[2,8,10],[2,9,10],[3,4,7],
 [3,4,9],[3,5,7],[3,6,9],[4,5,10],[4,6,7],[4,8,9],[4,8,10],[5,6,9],
 [5,9,10],[6,7,8],[7,8,9]]

manifold_lex_d2_n10_o1_g2_#224=[[1,2,3],[1,2,4],[1,3,5],[1,4,6],[1,5,6],
 [2,3,6],[2,4,5],[2,5,7],[2,6,8],[2,7,9],[2,8,10],[2,9,10],[3,4,7],
 [3,4,9],[3,5,7],[3,6,9],[4,5,10],[4,6,7],[4,8,9],[4,8,10],[5,6,10],
 [6,7,8],[6,9,10],[7,8,9]]

manifold_lex_d2_n10_o1_g2_#225=[[1,2,3],[1,2,4],[1,3,5],[1,4,6],[1,5,6],
 [2,3,6],[2,4,5],[2,5,7],[2,6,8],[2,7,9],[2,8,10],[2,9,10],[3,4,7],
 [3,4,9],[3,5,7],[3,6,10],[3,9,10],[4,5,8],[4,6,7],[4,8,9],[5,6,10],
 [5,8,10],[6,7,8],[7,8,9]]

manifold_lex_d2_n10_o1_g2_#226=[[1,2,3],[1,2,4],[1,3,5],[1,4,6],[1,5,6],
 [2,3,6],[2,4,5],[2,5,7],[2,6,8],[2,7,9],[2,8,10],[2,9,10],[3,4,7],
 [3,4,9],[3,5,7],[3,6,10],[3,9,10],[4,5,8],[4,6,7],[4,8,9],[5,6,10],
 [5,8,10],[6,7,9],[6,8,9]]

manifold_lex_d2_n10_o1_g2_#227=[[1,2,3],[1,2,4],[1,3,5],[1,4,6],[1,5,6],
 [2,3,6],[2,4,5],[2,5,7],[2,6,8],[2,7,9],[2,8,10],[2,9,10],[3,4,7],
 [3,4,9],[3,5,7],[3,6,10],[3,9,10],[4,5,9],[4,6,7],[5,6,10],[5,8,9],
 [5,8,10],[6,7,8],[7,8,9]]

manifold_lex_d2_n10_o1_g2_#228=[[1,2,3],[1,2,4],[1,3,5],[1,4,6],[1,5,6],
 [2,3,6],[2,4,5],[2,5,7],[2,6,8],[2,7,9],[2,8,10],[2,9,10],[3,4,7],
 [3,4,9],[3,5,7],[3,6,10],[3,9,10],[4,5,9],[4,6,8],[4,7,8],[5,6,9],
 [6,7,9],[6,7,10],[7,8,10]]

manifold_lex_d2_n10_o1_g2_#229=[[1,2,3],[1,2,4],[1,3,5],[1,4,6],[1,5,6],
 [2,3,6],[2,4,5],[2,5,7],[2,6,8],[2,7,9],[2,8,10],[2,9,10],[3,4,7],
 [3,4,9],[3,5,7],[3,6,10],[3,9,10],[4,5,9],[4,6,8],[4,7,8],[5,6,10],
 [5,8,9],[5,8,10],[7,8,9]]

manifold_lex_d2_n10_o1_g2_#230=[[1,2,3],[1,2,4],[1,3,5],[1,4,6],[1,5,6],
 [2,3,6],[2,4,5],[2,5,7],[2,6,8],[2,7,9],[2,8,10],[2,9,10],[3,4,7],
 [3,4,9],[3,5,7],[3,6,10],[3,9,10],[4,5,10],[4,6,7],[4,8,9],[4,8,10],
 [5,6,10],[6,7,8],[7,8,9]]

manifold_lex_d2_n10_o1_g2_#231=[[1,2,3],[1,2,4],[1,3,5],[1,4,6],[1,5,6],
 [2,3,6],[2,4,5],[2,5,7],[2,6,8],[2,7,9],[2,8,10],[2,9,10],[3,4,7],
 [3,4,9],[3,5,7],[3,6,10],[3,9,10],[4,5,10],[4,6,7],[4,8,9],[4,8,10],
 [5,6,10],[6,7,9],[6,8,9]]

manifold_lex_d2_n10_o1_g2_#232=[[1,2,3],[1,2,4],[1,3,5],[1,4,6],[1,5,6],
 [2,3,6],[2,4,5],[2,5,7],[2,6,8],[2,7,9],[2,8,10],[2,9,10],[3,4,7],
 [3,4,10],[3,5,7],[3,6,9],[3,8,9],[3,8,10],[4,5,9],[4,6,7],[4,9,10],
 [5,6,9],[6,7,8],[7,8,9]]

manifold_lex_d2_n10_o1_g2_#233=[[1,2,3],[1,2,4],[1,3,5],[1,4,6],[1,5,6],
 [2,3,6],[2,4,5],[2,5,7],[2,6,8],[2,7,9],[2,8,10],[2,9,10],[3,4,7],
 [3,4,10],[3,5,7],[3,6,9],[3,8,9],[3,8,10],[4,5,9],[4,6,8],[4,7,8],
 [4,9,10],[5,6,9],[7,8,9]]

manifold_lex_d2_n10_o1_g2_#234=[[1,2,3],[1,2,4],[1,3,5],[1,4,6],[1,5,6],
 [2,3,6],[2,4,5],[2,5,7],[2,6,8],[2,7,9],[2,8,10],[2,9,10],[3,4,7],
 [3,4,10],[3,5,7],[3,6,9],[3,8,9],[3,8,10],[4,5,10],[4,6,7],[5,6,9],
 [5,9,10],[6,7,8],[7,8,9]]

manifold_lex_d2_n10_o1_g2_#235=[[1,2,3],[1,2,4],[1,3,5],[1,4,6],[1,5,6],
 [2,3,6],[2,4,5],[2,5,7],[2,6,8],[2,7,9],[2,8,10],[2,9,10],[3,4,7],
 [3,4,10],[3,5,7],[3,6,9],[3,8,9],[3,8,10],[4,5,10],[4,6,7],[5,6,10],
 [6,7,8],[6,9,10],[7,8,9]]

manifold_lex_d2_n10_o1_g2_#236=[[1,2,3],[1,2,4],[1,3,5],[1,4,6],[1,5,6],
 [2,3,6],[2,4,5],[2,5,7],[2,6,8],[2,7,9],[2,8,10],[2,9,10],[3,4,7],
 [3,4,10],[3,5,7],[3,6,9],[3,8,9],[3,8,10],[4,5,10],[4,6,8],[4,7,8],
 [5,6,9],[5,9,10],[7,8,9]]

manifold_lex_d2_n10_o1_g2_#237=[[1,2,3],[1,2,4],[1,3,5],[1,4,6],[1,5,6],
 [2,3,6],[2,4,5],[2,5,7],[2,6,8],[2,7,9],[2,8,10],[2,9,10],[3,4,7],
 [3,4,10],[3,5,7],[3,6,9],[3,8,9],[3,8,10],[4,5,10],[4,6,8],[4,7,8],
 [5,6,10],[6,9,10],[7,8,9]]

manifold_lex_d2_n10_o1_g2_#238=[[1,2,3],[1,2,4],[1,3,5],[1,4,6],[1,5,6],
 [2,3,6],[2,4,5],[2,5,7],[2,6,8],[2,7,9],[2,8,10],[2,9,10],[3,4,7],
 [3,4,10],[3,5,7],[3,6,9],[3,8,9],[3,8,10],[4,5,10],[4,6,8],[4,7,9],
 [4,8,9],[5,6,9],[5,9,10]]

manifold_lex_d2_n10_o1_g2_#239=[[1,2,3],[1,2,4],[1,3,5],[1,4,6],[1,5,6],
 [2,3,6],[2,4,5],[2,5,7],[2,6,8],[2,7,9],[2,8,10],[2,9,10],[3,4,7],
 [3,4,10],[3,5,7],[3,6,9],[3,8,9],[3,8,10],[4,5,10],[4,6,8],[4,7,9],
 [4,8,9],[5,6,10],[6,9,10]]

manifold_lex_d2_n10_o1_g2_#240=[[1,2,3],[1,2,4],[1,3,5],[1,4,6],[1,5,6],
 [2,3,6],[2,4,5],[2,5,7],[2,6,8],[2,7,9],[2,8,10],[2,9,10],[3,4,7],
 [3,4,10],[3,5,7],[3,6,10],[4,5,8],[4,6,7],[4,8,9],[4,9,10],[5,6,10],
 [5,8,10],[6,7,8],[7,8,9]]

manifold_lex_d2_n10_o1_g2_#241=[[1,2,3],[1,2,4],[1,3,5],[1,4,6],[1,5,6],
 [2,3,6],[2,4,5],[2,5,7],[2,6,8],[2,7,9],[2,8,10],[2,9,10],[3,4,7],
 [3,4,10],[3,5,7],[3,6,10],[4,5,8],[4,6,7],[4,8,9],[4,9,10],[5,6,10],
 [5,8,10],[6,7,9],[6,8,9]]

manifold_lex_d2_n10_o1_g2_#242=[[1,2,3],[1,2,4],[1,3,5],[1,4,6],[1,5,6],
 [2,3,6],[2,4,5],[2,5,7],[2,6,8],[2,7,9],[2,8,10],[2,9,10],[3,4,7],
 [3,4,10],[3,5,7],[3,6,10],[4,5,9],[4,6,7],[4,9,10],[5,6,10],[5,8,9],
 [5,8,10],[6,7,8],[7,8,9]]

manifold_lex_d2_n10_o1_g2_#243=[[1,2,3],[1,2,4],[1,3,5],[1,4,6],[1,5,6],
 [2,3,6],[2,4,5],[2,5,7],[2,6,8],[2,7,9],[2,8,10],[2,9,10],[3,4,7],
 [3,4,10],[3,5,7],[3,6,10],[4,5,9],[4,6,8],[4,7,8],[4,9,10],[5,6,9],
 [6,7,9],[6,7,10],[7,8,10]]

manifold_lex_d2_n10_o1_g2_#244=[[1,2,3],[1,2,4],[1,3,5],[1,4,6],[1,5,6],
 [2,3,6],[2,4,5],[2,5,7],[2,6,8],[2,7,9],[2,8,10],[2,9,10],[3,4,7],
 [3,4,10],[3,5,7],[3,6,10],[4,5,9],[4,6,8],[4,7,8],[4,9,10],[5,6,10],
 [5,8,9],[5,8,10],[7,8,9]]

manifold_lex_d2_n10_o1_g2_#245=[[1,2,3],[1,2,4],[1,3,5],[1,4,6],[1,5,6],
 [2,3,6],[2,4,5],[2,5,7],[2,6,8],[2,7,9],[2,8,10],[2,9,10],[3,5,7],
 [3,6,7],[4,5,9],[4,6,8],[4,7,8],[4,7,10],[4,9,10],[5,6,10],[5,8,9],
 [5,8,10],[6,7,10],[7,8,9]]

manifold_lex_d2_n10_o1_g2_#246=[[1,2,3],[1,2,4],[1,3,5],[1,4,6],[1,5,6],
 [2,3,6],[2,4,5],[2,5,7],[2,6,8],[2,7,9],[2,8,10],[2,9,10],[3,5,7],
 [3,6,9],[3,7,8],[3,8,9],[4,5,10],[4,6,8],[4,7,9],[4,7,10],[4,8,9],
 [5,6,9],[5,9,10],[7,8,10]]

manifold_lex_d2_n10_o1_g2_#247=[[1,2,3],[1,2,4],[1,3,5],[1,4,6],[1,5,6],
 [2,3,6],[2,4,5],[2,5,7],[2,6,8],[2,7,9],[2,8,10],[2,9,10],[3,5,7],
 [3,6,9],[3,7,8],[3,8,9],[4,5,10],[4,6,8],[4,7,9],[4,7,10],[4,8,9],
 [5,6,10],[6,9,10],[7,8,10]]

manifold_lex_d2_n10_o1_g2_#248=[[1,2,3],[1,2,4],[1,3,5],[1,4,6],[1,5,6],
 [2,3,6],[2,4,5],[2,5,7],[2,6,8],[2,7,9],[2,8,10],[2,9,10],[3,5,7],
 [3,6,9],[3,7,10],[3,8,9],[3,8,10],[4,5,9],[4,6,7],[4,7,10],[4,9,10],
 [5,6,9],[6,7,8],[7,8,9]]

manifold_lex_d2_n10_o1_g2_#249=[[1,2,3],[1,2,4],[1,3,5],[1,4,6],[1,5,6],
 [2,3,6],[2,4,5],[2,5,7],[2,6,8],[2,7,9],[2,8,10],[2,9,10],[3,5,7],
 [3,6,9],[3,7,10],[3,8,9],[3,8,10],[4,5,9],[4,6,8],[4,7,8],[4,7,10],
 [4,9,10],[5,6,9],[7,8,9]]

manifold_lex_d2_n10_o1_g2_#250=[[1,2,3],[1,2,4],[1,3,5],[1,4,6],[1,5,6],
 [2,3,6],[2,4,5],[2,5,7],[2,6,8],[2,7,9],[2,8,10],[2,9,10],[3,5,7],
 [3,6,9],[3,7,10],[3,8,9],[3,8,10],[4,5,9],[4,6,10],[4,9,10],[5,6,9],
 [6,7,8],[6,7,10],[7,8,9]]

manifold_lex_d2_n10_o1_g2_#251=[[1,2,3],[1,2,4],[1,3,5],[1,4,6],[1,5,6],
 [2,3,6],[2,4,5],[2,5,7],[2,6,8],[2,7,9],[2,8,10],[2,9,10],[3,5,7],
 [3,6,9],[3,7,10],[3,8,9],[3,8,10],[4,5,10],[4,6,7],[4,7,10],[5,6,9],
 [5,9,10],[6,7,8],[7,8,9]]

manifold_lex_d2_n10_o1_g2_#252=[[1,2,3],[1,2,4],[1,3,5],[1,4,6],[1,5,6],
 [2,3,6],[2,4,5],[2,5,7],[2,6,8],[2,7,9],[2,8,10],[2,9,10],[3,5,7],
 [3,6,9],[3,7,10],[3,8,9],[3,8,10],[4,5,10],[4,6,7],[4,7,10],[5,6,10],
 [6,7,8],[6,9,10],[7,8,9]]

manifold_lex_d2_n10_o1_g2_#253=[[1,2,3],[1,2,4],[1,3,5],[1,4,6],[1,5,6],
 [2,3,6],[2,4,5],[2,5,7],[2,6,8],[2,7,9],[2,8,10],[2,9,10],[3,5,7],
 [3,6,9],[3,7,10],[3,8,9],[3,8,10],[4,5,10],[4,6,8],[4,7,9],[4,7,10],
 [4,8,9],[5,6,9],[5,9,10]]

manifold_lex_d2_n10_o1_g2_#254=[[1,2,3],[1,2,4],[1,3,5],[1,4,6],[1,5,6],
 [2,3,6],[2,4,5],[2,5,7],[2,6,8],[2,7,9],[2,8,10],[2,9,10],[3,5,7],
 [3,6,9],[3,7,10],[3,8,9],[3,8,10],[4,5,10],[4,6,10],[5,6,9],[5,9,10],
 [6,7,8],[6,7,10],[7,8,9]]

manifold_lex_d2_n10_o1_g2_#255=[[1,2,3],[1,2,4],[1,3,5],[1,4,6],[1,5,6],
 [2,3,6],[2,4,5],[2,5,7],[2,6,8],[2,7,9],[2,8,10],[2,9,10],[3,5,7],
 [3,6,10],[3,7,8],[3,8,9],[3,9,10],[4,5,8],[4,6,7],[4,7,8],[5,6,10],
 [5,8,10],[6,7,9],[6,8,9]]

manifold_lex_d2_n10_o1_g2_#256=[[1,2,3],[1,2,4],[1,3,5],[1,4,6],[1,5,6],
 [2,3,6],[2,4,5],[2,5,7],[2,6,8],[2,7,9],[2,8,10],[2,9,10],[3,5,7],
 [3,6,10],[3,7,8],[3,8,9],[3,9,10],[4,5,8],[4,6,9],[4,7,8],[4,7,9],
 [5,6,10],[5,8,10],[6,8,9]]

manifold_lex_d2_n10_o1_g2_#257=[[1,2,3],[1,2,4],[1,3,5],[1,4,6],[1,5,6],
 [2,3,6],[2,4,5],[2,5,7],[2,6,8],[2,7,9],[2,8,10],[2,9,10],[3,5,7],
 [3,6,10],[3,7,8],[3,8,9],[3,9,10],[4,5,9],[4,6,8],[4,8,9],[5,6,9],
 [6,7,9],[6,7,10],[7,8,10]]

manifold_lex_d2_n10_o1_g2_#258=[[1,2,3],[1,2,4],[1,3,5],[1,4,6],[1,5,6],
 [2,3,6],[2,4,5],[2,5,7],[2,6,8],[2,7,9],[2,8,10],[2,9,10],[3,5,7],
 [3,6,10],[3,7,8],[3,8,9],[3,9,10],[4,5,10],[4,6,7],[4,7,8],[4,8,10],
 [5,6,10],[6,7,9],[6,8,9]]

manifold_lex_d2_n10_o1_g2_#259=[[1,2,3],[1,2,4],[1,3,5],[1,4,6],[1,5,6],
 [2,3,6],[2,4,5],[2,5,7],[2,6,8],[2,7,9],[2,8,10],[2,9,10],[3,5,7],
 [3,6,10],[3,7,8],[3,8,9],[3,9,10],[4,5,10],[4,6,7],[4,7,10],[5,6,10],
 [6,7,9],[6,8,9],[7,8,10]]

manifold_lex_d2_n10_o1_g2_#260=[[1,2,3],[1,2,4],[1,3,5],[1,4,6],[1,5,6],
 [2,3,6],[2,4,5],[2,5,7],[2,6,8],[2,7,9],[2,8,10],[2,9,10],[3,5,7],
 [3,6,10],[3,7,8],[3,8,9],[3,9,10],[4,5,10],[4,6,9],[4,7,8],[4,7,9],
 [4,8,10],[5,6,10],[6,8,9]]

manifold_lex_d2_n10_o1_g2_#261=[[1,2,3],[1,2,4],[1,3,5],[1,4,6],[1,5,6],
 [2,3,6],[2,4,5],[2,5,7],[2,6,8],[2,7,9],[2,8,10],[2,9,10],[3,5,7],
 [3,6,10],[3,7,8],[3,8,9],[3,9,10],[4,5,10],[4,6,9],[4,7,9],[4,7,10],
 [5,6,10],[6,8,9],[7,8,10]]

manifold_lex_d2_n10_o1_g2_#262=[[1,2,3],[1,2,4],[1,3,5],[1,4,6],[1,5,6],
 [2,3,6],[2,4,5],[2,5,7],[2,6,8],[2,7,9],[2,8,10],[2,9,10],[3,5,7],
 [3,6,10],[3,7,10],[4,5,8],[4,6,7],[4,7,10],[4,8,9],[4,9,10],[5,6,10],
 [5,8,10],[6,7,9],[6,8,9]]

manifold_lex_d2_n10_o1_g2_#263=[[1,2,3],[1,2,4],[1,3,5],[1,4,6],[1,5,6],
 [2,3,6],[2,4,5],[2,5,7],[2,6,8],[2,7,9],[2,8,10],[2,9,10],[3,5,7],
 [3,6,10],[3,7,10],[4,5,9],[4,6,7],[4,7,10],[4,9,10],[5,6,10],[5,8,9],
 [5,8,10],[6,7,8],[7,8,9]]

manifold_lex_d2_n10_o1_g2_#264=[[1,2,3],[1,2,4],[1,3,5],[1,4,6],[1,5,6],
 [2,3,6],[2,4,5],[2,5,7],[2,6,8],[2,7,9],[2,8,10],[2,9,10],[3,5,8],
 [3,6,9],[3,7,8],[3,7,9],[4,5,9],[4,6,7],[4,7,10],[4,9,10],[5,6,9],
 [5,7,10],[5,8,10],[6,7,8]]

manifold_lex_d2_n10_o1_g2_#265=[[1,2,3],[1,2,4],[1,3,5],[1,4,6],[1,5,6],
 [2,3,6],[2,4,5],[2,5,7],[2,6,8],[2,7,9],[2,8,10],[2,9,10],[3,5,8],
 [3,6,9],[3,7,8],[3,7,9],[4,5,9],[4,6,10],[4,9,10],[5,6,9],[5,7,10],
 [5,8,10],[6,7,8],[6,7,10]]

manifold_lex_d2_n10_o1_g2_#266=[[1,2,3],[1,2,4],[1,3,5],[1,4,6],[1,5,6],
 [2,3,6],[2,4,5],[2,5,7],[2,6,8],[2,7,9],[2,8,10],[2,9,10],[3,5,8],
 [3,6,9],[3,8,9],[4,5,9],[4,6,7],[4,7,10],[4,9,10],[5,6,9],[5,7,10],
 [5,8,10],[6,7,8],[7,8,9]]

manifold_lex_d2_n10_o1_g2_#267=[[1,2,3],[1,2,4],[1,3,5],[1,4,6],[1,5,6],
 [2,3,6],[2,4,5],[2,5,7],[2,6,8],[2,7,9],[2,8,10],[2,9,10],[3,5,8],
 [3,6,9],[3,8,9],[4,5,9],[4,6,10],[4,9,10],[5,6,9],[5,7,10],[5,8,10],
 [6,7,8],[6,7,10],[7,8,9]]

manifold_lex_d2_n10_o1_g2_#268=[[1,2,3],[1,2,4],[1,3,5],[1,4,6],[1,5,6],
 [2,3,6],[2,4,5],[2,5,7],[2,6,8],[2,7,9],[2,8,10],[2,9,10],[3,5,8],
 [3,6,10],[3,8,9],[3,9,10],[4,5,10],[4,6,9],[4,7,8],[4,7,9],[4,8,10],
 [5,6,10],[5,7,8],[6,8,9]]

manifold_lex_d2_n10_o1_g2_#269=[[1,2,3],[1,2,4],[1,3,5],[1,4,6],[1,5,6],
 [2,3,6],[2,4,5],[2,5,7],[2,6,8],[2,7,9],[2,8,10],[2,9,10],[3,5,8],
 [3,6,10],[3,8,9],[3,9,10],[4,5,10],[4,6,9],[4,7,9],[4,7,10],[5,6,10],
 [5,7,8],[6,8,9],[7,8,10]]

manifold_lex_d2_n10_o1_g2_#270=[[1,2,3],[1,2,4],[1,3,5],[1,4,6],[1,5,6],
 [2,3,6],[2,4,5],[2,5,7],[2,6,8],[2,7,9],[2,8,10],[2,9,10],[3,5,9],
 [3,6,10],[3,9,10],[4,5,10],[4,6,9],[4,7,9],[4,7,10],[5,6,10],[5,7,8],
 [5,8,9],[6,8,9],[7,8,10]]

manifold_lex_d2_n10_o1_g2_#271=[[1,2,3],[1,2,4],[1,3,5],[1,4,6],[1,5,6],
 [2,3,6],[2,4,7],[2,5,7],[2,5,8],[2,6,8],[3,4,7],[3,4,8],[3,5,8],
 [3,6,9],[3,7,10],[3,9,10],[4,6,10],[4,8,9],[4,9,10],[5,6,7],[6,7,9],
 [6,8,10],[7,8,9],[7,8,10]]

manifold_lex_d2_n10_o1_g2_#272=[[1,2,3],[1,2,4],[1,3,5],[1,4,6],[1,5,6],
 [2,3,6],[2,4,7],[2,5,7],[2,5,8],[2,6,8],[3,4,7],[3,4,8],[3,5,8],
 [3,6,9],[3,7,10],[3,9,10],[4,6,10],[4,8,9],[4,9,10],[5,6,9],[5,7,9],
 [6,8,10],[7,8,9],[7,8,10]]

manifold_lex_d2_n10_o1_g2_#273=[[1,2,3],[1,2,4],[1,3,5],[1,4,6],[1,5,6],
 [2,3,6],[2,4,7],[2,5,7],[2,5,8],[2,6,8],[3,4,7],[3,4,8],[3,5,8],
 [3,6,9],[3,7,10],[3,9,10],[4,6,10],[4,8,10],[5,6,9],[5,7,9],[6,7,8],
 [6,7,10],[7,8,9],[8,9,10]]

manifold_lex_d2_n10_o1_g2_#274=[[1,2,3],[1,2,4],[1,3,5],[1,4,6],[1,5,6],
 [2,3,6],[2,4,7],[2,5,7],[2,5,8],[2,6,8],[3,4,7],[3,4,8],[3,5,9],
 [3,6,7],[3,8,10],[3,9,10],[4,5,9],[4,5,10],[4,6,10],[4,8,9],[5,6,7],
 [5,8,10],[6,8,9],[6,9,10]]

manifold_lex_d2_n10_o1_g2_#275=[[1,2,3],[1,2,4],[1,3,5],[1,4,6],[1,5,6],
 [2,3,6],[2,4,7],[2,5,7],[2,5,8],[2,6,8],[3,4,7],[3,4,9],[3,5,8],
 [3,6,7],[3,8,9],[4,5,9],[4,5,10],[4,6,8],[4,8,10],[5,6,10],[5,7,9],
 [6,7,10],[7,9,10],[8,9,10]]

manifold_lex_d2_n10_o1_g2_#276=[[1,2,3],[1,2,4],[1,3,5],[1,4,6],[1,5,6],
 [2,3,6],[2,4,7],[2,5,7],[2,5,8],[2,6,8],[3,4,7],[3,4,9],[3,5,8],
 [3,6,7],[3,8,9],[4,6,8],[4,8,10],[4,9,10],[5,6,10],[5,7,9],[5,9,10],
 [6,7,10],[7,8,9],[7,8,10]]

manifold_lex_d2_n10_o1_g2_#277=[[1,2,3],[1,2,4],[1,3,5],[1,4,6],[1,5,6],
 [2,3,6],[2,4,7],[2,5,7],[2,5,8],[2,6,8],[3,4,7],[3,4,9],[3,5,8],
 [3,6,7],[3,8,10],[3,9,10],[4,5,9],[4,5,10],[4,6,8],[4,8,10],[5,6,10],
 [5,7,9],[6,7,9],[6,9,10]]

manifold_lex_d2_n10_o1_g2_#278=[[1,2,3],[1,2,4],[1,3,5],[1,4,6],[1,5,6],
 [2,3,6],[2,4,7],[2,5,7],[2,5,8],[2,6,8],[3,4,7],[3,4,9],[3,5,8],
 [3,6,7],[3,8,10],[3,9,10],[4,6,8],[4,8,9],[5,6,10],[5,7,10],[6,7,9],
 [6,9,10],[7,8,9],[7,8,10]]

manifold_lex_d2_n10_o1_g2_#279=[[1,2,3],[1,2,4],[1,3,5],[1,4,6],[1,5,6],
 [2,3,6],[2,4,7],[2,5,7],[2,5,8],[2,6,8],[3,4,7],[3,4,9],[3,5,8],
 [3,6,10],[3,7,10],[3,8,9],[4,5,9],[4,5,10],[4,6,8],[4,8,10],[5,6,10],
 [5,7,9],[7,9,10],[8,9,10]]

manifold_lex_d2_n10_o1_g2_#280=[[1,2,3],[1,2,4],[1,3,5],[1,4,6],[1,5,6],
 [2,3,6],[2,4,7],[2,5,7],[2,5,8],[2,6,8],[3,4,7],[3,4,9],[3,5,8],
 [3,6,10],[3,7,10],[3,8,9],[4,6,8],[4,8,10],[4,9,10],[5,6,7],[6,7,9],
 [6,9,10],[7,8,9],[7,8,10]]

manifold_lex_d2_n10_o1_g2_#281=[[1,2,3],[1,2,4],[1,3,5],[1,4,6],[1,5,6],
 [2,3,6],[2,4,7],[2,5,7],[2,5,8],[2,6,8],[3,4,7],[3,4,9],[3,5,8],
 [3,6,10],[3,7,10],[3,8,9],[4,6,8],[4,8,10],[4,9,10],[5,6,9],[5,7,9],
 [6,9,10],[7,8,9],[7,8,10]]

manifold_lex_d2_n10_o1_g2_#282=[[1,2,3],[1,2,4],[1,3,5],[1,4,6],[1,5,6],
 [2,3,6],[2,4,7],[2,5,7],[2,5,8],[2,6,8],[3,4,7],[3,4,9],[3,5,8],
 [3,6,10],[3,7,10],[3,8,9],[4,6,8],[4,8,10],[4,9,10],[5,6,10],[5,7,9],
 [5,9,10],[7,8,9],[7,8,10]]

manifold_lex_d2_n10_o1_g2_#283=[[1,2,3],[1,2,4],[1,3,5],[1,4,6],[1,5,6],
 [2,3,6],[2,4,7],[2,5,7],[2,5,8],[2,6,8],[3,4,7],[3,4,9],[3,5,9],
 [3,6,10],[3,7,8],[3,8,10],[4,6,8],[4,8,10],[4,9,10],[5,6,7],[5,8,9],
 [6,7,10],[7,8,9],[7,9,10]]

manifold_lex_d2_n10_o1_g2_#284=[[1,2,3],[1,2,4],[1,3,5],[1,4,6],[1,5,6],
 [2,3,6],[2,4,7],[2,5,7],[2,5,8],[2,6,8],[3,4,7],[3,4,9],[3,5,9],
 [3,6,10],[3,7,8],[3,8,10],[4,6,8],[4,8,10],[4,9,10],[5,6,10],[5,7,10],
 [5,8,9],[7,8,9],[7,9,10]]

manifold_lex_d2_n10_o1_g2_#285=[[1,2,3],[1,2,4],[1,3,5],[1,4,6],[1,5,6],
 [2,3,6],[2,4,7],[2,5,7],[2,5,8],[2,6,8],[3,4,7],[3,4,9],[3,5,9],
 [3,6,10],[3,7,10],[4,6,8],[4,8,10],[4,9,10],[5,6,7],[5,8,9],[6,7,9],
 [6,9,10],[7,8,9],[7,8,10]]

manifold_lex_d2_n10_o1_g2_#286=[[1,2,3],[1,2,4],[1,3,5],[1,4,6],[1,5,6],
 [2,3,6],[2,4,7],[2,5,7],[2,5,8],[2,6,8],[3,4,7],[3,4,9],[3,5,10],
 [3,6,7],[3,8,9],[3,8,10],[4,5,8],[4,5,9],[4,6,10],[4,8,10],[5,6,7],
 [5,9,10],[6,8,9],[6,9,10]]

manifold_lex_d2_n10_o1_g2_#287=[[1,2,3],[1,2,4],[1,3,5],[1,4,6],[1,5,6],
 [2,3,6],[2,4,7],[2,5,7],[2,5,8],[2,6,8],[3,4,8],[3,4,9],[3,5,8],
 [3,6,7],[3,7,10],[3,9,10],[4,6,10],[4,7,9],[4,8,10],[5,6,7],[6,8,9],
 [6,9,10],[7,8,9],[7,8,10]]

manifold_lex_d2_n10_o1_g2_#288=[[1,2,3],[1,2,4],[1,3,5],[1,4,6],[1,5,6],
 [2,3,6],[2,4,7],[2,5,7],[2,5,8],[2,6,8],[3,4,8],[3,4,9],[3,5,9],
 [3,6,7],[3,7,8],[4,5,8],[4,5,10],[4,6,9],[4,7,10],[5,6,7],[5,9,10],
 [6,8,9],[7,8,10],[8,9,10]]

manifold_lex_d2_n10_o1_g2_#289=[[1,2,3],[1,2,4],[1,3,5],[1,4,6],[1,5,6],
 [2,3,6],[2,4,7],[2,5,7],[2,5,8],[2,6,8],[3,4,8],[3,4,9],[3,5,9],
 [3,6,7],[3,7,8],[4,5,8],[4,5,10],[4,6,9],[4,7,10],[5,6,7],[5,9,10],
 [6,8,10],[6,9,10],[7,8,10]]

manifold_lex_d2_n10_o1_g2_#290=[[1,2,3],[1,2,4],[1,3,5],[1,4,6],[1,5,6],
 [2,3,6],[2,4,7],[2,5,7],[2,5,8],[2,6,8],[3,4,8],[3,4,9],[3,5,9],
 [3,6,7],[3,7,8],[4,6,9],[4,7,10],[4,8,10],[5,6,7],[5,8,10],[5,9,10],
 [6,8,9],[7,8,9],[7,9,10]]

manifold_lex_d2_n10_o1_g2_#291=[[1,2,3],[1,2,4],[1,3,5],[1,4,6],[1,5,6],
 [2,3,6],[2,4,7],[2,5,7],[2,5,8],[2,6,8],[3,4,8],[3,4,9],[3,5,9],
 [3,6,7],[3,7,10],[3,8,10],[4,5,8],[4,5,10],[4,6,9],[4,7,10],[5,6,7],
 [5,9,10],[6,8,9],[8,9,10]]

manifold_lex_d2_n10_o1_g2_#292=[[1,2,3],[1,2,4],[1,3,5],[1,4,6],[1,5,6],
 [2,3,6],[2,4,7],[2,5,7],[2,5,8],[2,6,8],[3,4,8],[3,4,9],[3,5,9],
 [3,6,7],[3,7,10],[3,8,10],[4,5,8],[4,5,10],[4,6,9],[4,7,10],[5,6,7],
 [5,9,10],[6,8,10],[6,9,10]]

manifold_lex_d2_n10_o1_g2_#293=[[1,2,3],[1,2,4],[1,3,5],[1,4,6],[1,5,6],
 [2,3,6],[2,4,7],[2,5,7],[2,5,8],[2,6,8],[3,4,8],[3,4,9],[3,5,9],
 [3,6,7],[3,7,10],[3,8,10],[4,6,10],[4,7,8],[4,9,10],[5,6,7],[5,8,9],
 [6,8,10],[7,8,9],[7,9,10]]

manifold_lex_d2_n10_o1_g2_#294=[[1,2,3],[1,2,4],[1,3,5],[1,4,6],[1,5,6],
 [2,3,6],[2,4,7],[2,5,7],[2,5,8],[2,6,8],[3,4,8],[3,4,9],[3,5,9],
 [3,6,10],[3,8,10],[4,5,8],[4,5,10],[4,6,9],[4,7,10],[5,6,7],[5,9,10],
 [6,7,10],[6,8,9],[8,9,10]]

manifold_lex_d2_n10_o1_g2_#295=[[1,2,3],[1,2,4],[1,3,5],[1,4,6],[1,5,6],
 [2,3,6],[2,4,7],[2,5,7],[2,5,8],[2,6,8],[3,4,8],[3,4,9],[3,5,10],
 [3,6,7],[3,7,8],[3,9,10],[4,5,8],[4,5,10],[4,6,9],[4,7,10],[5,6,7],
 [6,8,9],[7,8,9],[7,9,10]]

manifold_lex_d2_n10_o1_g2_#296=[[1,2,3],[1,2,4],[1,3,5],[1,4,6],[1,5,6],
 [2,3,6],[2,4,7],[2,5,7],[2,5,8],[2,6,8],[3,4,8],[3,4,9],[3,5,10],
 [3,6,7],[3,7,8],[3,9,10],[4,5,8],[4,5,10],[4,6,9],[4,7,10],[5,6,7],
 [6,8,9],[7,8,10],[8,9,10]]

manifold_lex_d2_n10_o1_g2_#297=[[1,2,3],[1,2,4],[1,3,5],[1,4,6],[1,5,6],
 [2,3,6],[2,4,7],[2,5,7],[2,5,8],[2,6,8],[3,4,8],[3,4,9],[3,5,10],
 [3,6,7],[3,7,8],[3,9,10],[4,6,9],[4,7,10],[4,8,10],[5,6,7],[5,8,10],
 [6,8,9],[7,8,9],[7,9,10]]

manifold_lex_d2_n10_o1_g2_#298=[[1,2,3],[1,2,4],[1,3,5],[1,4,6],[1,5,6],
 [2,3,6],[2,4,7],[2,5,7],[2,5,8],[2,6,8],[3,4,8],[3,4,9],[3,5,10],
 [3,6,7],[3,7,9],[3,8,10],[4,5,9],[4,5,10],[4,6,8],[4,7,10],[5,6,7],
 [5,8,9],[7,8,9],[7,8,10]]

manifold_lex_d2_n10_o1_g2_#299=[[1,2,3],[1,2,4],[1,3,5],[1,4,6],[1,5,6],
 [2,3,6],[2,4,7],[2,5,7],[2,5,8],[2,6,8],[3,4,8],[3,4,9],[3,5,10],
 [3,6,7],[3,7,9],[3,8,10],[4,5,9],[4,5,10],[4,6,8],[4,7,10],[5,6,7],
 [5,8,9],[7,9,10],[8,9,10]]

manifold_lex_d2_n10_o1_g2_#300=[[1,2,3],[1,2,4],[1,3,5],[1,4,6],[1,5,6],
 [2,3,6],[2,4,7],[2,5,7],[2,5,8],[2,6,8],[3,4,8],[3,4,9],[3,5,10],
 [3,6,7],[3,7,9],[3,8,10],[4,6,8],[4,7,10],[4,9,10],[5,6,7],[5,8,9],
 [5,9,10],[7,8,9],[7,8,10]]

manifold_lex_d2_n10_o1_g2_#301=[[1,2,3],[1,2,4],[1,3,5],[1,4,6],[1,5,6],
 [2,3,6],[2,4,7],[2,5,7],[2,5,8],[2,6,8],[3,4,8],[3,4,9],[3,5,10],
 [3,6,9],[3,7,8],[3,7,10],[4,6,8],[4,7,10],[4,9,10],[5,6,7],[5,8,9],
 [5,9,10],[6,7,9],[7,8,9]]

manifold_lex_d2_n10_o1_g2_#302=[[1,2,3],[1,2,4],[1,3,5],[1,4,6],[1,5,6],
 [2,3,6],[2,4,7],[2,5,7],[2,5,8],[2,6,8],[3,4,8],[3,4,9],[3,5,10],
 [3,6,9],[3,7,8],[3,7,10],[4,6,8],[4,7,10],[4,9,10],[5,6,7],[5,8,10],
 [6,7,9],[7,8,9],[8,9,10]]

manifold_lex_d2_n10_o1_g2_#303=[[1,2,3],[1,2,4],[1,3,5],[1,4,6],[1,5,6],
 [2,3,6],[2,4,7],[2,5,7],[2,5,8],[2,6,8],[3,4,8],[3,4,9],[3,5,10],
 [3,6,9],[3,7,8],[3,7,10],[4,6,8],[4,7,10],[4,9,10],[5,6,9],[5,7,9],
 [5,8,10],[7,8,9],[8,9,10]]

manifold_lex_d2_n10_o1_g2_#304=[[1,2,3],[1,2,4],[1,3,5],[1,4,6],[1,5,6],
 [2,3,6],[2,4,7],[2,5,7],[2,5,8],[2,6,8],[3,4,8],[3,4,9],[3,5,10],
 [3,6,9],[3,8,10],[4,5,9],[4,5,10],[4,6,8],[4,7,10],[5,6,7],[5,8,9],
 [6,7,9],[7,8,9],[7,8,10]]

manifold_lex_d2_n10_o1_g2_#305=[[1,2,3],[1,2,4],[1,3,5],[1,4,6],[1,5,6],
 [2,3,6],[2,4,7],[2,5,7],[2,5,8],[2,6,8],[3,4,8],[3,4,9],[3,5,10],
 [3,6,9],[3,8,10],[4,5,9],[4,5,10],[4,6,8],[4,7,10],[5,6,7],[5,8,9],
 [6,7,9],[7,9,10],[8,9,10]]

manifold_lex_d2_n10_o1_g2_#306=[[1,2,3],[1,2,4],[1,3,5],[1,4,6],[1,5,6],
 [2,3,6],[2,4,7],[2,5,7],[2,5,8],[2,6,8],[3,4,8],[3,4,9],[3,5,10],
 [3,6,9],[3,8,10],[4,5,9],[4,5,10],[4,6,8],[4,7,10],[5,6,7],[5,8,9],
 [6,7,10],[6,9,10],[8,9,10]]

manifold_lex_d2_n10_o1_g2_#307=[[1,2,3],[1,2,4],[1,3,5],[1,4,6],[1,5,6],
 [2,3,6],[2,4,7],[2,5,7],[2,5,8],[2,6,8],[3,4,8],[3,4,9],[3,5,10],
 [3,6,9],[3,8,10],[4,6,8],[4,7,10],[4,9,10],[5,6,7],[5,8,9],[5,9,10],
 [6,7,9],[7,8,9],[7,8,10]]

manifold_lex_d2_n10_o1_g2_#308=[[1,2,3],[1,2,4],[1,3,5],[1,4,6],[1,5,6],
 [2,3,6],[2,4,7],[2,5,7],[2,5,8],[2,6,8],[3,4,9],[3,4,10],[3,5,8],
 [3,6,7],[3,7,9],[3,8,10],[4,6,10],[4,7,8],[4,8,9],[5,6,7],[6,8,9],
 [6,9,10],[7,8,10],[7,9,10]]

manifold_lex_d2_n10_o1_g2_#309=[[1,2,3],[1,2,4],[1,3,5],[1,4,6],[1,5,6],
 [2,3,6],[2,4,7],[2,5,7],[2,5,8],[2,6,8],[3,4,9],[3,4,10],[3,5,8],
 [3,6,9],[3,7,8],[3,7,10],[4,6,8],[4,7,9],[4,8,10],[5,6,7],[6,7,10],
 [6,9,10],[7,8,9],[8,9,10]]

manifold_lex_d2_n10_o1_g2_#310=[[1,2,3],[1,2,4],[1,3,5],[1,4,6],[1,5,6],
 [2,3,6],[2,4,7],[2,5,7],[2,5,8],[2,6,8],[3,4,9],[3,4,10],[3,5,8],
 [3,6,9],[3,7,8],[3,7,10],[4,6,8],[4,7,9],[4,8,10],[5,6,9],[5,7,10],
 [5,9,10],[7,8,9],[8,9,10]]

manifold_lex_d2_n10_o1_g2_#311=[[1,2,3],[1,2,4],[1,3,5],[1,4,6],[1,5,6],
 [2,3,6],[2,4,7],[2,5,7],[2,5,8],[2,6,8],[3,4,9],[3,4,10],[3,5,8],
 [3,6,9],[3,7,8],[3,7,10],[4,6,8],[4,7,9],[4,8,10],[5,6,10],[5,7,10],
 [6,9,10],[7,8,9],[8,9,10]]

manifold_lex_d2_n10_o1_g2_#312=[[1,2,3],[1,2,4],[1,3,5],[1,4,6],[1,5,6],
 [2,3,6],[2,4,7],[2,5,7],[2,5,8],[2,6,8],[3,4,9],[3,4,10],[3,5,8],
 [3,6,9],[3,7,8],[3,7,10],[4,6,10],[4,7,8],[4,8,9],[5,6,7],[6,7,9],
 [6,8,10],[7,9,10],[8,9,10]]

manifold_lex_d2_n10_o1_g2_#313=[[1,2,3],[1,2,4],[1,3,5],[1,4,6],[1,5,6],
 [2,3,6],[2,4,7],[2,5,7],[2,5,8],[2,6,8],[3,4,9],[3,4,10],[3,5,8],
 [3,6,9],[3,7,8],[3,7,10],[4,6,10],[4,7,8],[4,8,9],[5,6,9],[5,7,9],
 [6,8,10],[7,9,10],[8,9,10]]

manifold_lex_d2_n10_o1_g2_#314=[[1,2,3],[1,2,4],[1,3,5],[1,4,6],[1,5,6],
 [2,3,6],[2,4,7],[2,5,7],[2,5,8],[2,6,8],[3,4,9],[3,4,10],[3,5,8],
 [3,6,9],[3,7,8],[3,7,10],[4,6,10],[4,7,8],[4,8,9],[5,6,9],[5,7,10],
 [5,9,10],[6,8,10],[8,9,10]]

manifold_lex_d2_n10_o1_g2_#315=[[1,2,3],[1,2,4],[1,3,5],[1,4,6],[1,5,6],
 [2,3,6],[2,4,7],[2,5,7],[2,5,8],[2,6,8],[3,4,9],[3,4,10],[3,5,8],
 [3,6,9],[3,7,8],[3,7,10],[4,6,10],[4,7,9],[5,6,9],[5,7,10],[5,9,10],
 [6,8,10],[7,8,9],[8,9,10]]

manifold_lex_d2_n10_o1_g2_#316=[[1,2,3],[1,2,4],[1,3,5],[1,4,6],[1,5,6],
 [2,3,6],[2,4,7],[2,5,7],[2,5,8],[2,6,8],[3,4,9],[3,4,10],[3,5,9],
 [3,6,7],[3,7,8],[3,8,10],[4,6,8],[4,7,10],[4,8,9],[5,6,7],[5,8,10],
 [5,9,10],[7,8,9],[7,9,10]]

manifold_lex_d2_n10_o1_g2_#317=[[1,2,3],[1,2,4],[1,3,5],[1,4,6],[1,5,6],
 [2,3,6],[2,4,7],[2,5,7],[2,5,8],[2,6,8],[3,4,9],[3,4,10],[3,5,9],
 [3,6,7],[3,7,8],[3,8,10],[4,6,9],[4,7,10],[5,6,7],[5,8,10],[5,9,10],
 [6,8,9],[7,8,9],[7,9,10]]

manifold_lex_d2_n10_o1_g2_#318=[[1,2,3],[1,2,4],[1,3,5],[1,4,6],[1,5,6],
 [2,3,6],[2,4,7],[2,5,7],[2,5,8],[2,6,8],[3,4,9],[3,4,10],[3,5,9],
 [3,6,7],[3,7,10],[4,6,9],[4,7,8],[4,8,10],[5,6,7],[5,8,9],[6,8,10],
 [6,9,10],[7,8,9],[7,9,10]]

manifold_lex_d2_n10_o1_g2_#319=[[1,2,3],[1,2,4],[1,3,5],[1,4,6],[1,5,6],
 [2,3,6],[2,4,7],[2,5,7],[2,5,8],[2,6,8],[3,5,9],[3,6,7],[3,7,8],
 [3,8,9],[4,5,8],[4,5,10],[4,6,9],[4,7,10],[4,8,9],[5,6,7],[5,9,10],
 [6,8,10],[6,9,10],[7,8,10]]

manifold_lex_d2_n10_o1_g2_#320=[[1,2,3],[1,2,4],[1,3,5],[1,4,6],[1,5,6],
 [2,3,6],[2,4,7],[2,5,7],[2,5,8],[2,6,8],[3,5,9],[3,6,7],[3,7,8],
 [3,8,10],[3,9,10],[4,5,9],[4,5,10],[4,6,10],[4,7,8],[4,8,9],[5,6,7],
 [5,8,10],[6,8,9],[6,9,10]]

manifold_lex_d2_n10_o1_g2_#321=[[1,2,3],[1,2,4],[1,3,5],[1,4,6],[1,5,6],
 [2,3,6],[2,4,7],[2,5,7],[2,5,8],[2,6,8],[3,5,9],[3,6,7],[3,7,8],
 [3,8,10],[3,9,10],[4,5,9],[4,5,10],[4,6,10],[4,7,9],[5,6,7],[5,8,10],
 [6,8,9],[6,9,10],[7,8,9]]

manifold_lex_d2_n10_o1_g2_#322=[[1,2,3],[1,2,4],[1,3,5],[1,4,6],[1,5,6],
 [2,3,6],[2,4,7],[2,5,7],[2,5,8],[2,6,8],[3,5,9],[3,6,7],[3,7,9],
 [4,5,8],[4,5,10],[4,6,9],[4,7,10],[4,8,9],[5,6,7],[5,9,10],[6,8,10],
 [6,9,10],[7,8,9],[7,8,10]]

manifold_lex_d2_n10_o1_g2_#323=[[1,2,3],[1,2,4],[1,3,5],[1,4,6],[1,5,6],
 [2,3,6],[2,4,7],[2,5,7],[2,5,8],[2,6,8],[3,5,9],[3,6,7],[3,7,9],
 [4,5,9],[4,5,10],[4,6,10],[4,7,8],[4,8,9],[5,6,7],[5,8,10],[6,8,9],
 [6,9,10],[7,8,10],[7,9,10]]

manifold_lex_d2_n10_o1_g2_#324=[[1,2,3],[1,2,4],[1,3,5],[1,4,6],[1,5,6],
 [2,3,6],[2,4,7],[2,5,7],[2,5,8],[2,6,8],[3,5,9],[3,6,7],[3,7,10],
 [3,8,9],[3,8,10],[4,5,8],[4,5,10],[4,6,9],[4,7,10],[4,8,9],[5,6,7],
 [5,9,10],[6,8,10],[6,9,10]]

manifold_lex_d2_n10_o1_g2_#325=[[1,2,3],[1,2,4],[1,3,5],[1,4,6],[1,5,6],
 [2,3,6],[2,4,7],[2,5,7],[2,5,8],[2,6,8],[3,5,9],[3,6,7],[3,7,10],
 [3,9,10],[4,5,8],[4,5,9],[4,6,10],[4,7,9],[4,8,10],[5,6,7],[6,8,9],
 [6,9,10],[7,8,9],[7,8,10]]

manifold_lex_d2_n10_o1_g2_#326=[[1,2,3],[1,2,4],[1,3,5],[1,4,6],[1,5,6],
 [2,3,6],[2,4,7],[2,5,7],[2,5,8],[2,6,8],[3,5,9],[3,6,7],[3,7,10],
 [3,9,10],[4,5,9],[4,5,10],[4,6,10],[4,7,8],[4,8,9],[5,6,7],[5,8,10],
 [6,8,9],[6,9,10],[7,8,10]]

manifold_lex_d2_n10_o1_g2_#327=[[1,2,3],[1,2,4],[1,3,5],[1,4,6],[1,5,6],
 [2,3,6],[2,4,7],[2,5,7],[2,5,8],[2,6,8],[3,5,9],[3,6,7],[3,7,10],
 [3,9,10],[4,5,9],[4,5,10],[4,6,10],[4,7,9],[5,6,7],[5,8,10],[6,8,9],
 [6,9,10],[7,8,9],[7,8,10]]

manifold_lex_d2_n10_o1_g2_#328=[[1,2,3],[1,2,4],[1,3,5],[1,4,6],[1,5,6],
 [2,3,6],[2,4,7],[2,5,7],[2,5,8],[2,6,9],[2,8,9],[3,4,7],[3,4,8],
 [3,5,8],[3,6,10],[3,7,9],[3,9,10],[4,6,9],[4,8,10],[4,9,10],[5,6,7],
 [6,7,10],[7,8,9],[7,8,10]]

manifold_lex_d2_n10_o1_g2_#329=[[1,2,3],[1,2,4],[1,3,5],[1,4,6],[1,5,6],
 [2,3,6],[2,4,7],[2,5,7],[2,5,8],[2,6,9],[2,8,9],[3,4,7],[3,4,8],
 [3,5,8],[3,6,10],[3,7,9],[3,9,10],[4,6,9],[4,8,10],[4,9,10],[5,6,10],
 [5,7,10],[7,8,9],[7,8,10]]

manifold_lex_d2_n10_o1_g2_#330=[[1,2,3],[1,2,4],[1,3,5],[1,4,6],[1,5,6],
 [2,3,6],[2,4,7],[2,5,7],[2,5,8],[2,6,9],[2,8,9],[3,4,7],[3,4,8],
 [3,5,8],[3,6,10],[3,7,10],[4,6,8],[5,6,10],[5,7,9],[5,9,10],[6,7,8],
 [6,7,9],[7,8,10],[8,9,10]]

manifold_lex_d2_n10_o1_g2_#331=[[1,2,3],[1,2,4],[1,3,5],[1,4,6],[1,5,6],
 [2,3,6],[2,4,7],[2,5,7],[2,5,8],[2,6,9],[2,8,9],[3,4,7],[3,4,8],
 [3,5,9],[3,6,7],[3,8,10],[3,9,10],[4,5,9],[4,5,10],[4,6,10],[4,8,9],
 [5,6,7],[5,8,10],[6,9,10]]

manifold_lex_d2_n10_o1_g2_#332=[[1,2,3],[1,2,4],[1,3,5],[1,4,6],[1,5,6],
 [2,3,6],[2,4,7],[2,5,7],[2,5,8],[2,6,9],[2,8,9],[3,4,7],[3,4,9],
 [3,5,9],[3,6,10],[3,7,10],[4,6,9],[5,6,7],[5,8,10],[5,9,10],[6,7,8],
 [6,8,10],[7,8,9],[7,9,10]]

manifold_lex_d2_n10_o1_g2_#333=[[1,2,3],[1,2,4],[1,3,5],[1,4,6],[1,5,6],
 [2,3,6],[2,4,7],[2,5,7],[2,5,8],[2,6,9],[2,8,9],[3,4,7],[3,4,9],
 [3,5,10],[3,6,7],[3,8,9],[3,8,10],[4,5,8],[4,5,10],[4,6,8],[4,9,10],
 [5,6,7],[6,8,10],[6,9,10]]

manifold_lex_d2_n10_o1_g2_#334=[[1,2,3],[1,2,4],[1,3,5],[1,4,6],[1,5,6],
 [2,3,6],[2,4,7],[2,5,7],[2,5,8],[2,6,9],[2,8,9],[3,4,8],[3,4,9],
 [3,5,8],[3,6,7],[3,7,10],[3,9,10],[4,6,10],[4,7,9],[4,8,10],[5,6,7],
 [6,9,10],[7,8,9],[7,8,10]]

manifold_lex_d2_n10_o1_g2_#335=[[1,2,3],[1,2,4],[1,3,5],[1,4,6],[1,5,6],
 [2,3,6],[2,4,7],[2,5,7],[2,5,8],[2,6,9],[2,8,9],[3,4,8],[3,4,9],
 [3,5,9],[3,6,7],[3,7,8],[4,5,8],[4,5,10],[4,6,9],[4,7,10],[5,6,7],
 [5,9,10],[7,8,10],[8,9,10]]

manifold_lex_d2_n10_o1_g2_#336=[[1,2,3],[1,2,4],[1,3,5],[1,4,6],[1,5,6],
 [2,3,6],[2,4,7],[2,5,7],[2,5,8],[2,6,9],[2,8,9],[3,4,8],[3,4,9],
 [3,5,9],[3,6,7],[3,7,8],[4,6,9],[4,7,10],[4,8,10],[5,6,7],[5,8,10],
 [5,9,10],[7,8,9],[7,9,10]]

manifold_lex_d2_n10_o1_g2_#337=[[1,2,3],[1,2,4],[1,3,5],[1,4,6],[1,5,6],
 [2,3,6],[2,4,7],[2,5,7],[2,5,8],[2,6,9],[2,8,9],[3,4,8],[3,4,9],
 [3,5,9],[3,6,7],[3,7,10],[3,8,10],[4,5,8],[4,5,10],[4,6,9],[4,7,10],
 [5,6,7],[5,9,10],[8,9,10]]

manifold_lex_d2_n10_o1_g2_#338=[[1,2,3],[1,2,4],[1,3,5],[1,4,6],[1,5,6],
 [2,3,6],[2,4,7],[2,5,7],[2,5,8],[2,6,9],[2,8,9],[3,4,8],[3,4,9],
 [3,5,9],[3,6,10],[3,8,10],[4,5,8],[4,5,10],[4,6,9],[4,7,10],[5,6,7],
 [5,9,10],[6,7,10],[8,9,10]]

manifold_lex_d2_n10_o1_g2_#339=[[1,2,3],[1,2,4],[1,3,5],[1,4,6],[1,5,6],
 [2,3,6],[2,4,7],[2,5,7],[2,5,8],[2,6,9],[2,8,9],[3,4,8],[3,4,9],
 [3,5,10],[3,6,7],[3,7,8],[3,9,10],[4,5,8],[4,5,10],[4,6,9],[4,7,10],
 [5,6,7],[7,8,9],[7,9,10]]

manifold_lex_d2_n10_o1_g2_#340=[[1,2,3],[1,2,4],[1,3,5],[1,4,6],[1,5,6],
 [2,3,6],[2,4,7],[2,5,7],[2,5,8],[2,6,9],[2,8,9],[3,4,8],[3,4,9],
 [3,5,10],[3,6,7],[3,7,8],[3,9,10],[4,5,8],[4,5,10],[4,6,9],[4,7,10],
 [5,6,7],[7,8,10],[8,9,10]]

manifold_lex_d2_n10_o1_g2_#341=[[1,2,3],[1,2,4],[1,3,5],[1,4,6],[1,5,6],
 [2,3,6],[2,4,7],[2,5,7],[2,5,8],[2,6,9],[2,8,9],[3,4,8],[3,4,9],
 [3,5,10],[3,6,7],[3,7,8],[3,9,10],[4,6,9],[4,7,10],[4,8,10],[5,6,7],
 [5,8,10],[7,8,9],[7,9,10]]

manifold_lex_d2_n10_o1_g2_#342=[[1,2,3],[1,2,4],[1,3,5],[1,4,6],[1,5,6],
 [2,3,6],[2,4,7],[2,5,7],[2,5,8],[2,6,9],[2,8,9],[3,4,8],[3,4,9],
 [3,5,10],[3,6,8],[3,7,9],[3,7,10],[4,6,9],[4,7,10],[4,8,10],[5,6,7],
 [5,8,10],[6,7,8],[7,8,9]]

manifold_lex_d2_n10_o1_g2_#343=[[1,2,3],[1,2,4],[1,3,5],[1,4,6],[1,5,6],
 [2,3,6],[2,4,7],[2,5,7],[2,5,8],[2,6,9],[2,8,9],[3,4,8],[3,4,9],
 [3,5,10],[3,6,8],[3,9,10],[4,5,8],[4,5,10],[4,6,9],[4,7,10],[5,6,7],
 [6,7,8],[7,8,9],[7,9,10]]

manifold_lex_d2_n10_o1_g2_#344=[[1,2,3],[1,2,4],[1,3,5],[1,4,6],[1,5,6],
 [2,3,6],[2,4,7],[2,5,7],[2,5,8],[2,6,9],[2,8,9],[3,4,8],[3,4,9],
 [3,5,10],[3,6,8],[3,9,10],[4,5,8],[4,5,10],[4,6,9],[4,7,10],[5,6,7],
 [6,7,8],[7,8,10],[8,9,10]]

manifold_lex_d2_n10_o1_g2_#345=[[1,2,3],[1,2,4],[1,3,5],[1,4,6],[1,5,6],
 [2,3,6],[2,4,7],[2,5,7],[2,5,8],[2,6,9],[2,8,9],[3,4,8],[3,4,9],
 [3,5,10],[3,6,8],[3,9,10],[4,5,8],[4,5,10],[4,6,9],[4,7,10],[5,6,7],
 [6,7,10],[6,8,10],[8,9,10]]

manifold_lex_d2_n10_o1_g2_#346=[[1,2,3],[1,2,4],[1,3,5],[1,4,6],[1,5,6],
 [2,3,6],[2,4,7],[2,5,7],[2,5,8],[2,6,9],[2,8,9],[3,4,8],[3,4,9],
 [3,5,10],[3,6,8],[3,9,10],[4,6,9],[4,7,10],[4,8,10],[5,6,7],[5,8,10],
 [6,7,8],[7,8,9],[7,9,10]]

manifold_lex_d2_n10_o1_g2_#347=[[1,2,3],[1,2,4],[1,3,5],[1,4,6],[1,5,6],
 [2,3,6],[2,4,7],[2,5,7],[2,5,8],[2,6,9],[2,8,9],[3,4,8],[3,4,10],
 [3,5,10],[3,6,7],[3,7,9],[3,8,9],[4,5,8],[4,5,9],[4,6,10],[4,7,9],
 [5,6,7],[5,9,10],[6,9,10]]

manifold_lex_d2_n10_o1_g2_#348=[[1,2,3],[1,2,4],[1,3,5],[1,4,6],[1,5,6],
 [2,3,6],[2,4,7],[2,5,7],[2,5,8],[2,6,9],[2,8,9],[3,4,8],[3,4,10],
 [3,5,10],[3,6,7],[3,7,9],[3,8,9],[4,6,9],[4,7,8],[4,9,10],[5,6,7],
 [5,8,10],[7,8,10],[7,9,10]]

manifold_lex_d2_n10_o1_g2_#349=[[1,2,3],[1,2,4],[1,3,5],[1,4,6],[1,5,6],
 [2,3,6],[2,4,7],[2,5,7],[2,5,8],[2,6,9],[2,8,9],[3,4,8],[3,4,10],
 [3,5,10],[3,6,7],[3,7,9],[3,8,9],[4,6,10],[4,7,8],[5,6,7],[5,8,10],
 [6,9,10],[7,8,10],[7,9,10]]

manifold_lex_d2_n10_o1_g2_#350=[[1,2,3],[1,2,4],[1,3,5],[1,4,6],[1,5,6],
 [2,3,6],[2,4,7],[2,5,7],[2,5,8],[2,6,9],[2,8,9],[3,4,9],[3,4,10],
 [3,5,8],[3,6,7],[3,7,9],[3,8,10],[4,6,10],[4,7,8],[4,8,9],[5,6,7],
 [6,9,10],[7,8,10],[7,9,10]]

manifold_lex_d2_n10_o1_g2_#351=[[1,2,3],[1,2,4],[1,3,5],[1,4,6],[1,5,6],
 [2,3,6],[2,4,7],[2,5,7],[2,5,8],[2,6,9],[2,8,9],[3,4,9],[3,4,10],
 [3,5,8],[3,6,10],[3,7,8],[3,7,9],[4,6,9],[4,7,8],[4,8,10],[5,6,7],
 [6,7,10],[7,9,10],[8,9,10]]

manifold_lex_d2_n10_o1_g2_#352=[[1,2,3],[1,2,4],[1,3,5],[1,4,6],[1,5,6],
 [2,3,6],[2,4,7],[2,5,7],[2,5,8],[2,6,9],[2,8,9],[3,4,9],[3,4,10],
 [3,5,8],[3,6,10],[3,7,8],[3,7,9],[4,6,9],[4,7,8],[4,8,10],[5,6,10],
 [5,7,9],[5,9,10],[8,9,10]]

manifold_lex_d2_n10_o1_g2_#353=[[1,2,3],[1,2,4],[1,3,5],[1,4,6],[1,5,6],
 [2,3,6],[2,4,7],[2,5,7],[2,5,8],[2,6,9],[2,8,9],[3,4,9],[3,4,10],
 [3,5,8],[3,6,10],[3,7,8],[3,7,9],[4,6,9],[4,7,8],[4,8,10],[5,6,10],
 [5,7,10],[7,9,10],[8,9,10]]

manifold_lex_d2_n10_o1_g2_#354=[[1,2,3],[1,2,4],[1,3,5],[1,4,6],[1,5,6],
 [2,3,6],[2,4,7],[2,5,7],[2,5,8],[2,6,9],[2,8,9],[3,4,9],[3,4,10],
 [3,5,8],[3,6,10],[3,7,8],[3,7,9],[4,6,9],[4,7,10],[5,6,10],[5,7,9],
 [5,9,10],[7,8,10],[8,9,10]]

manifold_lex_d2_n10_o1_g2_#355=[[1,2,3],[1,2,4],[1,3,5],[1,4,6],[1,5,6],
 [2,3,6],[2,4,7],[2,5,7],[2,5,8],[2,6,9],[2,8,9],[3,4,9],[3,4,10],
 [3,5,9],[3,6,7],[3,7,8],[3,8,10],[4,6,9],[4,7,10],[5,6,7],[5,8,10],
 [5,9,10],[7,8,9],[7,9,10]]

manifold_lex_d2_n10_o1_g2_#356=[[1,2,3],[1,2,4],[1,3,5],[1,4,6],[1,5,6],
 [2,3,6],[2,4,7],[2,5,7],[2,5,8],[2,6,9],[2,8,9],[3,4,9],[3,4,10],
 [3,5,9],[3,6,8],[3,8,10],[4,6,9],[4,7,10],[5,6,7],[5,8,10],[5,9,10],
 [6,7,8],[7,8,9],[7,9,10]]

manifold_lex_d2_n10_o1_g2_#357=[[1,2,3],[1,2,4],[1,3,5],[1,4,6],[1,5,6],
 [2,3,6],[2,4,7],[2,5,7],[2,5,8],[2,6,9],[2,8,9],[3,5,9],[3,6,7],
 [3,7,8],[3,8,10],[3,9,10],[4,5,8],[4,5,9],[4,6,10],[4,7,9],[4,8,10],
 [5,6,7],[6,9,10],[7,8,9]]

manifold_lex_d2_n10_o1_g2_#358=[[1,2,3],[1,2,4],[1,3,5],[1,4,6],[1,5,6],
 [2,3,6],[2,4,7],[2,5,7],[2,5,8],[2,6,9],[2,8,9],[3,5,9],[3,6,7],
 [3,7,8],[3,8,10],[3,9,10],[4,5,9],[4,5,10],[4,6,10],[4,7,8],[4,8,9],
 [5,6,7],[5,8,10],[6,9,10]]

manifold_lex_d2_n10_o1_g2_#359=[[1,2,3],[1,2,4],[1,3,5],[1,4,6],[1,5,6],
 [2,3,6],[2,4,7],[2,5,7],[2,5,8],[2,6,9],[2,8,9],[3,5,9],[3,6,7],
 [3,7,8],[3,8,10],[3,9,10],[4,5,9],[4,5,10],[4,6,10],[4,7,9],[5,6,7],
 [5,8,10],[6,9,10],[7,8,9]]

manifold_lex_d2_n10_o1_g2_#360=[[1,2,3],[1,2,4],[1,3,5],[1,4,6],[1,5,6],
 [2,3,6],[2,4,7],[2,5,7],[2,5,8],[2,6,9],[2,8,9],[3,5,9],[3,6,7],
 [3,7,9],[4,5,9],[4,5,10],[4,6,10],[4,7,8],[4,8,9],[5,6,7],[5,8,10],
 [6,9,10],[7,8,10],[7,9,10]]

manifold_lex_d2_n10_o1_g2_#361=[[1,2,3],[1,2,4],[1,3,5],[1,4,6],[1,5,6],
 [2,3,6],[2,4,7],[2,5,7],[2,5,8],[2,6,9],[2,8,9],[3,5,9],[3,6,7],
 [3,7,10],[3,9,10],[4,5,8],[4,5,9],[4,6,10],[4,7,9],[4,8,10],[5,6,7],
 [6,9,10],[7,8,9],[7,8,10]]

manifold_lex_d2_n10_o1_g2_#362=[[1,2,3],[1,2,4],[1,3,5],[1,4,6],[1,5,6],
 [2,3,6],[2,4,7],[2,5,7],[2,5,8],[2,6,9],[2,8,9],[3,5,9],[3,6,7],
 [3,7,10],[3,9,10],[4,5,9],[4,5,10],[4,6,10],[4,7,8],[4,8,9],[5,6,7],
 [5,8,10],[6,9,10],[7,8,10]]

manifold_lex_d2_n10_o1_g2_#363=[[1,2,3],[1,2,4],[1,3,5],[1,4,6],[1,5,6],
 [2,3,6],[2,4,7],[2,5,7],[2,5,8],[2,6,9],[2,8,9],[3,5,9],[3,6,7],
 [3,7,10],[3,9,10],[4,5,9],[4,5,10],[4,6,10],[4,7,9],[5,6,7],[5,8,10],
 [6,9,10],[7,8,9],[7,8,10]]

manifold_lex_d2_n10_o1_g2_#364=[[1,2,3],[1,2,4],[1,3,5],[1,4,6],[1,5,6],
 [2,3,6],[2,4,7],[2,5,7],[2,5,8],[2,6,9],[2,8,9],[3,5,9],[3,6,8],
 [3,8,10],[3,9,10],[4,5,8],[4,5,9],[4,6,10],[4,7,9],[4,8,10],[5,6,7],
 [6,7,8],[6,9,10],[7,8,9]]

manifold_lex_d2_n10_o1_g2_#365=[[1,2,3],[1,2,4],[1,3,5],[1,4,6],[1,5,6],
 [2,3,6],[2,4,7],[2,5,7],[2,5,8],[2,6,9],[2,8,9],[3,5,9],[3,6,8],
 [3,8,10],[3,9,10],[4,5,9],[4,5,10],[4,6,10],[4,7,8],[4,8,9],[5,6,7],
 [5,8,10],[6,7,8],[6,9,10]]

manifold_lex_d2_n10_o1_g2_#366=[[1,2,3],[1,2,4],[1,3,5],[1,4,6],[1,5,6],
 [2,3,6],[2,4,7],[2,5,7],[2,5,8],[2,6,9],[2,8,9],[3,5,9],[3,6,8],
 [3,8,10],[3,9,10],[4,5,9],[4,5,10],[4,6,10],[4,7,9],[5,6,7],[5,8,10],
 [6,7,8],[6,9,10],[7,8,9]]

manifold_lex_d2_n10_o1_g2_#367=[[1,2,3],[1,2,4],[1,3,5],[1,4,6],[1,5,6],
 [2,3,6],[2,4,7],[2,5,7],[2,5,8],[2,6,9],[2,8,9],[3,5,10],[3,6,7],
 [3,7,8],[3,8,10],[4,5,8],[4,5,9],[4,6,8],[4,7,9],[5,6,7],[5,9,10],
 [6,8,10],[6,9,10],[7,8,9]]

manifold_lex_d2_n10_o1_g2_#368=[[1,2,3],[1,2,4],[1,3,5],[1,4,6],[1,5,6],
 [2,3,6],[2,4,7],[2,5,7],[2,5,8],[2,6,9],[2,8,9],[3,5,10],[3,6,7],
 [3,7,8],[3,8,10],[4,5,8],[4,5,9],[4,6,10],[4,7,9],[4,8,10],[5,6,7],
 [5,9,10],[6,9,10],[7,8,9]]

manifold_lex_d2_n10_o1_g2_#369=[[1,2,3],[1,2,4],[1,3,5],[1,4,6],[1,5,6],
 [2,3,6],[2,4,7],[2,5,7],[2,5,8],[2,6,9],[2,8,9],[3,5,10],[3,6,7],
 [3,7,8],[3,8,10],[4,5,8],[4,5,10],[4,6,8],[4,7,9],[4,9,10],[5,6,7],
 [6,8,10],[6,9,10],[7,8,9]]

manifold_lex_d2_n10_o1_g2_#370=[[1,2,3],[1,2,4],[1,3,5],[1,4,6],[1,5,6],
 [2,3,6],[2,4,7],[2,5,7],[2,5,8],[2,6,9],[2,8,9],[3,5,10],[3,6,7],
 [3,7,8],[3,8,10],[4,5,8],[4,5,10],[4,6,8],[4,7,10],[5,6,7],[6,8,10],
 [6,9,10],[7,8,9],[7,9,10]]

manifold_lex_d2_n10_o1_g2_#371=[[1,2,3],[1,2,4],[1,3,5],[1,4,6],[1,5,6],
 [2,3,6],[2,4,7],[2,5,7],[2,5,8],[2,6,9],[2,8,9],[3,5,10],[3,6,7],
 [3,7,9],[3,8,9],[3,8,10],[4,5,8],[4,5,9],[4,6,10],[4,7,9],[4,8,10],
 [5,6,7],[5,9,10],[6,9,10]]

manifold_lex_d2_n10_o1_g2_#372=[[1,2,3],[1,2,4],[1,3,5],[1,4,6],[1,5,6],
 [2,3,6],[2,4,7],[2,5,7],[2,5,8],[2,6,9],[2,8,9],[3,5,10],[3,6,7],
 [3,7,9],[3,8,9],[3,8,10],[4,5,8],[4,5,10],[4,6,8],[4,7,9],[4,9,10],
 [5,6,7],[6,8,10],[6,9,10]]

manifold_lex_d2_n10_o1_g2_#373=[[1,2,3],[1,2,4],[1,3,5],[1,4,6],[1,5,6],
 [2,3,6],[2,4,7],[2,5,7],[2,5,8],[2,6,9],[2,8,9],[3,5,10],[3,6,7],
 [3,7,9],[3,8,9],[3,8,10],[4,5,8],[4,5,10],[4,6,8],[4,7,10],[5,6,7],
 [6,8,10],[6,9,10],[7,9,10]]

manifold_lex_d2_n10_o1_g2_#374=[[1,2,3],[1,2,4],[1,3,5],[1,4,6],[1,5,6],
 [2,3,6],[2,4,7],[2,5,7],[2,5,8],[2,6,9],[2,8,9],[3,5,10],[3,6,7],
 [3,7,10],[4,5,8],[4,5,9],[4,6,8],[4,7,9],[5,6,7],[5,9,10],[6,8,10],
 [6,9,10],[7,8,9],[7,8,10]]

manifold_lex_d2_n10_o1_g2_#375=[[1,2,3],[1,2,4],[1,3,5],[1,4,6],[1,5,6],
 [2,3,6],[2,4,7],[2,5,7],[2,5,8],[2,6,9],[2,8,9],[3,5,10],[3,6,7],
 [3,7,10],[4,5,8],[4,5,9],[4,6,10],[4,7,9],[4,8,10],[5,6,7],[5,9,10],
 [6,9,10],[7,8,9],[7,8,10]]

manifold_lex_d2_n10_o1_g2_#376=[[1,2,3],[1,2,4],[1,3,5],[1,4,6],[1,5,6],
 [2,3,6],[2,4,7],[2,5,7],[2,5,8],[2,6,9],[2,8,9],[3,5,10],[3,6,7],
 [3,7,10],[4,5,8],[4,5,10],[4,6,8],[4,7,9],[4,9,10],[5,6,7],[6,8,10],
 [6,9,10],[7,8,9],[7,8,10]]

manifold_lex_d2_n10_o1_g2_#377=[[1,2,3],[1,2,4],[1,3,5],[1,4,6],[1,5,6],
 [2,3,6],[2,4,7],[2,5,7],[2,5,8],[2,6,9],[2,8,9],[3,5,10],[3,6,8],
 [3,8,10],[4,5,8],[4,5,9],[4,6,10],[4,7,9],[4,8,10],[5,6,7],[5,9,10],
 [6,7,8],[6,9,10],[7,8,9]]

manifold_lex_d2_n10_o1_g2_#378=[[1,2,3],[1,2,4],[1,3,5],[1,4,6],[1,5,6],
 [2,3,6],[2,4,7],[2,5,7],[2,5,8],[2,6,9],[2,8,10],[2,9,10],[3,4,7],
 [3,4,9],[3,5,8],[3,6,7],[3,8,9],[4,6,9],[5,6,10],[5,7,9],[5,9,10],
 [6,7,10],[7,8,9],[7,8,10]]

manifold_lex_d2_n10_o1_g2_#379=[[1,2,3],[1,2,4],[1,3,5],[1,4,6],[1,5,6],
 [2,3,6],[2,4,7],[2,5,7],[2,5,8],[2,6,9],[2,8,10],[2,9,10],[3,4,7],
 [3,4,9],[3,5,8],[3,6,7],[3,8,9],[4,6,9],[5,6,10],[5,7,10],[6,7,8],
 [6,8,10],[7,8,9],[7,9,10]]

manifold_lex_d2_n10_o1_g2_#380=[[1,2,3],[1,2,4],[1,3,5],[1,4,6],[1,5,6],
 [2,3,6],[2,4,7],[2,5,7],[2,5,8],[2,6,9],[2,8,10],[2,9,10],[3,4,7],
 [3,4,9],[3,5,8],[3,6,10],[3,7,10],[3,8,9],[4,6,9],[5,6,10],[5,7,9],
 [5,9,10],[7,8,9],[7,8,10]]

manifold_lex_d2_n10_o1_g2_#381=[[1,2,3],[1,2,4],[1,3,5],[1,4,6],[1,5,6],
 [2,3,6],[2,4,7],[2,5,7],[2,5,8],[2,6,9],[2,8,10],[2,9,10],[3,4,7],
 [3,4,9],[3,5,9],[3,6,10],[3,7,8],[3,8,10],[4,6,9],[5,6,7],[5,8,9],
 [6,7,10],[7,8,9],[7,9,10]]

manifold_lex_d2_n10_o1_g2_#382=[[1,2,3],[1,2,4],[1,3,5],[1,4,6],[1,5,6],
 [2,3,6],[2,4,7],[2,5,7],[2,5,8],[2,6,9],[2,8,10],[2,9,10],[3,4,7],
 [3,4,9],[3,5,9],[3,6,10],[3,7,8],[3,8,10],[4,6,9],[5,6,10],[5,7,10],
 [5,8,9],[7,8,9],[7,9,10]]

manifold_lex_d2_n10_o1_g2_#383=[[1,2,3],[1,2,4],[1,3,5],[1,4,6],[1,5,6],
 [2,3,6],[2,4,7],[2,5,7],[2,5,8],[2,6,9],[2,8,10],[2,9,10],[3,4,8],
 [3,4,9],[3,5,9],[3,6,7],[3,7,10],[3,8,10],[4,5,8],[4,5,10],[4,6,9],
 [4,7,10],[5,6,7],[5,9,10]]

manifold_lex_d2_n10_o1_g2_#384=[[1,2,3],[1,2,4],[1,3,5],[1,4,6],[1,5,6],
 [2,3,6],[2,4,7],[2,5,7],[2,5,8],[2,6,9],[2,8,10],[2,9,10],[3,4,8],
 [3,4,9],[3,5,9],[3,6,7],[3,7,10],[3,8,10],[4,6,9],[4,7,8],[5,6,7],
 [5,8,9],[7,8,9],[7,9,10]]

manifold_lex_d2_n10_o1_g2_#385=[[1,2,3],[1,2,4],[1,3,5],[1,4,6],[1,5,6],
 [2,3,6],[2,4,7],[2,5,7],[2,5,8],[2,6,9],[2,8,10],[2,9,10],[3,4,8],
 [3,4,9],[3,5,10],[3,6,7],[3,7,8],[3,9,10],[4,5,8],[4,5,10],[4,6,9],
 [4,7,10],[5,6,7],[7,8,10]]

manifold_lex_d2_n10_o1_g2_#386=[[1,2,3],[1,2,4],[1,3,5],[1,4,6],[1,5,6],
 [2,3,6],[2,4,7],[2,5,7],[2,5,8],[2,6,9],[2,8,10],[2,9,10],[3,4,8],
 [3,4,9],[3,5,10],[3,6,8],[3,9,10],[4,5,8],[4,5,10],[4,6,9],[4,7,10],
 [5,6,7],[6,7,8],[7,8,10]]

manifold_lex_d2_n10_o1_g2_#387=[[1,2,3],[1,2,4],[1,3,5],[1,4,6],[1,5,6],
 [2,3,6],[2,4,7],[2,5,7],[2,5,8],[2,6,9],[2,8,10],[2,9,10],[3,4,9],
 [3,4,10],[3,5,8],[3,6,7],[3,7,10],[3,8,9],[4,6,9],[4,7,8],[4,8,10],
 [5,6,7],[7,8,9],[7,9,10]]

manifold_lex_d2_n10_o1_g2_#388=[[1,2,3],[1,2,4],[1,3,5],[1,4,6],[1,5,6],
 [2,3,6],[2,4,7],[2,5,7],[2,5,8],[2,6,9],[2,8,10],[2,9,10],[3,4,9],
 [3,4,10],[3,5,8],[3,6,10],[3,7,8],[3,7,9],[4,6,9],[4,7,8],[4,8,10],
 [5,6,7],[6,7,10],[7,9,10]]

manifold_lex_d2_n10_o1_g2_#389=[[1,2,3],[1,2,4],[1,3,5],[1,4,6],[1,5,6],
 [2,3,6],[2,4,7],[2,5,7],[2,5,8],[2,6,9],[2,8,10],[2,9,10],[3,4,9],
 [3,4,10],[3,5,8],[3,6,10],[3,7,8],[3,7,9],[4,6,9],[4,7,8],[4,8,10],
 [5,6,10],[5,7,9],[5,9,10]]

manifold_lex_d2_n10_o1_g2_#390=[[1,2,3],[1,2,4],[1,3,5],[1,4,6],[1,5,6],
 [2,3,6],[2,4,7],[2,5,7],[2,5,8],[2,6,9],[2,8,10],[2,9,10],[3,4,9],
 [3,4,10],[3,5,8],[3,6,10],[3,7,8],[3,7,9],[4,6,9],[4,7,8],[4,8,10],
 [5,6,10],[5,7,10],[7,9,10]]

manifold_lex_d2_n10_o1_g2_#391=[[1,2,3],[1,2,4],[1,3,5],[1,4,6],[1,5,6],
 [2,3,6],[2,4,7],[2,5,7],[2,5,8],[2,6,9],[2,8,10],[2,9,10],[3,4,9],
 [3,4,10],[3,5,8],[3,6,10],[3,7,8],[3,7,9],[4,6,9],[4,7,10],[5,6,10],
 [5,7,9],[5,9,10],[7,8,10]]

manifold_lex_d2_n10_o1_g2_#392=[[1,2,3],[1,2,4],[1,3,5],[1,4,6],[1,5,6],
 [2,3,6],[2,4,7],[2,5,7],[2,5,8],[2,6,9],[2,8,10],[2,9,10],[3,4,9],
 [3,4,10],[3,5,8],[3,6,10],[3,8,9],[4,6,9],[4,7,8],[4,8,10],[5,6,7],
 [6,7,10],[7,8,9],[7,9,10]]

manifold_lex_d2_n10_o1_g2_#393=[[1,2,3],[1,2,4],[1,3,5],[1,4,6],[1,5,6],
 [2,3,6],[2,4,7],[2,5,7],[2,5,8],[2,6,9],[2,8,10],[2,9,10],[3,4,9],
 [3,4,10],[3,5,8],[3,6,10],[3,8,9],[4,6,9],[4,7,8],[4,8,10],[5,6,10],
 [5,7,9],[5,9,10],[7,8,9]]

manifold_lex_d2_n10_o1_g2_#394=[[1,2,3],[1,2,4],[1,3,5],[1,4,6],[1,5,6],
 [2,3,6],[2,4,7],[2,5,7],[2,5,8],[2,6,9],[2,8,10],[2,9,10],[3,4,9],
 [3,4,10],[3,5,8],[3,6,10],[3,8,9],[4,6,9],[4,7,8],[4,8,10],[5,6,10],
 [5,7,10],[7,8,9],[7,9,10]]

manifold_lex_d2_n10_o1_g2_#395=[[1,2,3],[1,2,4],[1,3,5],[1,4,6],[1,5,6],
 [2,3,6],[2,4,7],[2,5,7],[2,5,8],[2,6,9],[2,8,10],[2,9,10],[3,4,9],
 [3,4,10],[3,5,8],[3,6,10],[3,8,9],[4,6,9],[4,7,10],[5,6,10],[5,7,9],
 [5,9,10],[7,8,9],[7,8,10]]

manifold_lex_d2_n10_o1_g2_#396=[[1,2,3],[1,2,4],[1,3,5],[1,4,6],[1,5,6],
 [2,3,6],[2,4,7],[2,5,7],[2,5,8],[2,6,9],[2,8,10],[2,9,10],[3,5,9],
 [3,6,7],[3,7,8],[3,8,9],[4,5,8],[4,5,10],[4,6,8],[4,7,10],[5,6,7],
 [5,9,10],[6,8,9],[7,8,10]]

manifold_lex_d2_n10_o1_g2_#397=[[1,2,3],[1,2,4],[1,3,5],[1,4,6],[1,5,6],
 [2,3,6],[2,4,7],[2,5,7],[2,5,8],[2,6,9],[2,8,10],[2,9,10],[3,5,9],
 [3,6,7],[3,7,8],[3,8,9],[4,5,8],[4,5,10],[4,6,9],[4,7,10],[4,8,9],
 [5,6,7],[5,9,10],[7,8,10]]

manifold_lex_d2_n10_o1_g2_#398=[[1,2,3],[1,2,4],[1,3,5],[1,4,6],[1,5,6],
 [2,3,6],[2,4,7],[2,5,7],[2,5,8],[2,6,9],[2,8,10],[2,9,10],[3,5,9],
 [3,6,7],[3,7,9],[4,5,8],[4,5,10],[4,6,8],[4,7,10],[5,6,7],[5,9,10],
 [6,8,9],[7,8,9],[7,8,10]]

manifold_lex_d2_n10_o1_g2_#399=[[1,2,3],[1,2,4],[1,3,5],[1,4,6],[1,5,6],
 [2,3,6],[2,4,7],[2,5,7],[2,5,8],[2,6,9],[2,8,10],[2,9,10],[3,5,9],
 [3,6,7],[3,7,9],[4,5,8],[4,5,10],[4,6,9],[4,7,10],[4,8,9],[5,6,7],
 [5,9,10],[7,8,9],[7,8,10]]

manifold_lex_d2_n10_o1_g2_#400=[[1,2,3],[1,2,4],[1,3,5],[1,4,6],[1,5,6],
 [2,3,6],[2,4,7],[2,5,7],[2,5,8],[2,6,9],[2,8,10],[2,9,10],[3,5,9],
 [3,6,7],[3,7,10],[3,8,9],[3,8,10],[4,5,8],[4,5,9],[4,6,8],[4,7,10],
 [4,9,10],[5,6,7],[6,8,9]]

manifold_lex_d2_n10_o1_g2_#401=[[1,2,3],[1,2,4],[1,3,5],[1,4,6],[1,5,6],
 [2,3,6],[2,4,7],[2,5,7],[2,5,8],[2,6,9],[2,8,10],[2,9,10],[3,5,9],
 [3,6,7],[3,7,10],[3,8,9],[3,8,10],[4,5,8],[4,5,10],[4,6,8],[4,7,10],
 [5,6,7],[5,9,10],[6,8,9]]

manifold_lex_d2_n10_o1_g2_#402=[[1,2,3],[1,2,4],[1,3,5],[1,4,6],[1,5,6],
 [2,3,6],[2,4,7],[2,5,7],[2,5,8],[2,6,9],[2,8,10],[2,9,10],[3,5,9],
 [3,6,7],[3,7,10],[3,8,9],[3,8,10],[4,5,8],[4,5,10],[4,6,9],[4,7,10],
 [4,8,9],[5,6,7],[5,9,10]]

manifold_lex_d2_n10_o1_g2_#403=[[1,2,3],[1,2,4],[1,3,5],[1,4,6],[1,5,6],
 [2,3,6],[2,4,7],[2,5,7],[2,5,8],[2,6,9],[2,8,10],[2,9,10],[3,5,9],
 [3,6,8],[3,8,9],[4,5,8],[4,5,10],[4,6,9],[4,7,10],[4,8,9],[5,6,7],
 [5,9,10],[6,7,8],[7,8,10]]

manifold_lex_d2_n10_o1_g2_#404=[[1,2,3],[1,2,4],[1,3,5],[1,4,6],[1,5,6],
 [2,3,6],[2,4,7],[2,5,7],[2,5,8],[2,6,9],[2,8,10],[2,9,10],[3,5,9],
 [3,6,10],[3,8,9],[3,8,10],[4,5,8],[4,5,9],[4,6,8],[4,7,9],[5,6,7],
 [6,7,10],[6,8,9],[7,9,10]]

manifold_lex_d2_n10_o1_g2_#405=[[1,2,3],[1,2,4],[1,3,5],[1,4,6],[1,5,6],
 [2,3,6],[2,4,7],[2,5,7],[2,5,8],[2,6,9],[2,8,10],[2,9,10],[3,5,9],
 [3,6,10],[3,8,9],[3,8,10],[4,5,8],[4,5,9],[4,6,8],[4,7,10],[4,9,10],
 [5,6,7],[6,7,10],[6,8,9]]

manifold_lex_d2_n10_o1_g2_#406=[[1,2,3],[1,2,4],[1,3,5],[1,4,6],[1,5,6],
 [2,3,6],[2,4,7],[2,5,7],[2,5,8],[2,6,9],[2,8,10],[2,9,10],[3,5,10],
 [3,6,7],[3,7,8],[3,8,9],[3,9,10],[4,5,8],[4,5,10],[4,6,9],[4,7,10],
 [4,8,9],[5,6,7],[7,8,10]]

manifold_lex_d2_n10_o1_g2_#407=[[1,2,3],[1,2,4],[1,3,5],[1,4,6],[1,5,6],
 [2,3,6],[2,4,7],[2,5,7],[2,5,8],[2,6,9],[2,8,10],[2,9,10],[3,5,10],
 [3,6,7],[3,7,8],[3,8,9],[3,9,10],[4,5,9],[4,5,10],[4,6,9],[4,7,8],
 [4,8,10],[5,6,7],[5,8,9]]

manifold_lex_d2_n10_o1_g2_#408=[[1,2,3],[1,2,4],[1,3,5],[1,4,6],[1,5,6],
 [2,3,6],[2,4,7],[2,5,7],[2,5,8],[2,6,9],[2,8,10],[2,9,10],[3,5,10],
 [3,6,7],[3,7,8],[3,8,9],[3,9,10],[4,5,9],[4,5,10],[4,6,9],[4,7,10],
 [5,6,7],[5,8,9],[7,8,10]]

manifold_lex_d2_n10_o1_g2_#409=[[1,2,3],[1,2,4],[1,3,5],[1,4,6],[1,5,6],
 [2,3,6],[2,4,7],[2,5,7],[2,5,8],[2,6,9],[2,8,10],[2,9,10],[3,5,10],
 [3,6,7],[3,7,9],[3,9,10],[4,5,8],[4,5,10],[4,6,8],[4,7,10],[5,6,7],
 [6,8,9],[7,8,9],[7,8,10]]

manifold_lex_d2_n10_o1_g2_#410=[[1,2,3],[1,2,4],[1,3,5],[1,4,6],[1,5,6],
 [2,3,6],[2,4,7],[2,5,7],[2,5,8],[2,6,9],[2,8,10],[2,9,10],[3,5,10],
 [3,6,7],[3,7,9],[3,9,10],[4,5,8],[4,5,10],[4,6,9],[4,7,10],[4,8,9],
 [5,6,7],[7,8,9],[7,8,10]]

manifold_lex_d2_n10_o1_g2_#411=[[1,2,3],[1,2,4],[1,3,5],[1,4,6],[1,5,6],
 [2,3,6],[2,4,7],[2,5,7],[2,5,8],[2,6,9],[2,8,10],[2,9,10],[3,5,10],
 [3,6,7],[3,7,9],[3,9,10],[4,5,9],[4,5,10],[4,6,9],[4,7,8],[4,8,10],
 [5,6,7],[5,8,9],[7,8,9]]

manifold_lex_d2_n10_o1_g2_#412=[[1,2,3],[1,2,4],[1,3,5],[1,4,6],[1,5,6],
 [2,3,6],[2,4,7],[2,5,7],[2,5,8],[2,6,9],[2,8,10],[2,9,10],[3,5,10],
 [3,6,7],[3,7,10],[4,5,9],[4,5,10],[4,6,9],[4,7,8],[4,8,10],[5,6,7],
 [5,8,9],[7,8,9],[7,9,10]]

manifold_lex_d2_n10_o1_g2_#413=[[1,2,3],[1,2,4],[1,3,5],[1,4,6],[1,5,6],
 [2,3,6],[2,4,7],[2,5,7],[2,5,8],[2,6,9],[2,8,10],[2,9,10],[3,5,10],
 [3,6,8],[3,8,9],[3,9,10],[4,5,8],[4,5,10],[4,6,9],[4,7,10],[4,8,9],
 [5,6,7],[6,7,8],[7,8,10]]

manifold_lex_d2_n10_o1_g2_#414=[[1,2,3],[1,2,4],[1,3,5],[1,4,6],[1,5,6],
 [2,3,6],[2,4,7],[2,5,7],[2,5,8],[2,6,9],[2,8,10],[2,9,10],[3,5,10],
 [3,6,8],[3,8,9],[3,9,10],[4,5,9],[4,5,10],[4,6,9],[4,7,8],[4,8,10],
 [5,6,7],[5,8,9],[6,7,8]]

manifold_lex_d2_n10_o1_g2_#415=[[1,2,3],[1,2,4],[1,3,5],[1,4,6],[1,5,6],
 [2,3,6],[2,4,7],[2,5,7],[2,5,8],[2,6,9],[2,8,10],[2,9,10],[3,5,10],
 [3,6,8],[3,8,9],[3,9,10],[4,5,9],[4,5,10],[4,6,9],[4,7,10],[5,6,7],
 [5,8,9],[6,7,8],[7,8,10]]

manifold_lex_d2_n10_o1_g2_#416=[[1,2,3],[1,2,4],[1,3,5],[1,4,6],[1,5,6],
 [2,3,6],[2,4,7],[2,5,7],[2,5,8],[2,6,9],[2,8,10],[2,9,10],[3,5,10],
 [3,6,10],[4,5,9],[4,5,10],[4,6,9],[4,7,8],[4,8,10],[5,6,7],[5,8,9],
 [6,7,10],[7,8,9],[7,9,10]]

manifold_lex_d2_n10_o1_g2_#417=[[1,2,3],[1,2,4],[1,3,5],[1,4,6],[1,5,6],
 [2,3,6],[2,4,7],[2,5,8],[2,5,9],[2,6,8],[2,7,9],[3,4,7],[3,4,9],
 [3,5,8],[3,6,7],[3,8,9],[4,5,9],[4,5,10],[4,6,8],[4,8,10],[5,6,7],
 [5,7,10],[7,9,10],[8,9,10]]

manifold_lex_d2_n10_o1_g2_#418=[[1,2,3],[1,2,4],[1,3,5],[1,4,6],[1,5,6],
 [2,3,6],[2,4,7],[2,5,8],[2,5,9],[2,6,8],[2,7,9],[3,4,7],[3,4,9],
 [3,5,8],[3,6,7],[3,8,9],[4,5,9],[4,5,10],[4,6,8],[4,8,10],[5,6,10],
 [6,7,10],[7,8,9],[7,8,10]]

manifold_lex_d2_n10_o1_g2_#419=[[1,2,3],[1,2,4],[1,3,5],[1,4,6],[1,5,6],
 [2,3,6],[2,4,7],[2,5,8],[2,5,9],[2,6,8],[2,7,9],[3,4,7],[3,4,9],
 [3,5,8],[3,6,7],[3,8,9],[4,5,9],[4,5,10],[4,6,8],[4,8,10],[5,6,10],
 [6,7,10],[7,9,10],[8,9,10]]

manifold_lex_d2_n10_o1_g2_#420=[[1,2,3],[1,2,4],[1,3,5],[1,4,6],[1,5,6],
 [2,3,6],[2,4,7],[2,5,8],[2,5,9],[2,6,8],[2,7,9],[3,4,7],[3,4,9],
 [3,5,8],[3,6,7],[3,8,9],[4,6,8],[4,8,10],[4,9,10],[5,6,7],[5,7,10],
 [5,9,10],[7,8,9],[7,8,10]]

manifold_lex_d2_n10_o1_g2_#421=[[1,2,3],[1,2,4],[1,3,5],[1,4,6],[1,5,6],
 [2,3,6],[2,4,7],[2,5,8],[2,5,9],[2,6,8],[2,7,9],[3,4,7],[3,4,9],
 [3,5,8],[3,6,7],[3,8,9],[4,6,8],[4,8,10],[4,9,10],[5,6,10],[5,9,10],
 [6,7,10],[7,8,9],[7,8,10]]

manifold_lex_d2_n10_o1_g2_#422=[[1,2,3],[1,2,4],[1,3,5],[1,4,6],[1,5,6],
 [2,3,6],[2,4,7],[2,5,8],[2,5,9],[2,6,8],[2,7,9],[3,4,7],[3,4,9],
 [3,5,8],[3,6,7],[3,8,10],[3,9,10],[4,5,9],[4,5,10],[4,6,8],[4,8,10],
 [5,6,7],[5,7,10],[7,9,10]]

manifold_lex_d2_n10_o1_g2_#423=[[1,2,3],[1,2,4],[1,3,5],[1,4,6],[1,5,6],
 [2,3,6],[2,4,7],[2,5,8],[2,5,9],[2,6,8],[2,7,9],[3,4,7],[3,4,9],
 [3,5,8],[3,6,7],[3,8,10],[3,9,10],[4,5,9],[4,5,10],[4,6,8],[4,8,10],
 [5,6,10],[6,7,10],[7,9,10]]

manifold_lex_d2_n10_o1_g2_#424=[[1,2,3],[1,2,4],[1,3,5],[1,4,6],[1,5,6],
 [2,3,6],[2,4,7],[2,5,8],[2,5,9],[2,6,8],[2,7,9],[3,4,7],[3,4,9],
 [3,5,8],[3,6,7],[3,8,10],[3,9,10],[4,5,9],[4,5,10],[4,6,10],[5,6,7],
 [5,7,10],[6,8,10],[7,9,10]]

manifold_lex_d2_n10_o1_g2_#425=[[1,2,3],[1,2,4],[1,3,5],[1,4,6],[1,5,6],
 [2,3,6],[2,4,7],[2,5,8],[2,5,9],[2,6,8],[2,7,9],[3,4,7],[3,4,9],
 [3,5,8],[3,6,10],[3,7,10],[3,8,9],[4,5,9],[4,5,10],[4,6,8],[4,8,10],
 [5,6,10],[7,8,9],[7,8,10]]

manifold_lex_d2_n10_o1_g2_#426=[[1,2,3],[1,2,4],[1,3,5],[1,4,6],[1,5,6],
 [2,3,6],[2,4,7],[2,5,8],[2,5,9],[2,6,8],[2,7,9],[3,4,7],[3,4,9],
 [3,5,8],[3,6,10],[3,7,10],[3,8,9],[4,6,8],[4,8,10],[4,9,10],[5,6,9],
 [6,9,10],[7,8,9],[7,8,10]]

manifold_lex_d2_n10_o1_g2_#427=[[1,2,3],[1,2,4],[1,3,5],[1,4,6],[1,5,6],
 [2,3,6],[2,4,7],[2,5,8],[2,5,9],[2,6,8],[2,7,9],[3,4,7],[3,4,9],
 [3,5,8],[3,6,10],[3,7,10],[3,8,9],[4,6,8],[4,8,10],[4,9,10],[5,6,10],
 [5,9,10],[7,8,9],[7,8,10]]

manifold_lex_d2_n10_o1_g2_#428=[[1,2,3],[1,2,4],[1,3,5],[1,4,6],[1,5,6],
 [2,3,6],[2,4,7],[2,5,8],[2,5,9],[2,6,8],[2,7,9],[3,4,7],[3,4,10],
 [3,5,8],[3,6,7],[3,8,9],[3,9,10],[4,6,8],[4,8,10],[5,6,7],[5,7,10],
 [5,9,10],[7,8,9],[7,8,10]]

manifold_lex_d2_n10_o1_g2_#429=[[1,2,3],[1,2,4],[1,3,5],[1,4,6],[1,5,6],
 [2,3,6],[2,4,7],[2,5,8],[2,5,9],[2,6,8],[2,7,9],[3,4,7],[3,4,10],
 [3,5,8],[3,6,7],[3,8,9],[3,9,10],[4,6,8],[4,8,10],[5,6,9],[6,7,10],
 [6,9,10],[7,8,9],[7,8,10]]

manifold_lex_d2_n10_o1_g2_#430=[[1,2,3],[1,2,4],[1,3,5],[1,4,6],[1,5,6],
 [2,3,6],[2,4,7],[2,5,8],[2,5,9],[2,6,8],[2,7,9],[3,4,7],[3,4,10],
 [3,5,8],[3,6,7],[3,8,9],[3,9,10],[4,6,8],[4,8,10],[5,6,10],[5,9,10],
 [6,7,10],[7,8,9],[7,8,10]]

manifold_lex_d2_n10_o1_g2_#431=[[1,2,3],[1,2,4],[1,3,5],[1,4,6],[1,5,6],
 [2,3,6],[2,4,7],[2,5,8],[2,5,9],[2,6,8],[2,7,9],[3,4,7],[3,4,10],
 [3,5,8],[3,6,7],[3,8,9],[3,9,10],[4,6,10],[5,6,7],[5,7,10],[5,9,10],
 [6,8,10],[7,8,9],[7,8,10]]

manifold_lex_d2_n10_o1_g2_#432=[[1,2,3],[1,2,4],[1,3,5],[1,4,6],[1,5,6],
 [2,3,6],[2,4,7],[2,5,8],[2,5,9],[2,6,8],[2,7,9],[3,4,8],[3,4,9],
 [3,5,7],[3,6,9],[3,7,10],[3,8,10],[4,5,7],[4,5,10],[4,6,8],[4,9,10],
 [5,6,9],[5,8,10],[7,9,10]]

manifold_lex_d2_n10_o1_g2_#433=[[1,2,3],[1,2,4],[1,3,5],[1,4,6],[1,5,6],
 [2,3,6],[2,4,7],[2,5,8],[2,5,9],[2,6,8],[2,7,9],[3,4,8],[3,4,9],
 [3,5,10],[3,6,9],[3,7,8],[3,7,10],[4,6,8],[4,7,10],[4,9,10],[5,6,9],
 [5,8,10],[7,8,9],[8,9,10]]

manifold_lex_d2_n10_o1_g2_#434=[[1,2,3],[1,2,4],[1,3,5],[1,4,6],[1,5,6],
 [2,3,6],[2,4,7],[2,5,8],[2,5,9],[2,6,8],[2,7,9],[3,4,8],[3,4,10],
 [3,5,7],[3,6,9],[3,7,8],[3,9,10],[4,5,7],[4,5,10],[4,6,8],[5,6,9],
 [5,8,10],[7,8,9],[8,9,10]]

manifold_lex_d2_n10_o1_g2_#435=[[1,2,3],[1,2,4],[1,3,5],[1,4,6],[1,5,6],
 [2,3,6],[2,4,7],[2,5,8],[2,5,9],[2,6,8],[2,7,9],[3,4,8],[3,4,10],
 [3,5,7],[3,6,9],[3,7,8],[3,9,10],[4,5,7],[4,5,10],[4,6,8],[5,6,9],
 [5,8,10],[7,8,10],[7,9,10]]

manifold_lex_d2_n10_o1_g2_#436=[[1,2,3],[1,2,4],[1,3,5],[1,4,6],[1,5,6],
 [2,3,6],[2,4,7],[2,5,8],[2,5,9],[2,6,8],[2,7,9],[3,4,8],[3,4,10],
 [3,5,7],[3,6,9],[3,7,8],[3,9,10],[4,6,8],[4,7,10],[5,6,9],[5,7,10],
 [5,8,10],[7,8,9],[8,9,10]]

manifold_lex_d2_n10_o1_g2_#437=[[1,2,3],[1,2,4],[1,3,5],[1,4,6],[1,5,6],
 [2,3,6],[2,4,7],[2,5,8],[2,5,9],[2,6,8],[2,7,9],[3,4,8],[3,4,10],
 [3,5,7],[3,6,9],[3,7,10],[3,8,9],[4,5,7],[4,5,8],[4,6,10],[5,6,9],
 [6,8,10],[7,8,9],[7,8,10]]

manifold_lex_d2_n10_o1_g2_#438=[[1,2,3],[1,2,4],[1,3,5],[1,4,6],[1,5,6],
 [2,3,6],[2,4,7],[2,5,8],[2,5,9],[2,6,8],[2,7,9],[3,4,8],[3,4,10],
 [3,5,7],[3,6,9],[3,7,10],[3,8,9],[4,5,7],[4,5,8],[4,6,10],[5,6,9],
 [6,8,10],[7,9,10],[8,9,10]]

manifold_lex_d2_n10_o1_g2_#439=[[1,2,3],[1,2,4],[1,3,5],[1,4,6],[1,5,6],
 [2,3,6],[2,4,7],[2,5,8],[2,5,9],[2,6,8],[2,7,9],[3,4,8],[3,4,10],
 [3,5,7],[3,6,9],[3,7,10],[3,8,9],[4,6,10],[4,7,8],[5,6,9],[5,7,8],
 [6,8,10],[7,9,10],[8,9,10]]

manifold_lex_d2_n10_o1_g2_#440=[[1,2,3],[1,2,4],[1,3,5],[1,4,6],[1,5,6],
 [2,3,6],[2,4,7],[2,5,8],[2,5,9],[2,6,8],[2,7,9],[3,4,8],[3,4,10],
 [3,5,7],[3,6,10],[3,7,8],[4,5,7],[4,5,10],[4,6,8],[5,6,9],[5,8,10],
 [6,9,10],[7,8,9],[8,9,10]]

manifold_lex_d2_n10_o1_g2_#441=[[1,2,3],[1,2,4],[1,3,5],[1,4,6],[1,5,6],
 [2,3,6],[2,4,7],[2,5,8],[2,5,9],[2,6,8],[2,7,9],[3,4,8],[3,4,10],
 [3,5,7],[3,6,10],[3,7,8],[4,5,7],[4,5,10],[4,6,8],[5,6,9],[5,8,10],
 [6,9,10],[7,8,10],[7,9,10]]

manifold_lex_d2_n10_o1_g2_#442=[[1,2,3],[1,2,4],[1,3,5],[1,4,6],[1,5,6],
 [2,3,6],[2,4,7],[2,5,8],[2,5,9],[2,6,8],[2,7,9],[3,4,8],[3,4,10],
 [3,5,7],[3,6,10],[3,7,8],[4,6,8],[4,7,10],[5,6,9],[5,7,10],[5,8,10],
 [6,9,10],[7,8,9],[8,9,10]]

manifold_lex_d2_n10_o1_g2_#443=[[1,2,3],[1,2,4],[1,3,5],[1,4,6],[1,5,6],
 [2,3,6],[2,4,7],[2,5,8],[2,5,9],[2,6,8],[2,7,9],[3,4,8],[3,4,10],
 [3,5,7],[3,6,10],[3,7,9],[3,8,9],[4,6,8],[4,7,10],[5,6,9],[5,7,8],
 [6,9,10],[7,8,10],[8,9,10]]

manifold_lex_d2_n10_o1_g2_#444=[[1,2,3],[1,2,4],[1,3,5],[1,4,6],[1,5,6],
 [2,3,6],[2,4,7],[2,5,8],[2,5,9],[2,6,8],[2,7,9],[3,4,8],[3,4,10],
 [3,5,7],[3,6,10],[3,7,9],[3,8,9],[4,6,8],[4,7,10],[5,6,9],[5,7,10],
 [5,8,10],[6,9,10],[8,9,10]]

manifold_lex_d2_n10_o1_g2_#445=[[1,2,3],[1,2,4],[1,3,5],[1,4,6],[1,5,6],
 [2,3,6],[2,4,7],[2,5,8],[2,5,9],[2,6,8],[2,7,9],[3,4,8],[3,4,10],
 [3,5,7],[3,6,10],[3,7,9],[3,8,9],[4,6,8],[4,7,10],[5,6,10],[5,7,8],
 [5,9,10],[7,8,10],[8,9,10]]

manifold_lex_d2_n10_o1_g2_#446=[[1,2,3],[1,2,4],[1,3,5],[1,4,6],[1,5,6],
 [2,3,6],[2,4,7],[2,5,8],[2,5,9],[2,6,8],[2,7,9],[3,4,9],[3,4,10],
 [3,5,7],[3,6,10],[3,7,9],[4,6,8],[4,7,10],[4,8,9],[5,6,9],[5,7,8],
 [6,9,10],[7,8,10],[8,9,10]]

manifold_lex_d2_n10_o1_g2_#447=[[1,2,3],[1,2,4],[1,3,5],[1,4,6],[1,5,6],
 [2,3,6],[2,4,7],[2,5,8],[2,5,9],[2,6,8],[2,7,9],[3,4,9],[3,4,10],
 [3,5,7],[3,6,10],[3,7,9],[4,6,8],[4,7,10],[4,8,9],[5,6,9],[5,7,10],
 [5,8,10],[6,9,10],[8,9,10]]

manifold_lex_d2_n10_o1_g2_#448=[[1,2,3],[1,2,4],[1,3,5],[1,4,6],[1,5,6],
 [2,3,6],[2,4,7],[2,5,8],[2,5,9],[2,6,8],[2,7,9],[3,4,9],[3,4,10],
 [3,5,7],[3,6,10],[3,7,9],[4,6,8],[4,7,10],[4,8,9],[5,6,10],[5,7,8],
 [5,9,10],[7,8,10],[8,9,10]]

manifold_lex_d2_n10_o1_g2_#449=[[1,2,3],[1,2,4],[1,3,5],[1,4,6],[1,5,6],
 [2,3,6],[2,4,7],[2,5,8],[2,5,9],[2,6,8],[2,7,9],[3,4,9],[3,4,10],
 [3,5,8],[3,6,9],[3,7,8],[3,7,10],[4,6,10],[4,7,8],[4,8,9],[5,6,9],
 [6,8,10],[7,9,10],[8,9,10]]

manifold_lex_d2_n10_o1_g2_#450=[[1,2,3],[1,2,4],[1,3,5],[1,4,6],[1,5,6],
 [2,3,6],[2,4,7],[2,5,8],[2,5,9],[2,6,8],[2,7,9],[3,4,9],[3,4,10],
 [3,5,8],[3,6,10],[3,7,8],[3,7,9],[4,6,8],[4,7,10],[4,8,9],[5,6,9],
 [6,9,10],[7,8,10],[8,9,10]]

manifold_lex_d2_n10_o1_g2_#451=[[1,2,3],[1,2,4],[1,3,5],[1,4,6],[1,5,6],
 [2,3,6],[2,4,7],[2,5,8],[2,5,9],[2,6,8],[2,7,9],[3,4,9],[3,4,10],
 [3,5,8],[3,6,10],[3,7,8],[3,7,9],[4,6,8],[4,7,10],[4,8,9],[5,6,10],
 [5,9,10],[7,8,10],[8,9,10]]

manifold_lex_d2_n10_o1_g2_#452=[[1,2,3],[1,2,4],[1,3,5],[1,4,6],[1,5,6],
 [2,3,6],[2,4,7],[2,5,8],[2,5,9],[2,6,8],[2,7,9],[3,4,9],[3,4,10],
 [3,5,8],[3,6,10],[3,7,8],[3,7,9],[4,6,9],[4,7,10],[5,6,10],[5,9,10],
 [6,8,9],[7,8,10],[8,9,10]]

manifold_lex_d2_n10_o1_g2_#453=[[1,2,3],[1,2,4],[1,3,5],[1,4,6],[1,5,6],
 [2,3,6],[2,4,7],[2,5,8],[2,5,9],[2,6,8],[2,7,9],[3,5,7],[3,6,9],
 [3,7,10],[3,8,9],[3,8,10],[4,5,7],[4,5,10],[4,6,8],[4,8,9],[4,9,10],
 [5,6,9],[5,8,10],[7,9,10]]

manifold_lex_d2_n10_o1_g2_#454=[[1,2,3],[1,2,4],[1,3,5],[1,4,6],[1,5,6],
 [2,3,6],[2,4,7],[2,5,8],[2,5,9],[2,6,8],[2,7,9],[3,5,7],[3,6,9],
 [3,7,10],[3,8,9],[3,8,10],[4,5,7],[4,5,10],[4,6,10],[5,6,9],[5,8,10],
 [6,7,8],[6,7,10],[7,8,9]]

manifold_lex_d2_n10_o1_g2_#455=[[1,2,3],[1,2,4],[1,3,5],[1,4,6],[1,5,6],
 [2,3,6],[2,4,7],[2,5,8],[2,5,9],[2,6,8],[2,7,9],[3,5,7],[3,6,9],
 [3,7,10],[3,9,10],[4,5,7],[4,5,8],[4,6,10],[4,8,9],[4,9,10],[5,6,9],
 [6,8,10],[7,8,9],[7,8,10]]

manifold_lex_d2_n10_o1_g2_#456=[[1,2,3],[1,2,4],[1,3,5],[1,4,6],[1,5,6],
 [2,3,6],[2,4,7],[2,5,8],[2,5,9],[2,6,8],[2,7,9],[3,5,7],[3,6,9],
 [3,7,10],[3,9,10],[4,5,7],[4,5,8],[4,6,10],[4,8,10],[5,6,9],[6,7,8],
 [6,7,10],[7,8,9],[8,9,10]]

manifold_lex_d2_n10_o1_g2_#457=[[1,2,3],[1,2,4],[1,3,5],[1,4,6],[1,5,6],
 [2,3,6],[2,4,7],[2,5,8],[2,5,9],[2,6,8],[2,7,9],[3,5,7],[3,6,9],
 [3,7,10],[3,9,10],[4,5,7],[4,5,10],[4,6,10],[5,6,9],[5,8,10],[6,7,8],
 [6,7,10],[7,8,9],[8,9,10]]

manifold_lex_d2_n10_o1_g2_#458=[[1,2,3],[1,2,4],[1,3,5],[1,4,6],[1,5,6],
 [2,3,6],[2,4,7],[2,5,8],[2,5,9],[2,6,8],[2,7,9],[3,5,8],[3,6,7],
 [3,7,8],[4,5,9],[4,5,10],[4,6,10],[4,7,8],[4,8,9],[5,6,7],[5,7,10],
 [6,8,10],[7,9,10],[8,9,10]]

manifold_lex_d2_n10_o1_g2_#459=[[1,2,3],[1,2,4],[1,3,5],[1,4,6],[1,5,6],
 [2,3,6],[2,4,7],[2,5,8],[2,5,9],[2,6,8],[2,7,9],[3,5,10],[3,6,9],
 [3,8,9],[3,8,10],[4,5,7],[4,5,8],[4,6,10],[4,8,10],[5,6,9],[5,7,10],
 [6,7,8],[6,7,10],[7,8,9]]

manifold_lex_d2_n10_o1_g2_#460=[[1,2,3],[1,2,4],[1,3,5],[1,4,6],[1,5,6],
 [2,3,6],[2,4,7],[2,5,8],[2,5,9],[2,6,8],[2,7,9],[3,5,10],[3,6,9],
 [3,9,10],[4,5,7],[4,5,8],[4,6,10],[4,8,9],[4,9,10],[5,6,9],[5,7,10],
 [6,7,8],[6,7,10],[7,8,9]]

manifold_lex_d2_n10_o1_g2_#461=[[1,2,3],[1,2,4],[1,3,5],[1,4,6],[1,5,6],
 [2,3,6],[2,4,7],[2,5,8],[2,5,9],[2,6,8],[2,7,9],[3,5,10],[3,6,9],
 [3,9,10],[4,5,7],[4,5,8],[4,6,10],[4,8,9],[4,9,10],[5,6,9],[5,7,10],
 [6,8,10],[7,8,9],[7,8,10]]

manifold_lex_d2_n10_o1_g2_#462=[[1,2,3],[1,2,4],[1,3,5],[1,4,6],[1,5,6],
 [2,3,6],[2,4,7],[2,5,8],[2,5,9],[2,6,8],[2,7,9],[3,5,10],[3,6,9],
 [3,9,10],[4,5,7],[4,5,8],[4,6,10],[4,8,10],[5,6,9],[5,7,10],[6,7,8],
 [6,7,10],[7,8,9],[8,9,10]]

manifold_lex_d2_n10_o1_g2_#463=[[1,2,3],[1,2,4],[1,3,5],[1,4,6],[1,5,6],
 [2,3,6],[2,4,7],[2,5,8],[2,5,9],[2,6,8],[2,7,10],[2,9,10],[3,4,7],
 [3,4,8],[3,5,10],[3,6,7],[3,8,9],[3,9,10],[4,6,8],[5,6,7],[5,7,9],
 [5,8,10],[7,8,9],[7,8,10]]

manifold_lex_d2_n10_o1_g2_#464=[[1,2,3],[1,2,4],[1,3,5],[1,4,6],[1,5,6],
 [2,3,6],[2,4,7],[2,5,8],[2,5,9],[2,6,8],[2,7,10],[2,9,10],[3,4,7],
 [3,4,8],[3,5,10],[3,6,7],[3,8,9],[3,9,10],[4,6,8],[5,6,9],[5,8,10],
 [6,7,9],[7,8,9],[7,8,10]]

manifold_lex_d2_n10_o1_g2_#465=[[1,2,3],[1,2,4],[1,3,5],[1,4,6],[1,5,6],
 [2,3,6],[2,4,7],[2,5,8],[2,5,9],[2,6,8],[2,7,10],[2,9,10],[3,4,7],
 [3,4,8],[3,5,10],[3,6,9],[3,7,9],[3,8,10],[4,6,8],[5,6,9],[5,7,8],
 [5,7,10],[7,8,9],[8,9,10]]

manifold_lex_d2_n10_o1_g2_#466=[[1,2,3],[1,2,4],[1,3,5],[1,4,6],[1,5,6],
 [2,3,6],[2,4,7],[2,5,8],[2,5,9],[2,6,8],[2,7,10],[2,9,10],[3,4,7],
 [3,4,10],[3,5,8],[3,6,9],[3,7,9],[3,8,10],[4,6,8],[4,8,9],[4,9,10],
 [5,6,9],[7,8,9],[7,8,10]]

manifold_lex_d2_n10_o1_g2_#467=[[1,2,3],[1,2,4],[1,3,5],[1,4,6],[1,5,6],
 [2,3,6],[2,4,7],[2,5,8],[2,5,9],[2,6,8],[2,7,10],[2,9,10],[3,4,8],
 [3,4,9],[3,5,7],[3,6,9],[3,7,10],[3,8,10],[4,5,7],[4,5,10],[4,6,8],
 [4,9,10],[5,6,9],[5,8,10]]

manifold_lex_d2_n10_o1_g2_#468=[[1,2,3],[1,2,4],[1,3,5],[1,4,6],[1,5,6],
 [2,3,6],[2,4,7],[2,5,8],[2,5,9],[2,6,8],[2,7,10],[2,9,10],[3,4,8],
 [3,4,10],[3,5,7],[3,6,9],[3,7,8],[3,9,10],[4,5,7],[4,5,10],[4,6,8],
 [5,6,9],[5,8,10],[7,8,10]]

manifold_lex_d2_n10_o1_g2_#469=[[1,2,3],[1,2,4],[1,3,5],[1,4,6],[1,5,6],
 [2,3,6],[2,4,7],[2,5,8],[2,5,9],[2,6,8],[2,7,10],[2,9,10],[3,4,8],
 [3,4,10],[3,5,7],[3,6,9],[3,7,10],[3,8,9],[4,6,10],[4,7,8],[5,6,9],
 [5,7,8],[6,8,10],[8,9,10]]

manifold_lex_d2_n10_o1_g2_#470=[[1,2,3],[1,2,4],[1,3,5],[1,4,6],[1,5,6],
 [2,3,6],[2,4,7],[2,5,8],[2,5,9],[2,6,8],[2,7,10],[2,9,10],[3,5,7],
 [3,6,7],[4,5,7],[4,5,10],[4,6,8],[4,8,9],[4,9,10],[5,6,9],[5,8,10],
 [6,7,9],[7,8,9],[7,8,10]]

manifold_lex_d2_n10_o1_g2_#471=[[1,2,3],[1,2,4],[1,3,5],[1,4,6],[1,5,6],
 [2,3,6],[2,4,7],[2,5,8],[2,5,9],[2,6,8],[2,7,10],[2,9,10],[3,5,7],
 [3,6,9],[3,7,8],[3,8,9],[4,5,7],[4,5,10],[4,6,8],[4,8,9],[4,9,10],
 [5,6,9],[5,8,10],[7,8,10]]

manifold_lex_d2_n10_o1_g2_#472=[[1,2,3],[1,2,4],[1,3,5],[1,4,6],[1,5,6],
 [2,3,6],[2,4,7],[2,5,8],[2,5,9],[2,6,8],[2,7,10],[2,9,10],[3,5,7],
 [3,6,9],[3,7,9],[4,5,7],[4,5,10],[4,6,8],[4,8,9],[4,9,10],[5,6,9],
 [5,8,10],[7,8,9],[7,8,10]]

manifold_lex_d2_n10_o1_g2_#473=[[1,2,3],[1,2,4],[1,3,5],[1,4,6],[1,5,6],
 [2,3,6],[2,4,7],[2,5,8],[2,5,9],[2,6,8],[2,7,10],[2,9,10],[3,5,7],
 [3,6,9],[3,7,10],[3,8,9],[3,8,10],[4,5,7],[4,5,10],[4,6,8],[4,8,9],
 [4,9,10],[5,6,9],[5,8,10]]

manifold_lex_d2_n10_o1_g2_#474=[[1,2,3],[1,2,4],[1,3,5],[1,4,6],[1,5,6],
 [2,3,6],[2,4,7],[2,5,8],[2,5,9],[2,6,8],[2,7,10],[2,9,10],[3,5,7],
 [3,6,10],[3,7,10],[4,5,9],[4,5,10],[4,6,8],[4,7,9],[4,8,10],[5,6,10],
 [5,7,8],[7,8,9],[8,9,10]]

manifold_lex_d2_n10_o1_g2_#475=[[1,2,3],[1,2,4],[1,3,5],[1,4,6],[1,5,6],
 [2,3,6],[2,4,7],[2,5,8],[2,5,9],[2,6,8],[2,7,10],[2,9,10],[3,5,8],
 [3,6,7],[3,7,8],[4,5,7],[4,5,10],[4,6,8],[4,8,9],[4,9,10],[5,6,10],
 [5,7,9],[6,7,10],[7,8,9]]

manifold_lex_d2_n10_o1_g2_#476=[[1,2,3],[1,2,4],[1,3,5],[1,4,6],[1,5,6],
 [2,3,6],[2,4,7],[2,5,8],[2,5,9],[2,6,8],[2,7,10],[2,9,10],[3,5,8],
 [3,6,7],[3,7,8],[4,5,7],[4,5,10],[4,6,9],[4,9,10],[5,6,10],[5,7,9],
 [6,7,10],[6,8,9],[7,8,9]]

manifold_lex_d2_n10_o1_g2_#477=[[1,2,3],[1,2,4],[1,3,5],[1,4,6],[1,5,6],
 [2,3,6],[2,4,7],[2,5,8],[2,5,9],[2,6,8],[2,7,10],[2,9,10],[3,5,8],
 [3,6,7],[3,7,8],[4,5,9],[4,5,10],[4,6,8],[4,7,9],[4,8,10],[5,6,7],
 [5,7,10],[7,8,9],[8,9,10]]

manifold_lex_d2_n10_o1_g2_#478=[[1,2,3],[1,2,4],[1,3,5],[1,4,6],[1,5,6],
 [2,3,6],[2,4,7],[2,5,8],[2,5,9],[2,6,8],[2,7,10],[2,9,10],[3,5,8],
 [3,6,7],[3,7,8],[4,5,9],[4,5,10],[4,6,8],[4,7,9],[4,8,10],[5,6,10],
 [6,7,10],[7,8,9],[8,9,10]]

manifold_lex_d2_n10_o1_g2_#479=[[1,2,3],[1,2,4],[1,3,5],[1,4,6],[1,5,6],
 [2,3,6],[2,4,7],[2,5,8],[2,5,9],[2,6,8],[2,7,10],[2,9,10],[3,5,8],
 [3,6,7],[3,7,8],[4,5,9],[4,5,10],[4,6,10],[4,7,8],[4,8,9],[5,6,7],
 [5,7,10],[6,8,9],[6,9,10]]

manifold_lex_d2_n10_o1_g2_#480=[[1,2,3],[1,2,4],[1,3,5],[1,4,6],[1,5,6],
 [2,3,6],[2,4,7],[2,5,8],[2,5,9],[2,6,8],[2,7,10],[2,9,10],[3,5,8],
 [3,6,7],[3,7,8],[4,5,9],[4,5,10],[4,6,10],[4,7,9],[5,6,7],[5,7,10],
 [6,8,9],[6,9,10],[7,8,9]]

manifold_lex_d2_n10_o1_g2_#481=[[1,2,3],[1,2,4],[1,3,5],[1,4,6],[1,5,6],
 [2,3,6],[2,4,7],[2,5,8],[2,5,9],[2,6,8],[2,7,10],[2,9,10],[3,5,8],
 [3,6,7],[3,7,8],[4,5,9],[4,5,10],[4,6,10],[4,7,9],[5,6,7],[5,7,10],
 [6,8,10],[7,8,9],[8,9,10]]

manifold_lex_d2_n10_o1_g2_#482=[[1,2,3],[1,2,4],[1,3,5],[1,4,6],[1,5,6],
 [2,3,6],[2,4,7],[2,5,8],[2,5,9],[2,6,8],[2,7,10],[2,9,10],[3,5,8],
 [3,6,7],[3,7,9],[3,8,9],[4,5,7],[4,5,10],[4,6,8],[4,8,9],[4,9,10],
 [5,6,10],[5,7,9],[6,7,10]]

manifold_lex_d2_n10_o1_g2_#483=[[1,2,3],[1,2,4],[1,3,5],[1,4,6],[1,5,6],
 [2,3,6],[2,4,7],[2,5,8],[2,5,9],[2,6,8],[2,7,10],[2,9,10],[3,5,8],
 [3,6,7],[3,7,9],[3,8,9],[4,5,7],[4,5,10],[4,6,8],[4,8,10],[5,6,10],
 [5,7,9],[6,7,10],[8,9,10]]

manifold_lex_d2_n10_o1_g2_#484=[[1,2,3],[1,2,4],[1,3,5],[1,4,6],[1,5,6],
 [2,3,6],[2,4,7],[2,5,8],[2,5,9],[2,6,8],[2,7,10],[2,9,10],[3,5,8],
 [3,6,7],[3,7,9],[3,8,9],[4,5,9],[4,5,10],[4,6,8],[4,7,9],[4,8,10],
 [5,6,7],[5,7,10],[8,9,10]]

manifold_lex_d2_n10_o1_g2_#485=[[1,2,3],[1,2,4],[1,3,5],[1,4,6],[1,5,6],
 [2,3,6],[2,4,7],[2,5,8],[2,5,9],[2,6,8],[2,7,10],[2,9,10],[3,5,8],
 [3,6,7],[3,7,9],[3,8,9],[4,5,9],[4,5,10],[4,6,8],[4,7,9],[4,8,10],
 [5,6,10],[6,7,10],[8,9,10]]

manifold_lex_d2_n10_o1_g2_#486=[[1,2,3],[1,2,4],[1,3,5],[1,4,6],[1,5,6],
 [2,3,6],[2,4,7],[2,5,8],[2,5,9],[2,6,8],[2,7,10],[2,9,10],[3,5,8],
 [3,6,7],[3,7,9],[3,8,9],[4,5,9],[4,5,10],[4,6,10],[4,7,9],[5,6,7],
 [5,7,10],[6,8,10],[8,9,10]]

manifold_lex_d2_n10_o1_g2_#487=[[1,2,3],[1,2,4],[1,3,5],[1,4,6],[1,5,6],
 [2,3,6],[2,4,7],[2,5,8],[2,5,9],[2,6,8],[2,7,10],[2,9,10],[3,5,8],
 [3,6,7],[3,7,9],[3,8,10],[3,9,10],[4,5,9],[4,5,10],[4,6,8],[4,7,9],
 [4,8,10],[5,6,7],[5,7,10]]

manifold_lex_d2_n10_o1_g2_#488=[[1,2,3],[1,2,4],[1,3,5],[1,4,6],[1,5,6],
 [2,3,6],[2,4,7],[2,5,8],[2,5,9],[2,6,8],[2,7,10],[2,9,10],[3,5,8],
 [3,6,7],[3,7,9],[3,8,10],[3,9,10],[4,5,9],[4,5,10],[4,6,8],[4,7,9],
 [4,8,10],[5,6,10],[6,7,10]]

manifold_lex_d2_n10_o1_g2_#489=[[1,2,3],[1,2,4],[1,3,5],[1,4,6],[1,5,6],
 [2,3,6],[2,4,7],[2,5,8],[2,5,9],[2,6,8],[2,7,10],[2,9,10],[3,5,8],
 [3,6,9],[3,8,9],[4,5,7],[4,5,10],[4,6,8],[4,8,9],[4,9,10],[5,6,10],
 [5,7,9],[6,7,9],[6,7,10]]

manifold_lex_d2_n10_o1_g2_#490=[[1,2,3],[1,2,4],[1,3,5],[1,4,6],[1,5,6],
 [2,3,6],[2,4,7],[2,5,8],[2,5,9],[2,6,8],[2,7,10],[2,9,10],[3,5,8],
 [3,6,9],[3,8,9],[4,5,7],[4,5,10],[4,6,8],[4,8,10],[5,6,10],[5,7,9],
 [6,7,9],[6,7,10],[8,9,10]]

manifold_lex_d2_n10_o1_g2_#491=[[1,2,3],[1,2,4],[1,3,5],[1,4,6],[1,5,6],
 [2,3,6],[2,4,7],[2,5,8],[2,5,9],[2,6,8],[2,7,10],[2,9,10],[3,5,8],
 [3,6,9],[3,8,9],[4,5,9],[4,5,10],[4,6,8],[4,7,9],[4,8,10],[5,6,7],
 [5,7,10],[6,7,9],[8,9,10]]

manifold_lex_d2_n10_o1_g2_#492=[[1,2,3],[1,2,4],[1,3,5],[1,4,6],[1,5,6],
 [2,3,6],[2,4,7],[2,5,8],[2,5,9],[2,6,8],[2,7,10],[2,9,10],[3,5,8],
 [3,6,9],[3,8,9],[4,5,9],[4,5,10],[4,6,10],[4,7,9],[5,6,7],[5,7,10],
 [6,7,9],[6,8,10],[8,9,10]]

manifold_lex_d2_n10_o1_g2_#493=[[1,2,3],[1,2,4],[1,3,5],[1,4,6],[1,5,6],
 [2,3,6],[2,4,7],[2,5,8],[2,5,9],[2,6,8],[2,7,10],[2,9,10],[3,5,8],
 [3,6,9],[3,8,10],[3,9,10],[4,5,7],[4,5,10],[4,6,8],[4,8,10],[5,6,10],
 [5,7,9],[6,7,9],[6,7,10]]

manifold_lex_d2_n10_o1_g2_#494=[[1,2,3],[1,2,4],[1,3,5],[1,4,6],[1,5,6],
 [2,3,6],[2,4,7],[2,5,8],[2,5,9],[2,6,8],[2,7,10],[2,9,10],[3,5,8],
 [3,6,9],[3,8,10],[3,9,10],[4,5,9],[4,5,10],[4,6,8],[4,7,9],[4,8,10],
 [5,6,7],[5,7,10],[6,7,9]]

manifold_lex_d2_n10_o1_g2_#495=[[1,2,3],[1,2,4],[1,3,5],[1,4,6],[1,5,6],
 [2,3,6],[2,4,7],[2,5,8],[2,5,9],[2,6,8],[2,7,10],[2,9,10],[3,5,8],
 [3,6,10],[3,7,8],[3,7,10],[4,5,7],[4,5,10],[4,6,8],[4,8,9],[4,9,10],
 [5,6,10],[5,7,9],[7,8,9]]

manifold_lex_d2_n10_o1_g2_#496=[[1,2,3],[1,2,4],[1,3,5],[1,4,6],[1,5,6],
 [2,3,6],[2,4,7],[2,5,8],[2,5,9],[2,6,8],[2,7,10],[2,9,10],[3,5,8],
 [3,6,10],[3,7,8],[3,7,10],[4,5,7],[4,5,10],[4,6,9],[4,9,10],[5,6,10],
 [5,7,9],[6,8,9],[7,8,9]]

manifold_lex_d2_n10_o1_g2_#497=[[1,2,3],[1,2,4],[1,3,5],[1,4,6],[1,5,6],
 [2,3,6],[2,4,7],[2,5,8],[2,5,9],[2,6,8],[2,7,10],[2,9,10],[3,5,8],
 [3,6,10],[3,7,8],[3,7,10],[4,5,9],[4,5,10],[4,6,8],[4,7,9],[4,8,10],
 [5,6,10],[7,8,9],[8,9,10]]

manifold_lex_d2_n10_o1_g2_#498=[[1,2,3],[1,2,4],[1,3,5],[1,4,6],[1,5,6],
 [2,3,6],[2,4,7],[2,5,8],[2,5,9],[2,6,8],[2,7,10],[2,9,10],[3,5,8],
 [3,6,10],[3,7,9],[3,7,10],[3,8,9],[4,5,7],[4,5,10],[4,6,8],[4,8,9],
 [4,9,10],[5,6,10],[5,7,9]]

manifold_lex_d2_n10_o1_g2_#499=[[1,2,3],[1,2,4],[1,3,5],[1,4,6],[1,5,6],
 [2,3,6],[2,4,7],[2,5,8],[2,5,9],[2,6,8],[2,7,10],[2,9,10],[3,5,8],
 [3,6,10],[3,7,9],[3,7,10],[3,8,9],[4,5,7],[4,5,10],[4,6,8],[4,8,10],
 [5,6,10],[5,7,9],[8,9,10]]

manifold_lex_d2_n10_o1_g2_#500=[[1,2,3],[1,2,4],[1,3,5],[1,4,6],[1,5,6],
 [2,3,6],[2,4,7],[2,5,8],[2,5,9],[2,6,8],[2,7,10],[2,9,10],[3,5,8],
 [3,6,10],[3,8,10],[4,5,7],[4,5,10],[4,6,8],[4,8,9],[4,9,10],[5,6,10],
 [5,7,9],[7,8,9],[7,8,10]]

manifold_lex_d2_n10_o1_g2_#501=[[1,2,3],[1,2,4],[1,3,5],[1,4,6],[1,5,6],
 [2,3,6],[2,4,7],[2,5,8],[2,5,9],[2,6,8],[2,7,10],[2,9,10],[3,5,8],
 [3,6,10],[3,8,10],[4,5,7],[4,5,10],[4,6,9],[4,9,10],[5,6,10],[5,7,9],
 [6,7,8],[6,7,9],[7,8,10]]

manifold_lex_d2_n10_o1_g2_#502=[[1,2,3],[1,2,4],[1,3,5],[1,4,6],[1,5,6],
 [2,3,6],[2,4,7],[2,5,8],[2,5,9],[2,6,8],[2,7,10],[2,9,10],[3,5,8],
 [3,6,10],[3,8,10],[4,5,7],[4,5,10],[4,6,9],[4,9,10],[5,6,10],[5,7,9],
 [6,8,9],[7,8,9],[7,8,10]]

manifold_lex_d2_n10_o1_g2_#503=[[1,2,3],[1,2,4],[1,3,5],[1,4,6],[1,5,6],
 [2,3,6],[2,4,7],[2,5,8],[2,5,9],[2,6,8],[2,7,10],[2,9,10],[3,5,8],
 [3,6,10],[3,8,10],[4,5,9],[4,5,10],[4,6,8],[4,7,9],[4,8,10],[5,6,7],
 [5,7,10],[6,7,9],[6,9,10]]

manifold_lex_d2_n10_o1_g2_#504=[[1,2,3],[1,2,4],[1,3,5],[1,4,6],[1,5,6],
 [2,3,6],[2,4,7],[2,5,8],[2,5,9],[2,6,10],[2,7,8],[2,9,10],[3,4,9],
 [3,4,10],[3,5,7],[3,6,8],[3,7,10],[3,8,9],[4,5,7],[4,5,9],[4,6,10],
 [5,6,8],[7,8,9],[7,9,10]]

manifold_lex_d2_n10_o1_g2_#505=[[1,2,3],[1,2,4],[1,3,5],[1,4,6],[1,5,6],
 [2,3,6],[2,4,7],[2,5,8],[2,5,9],[2,6,10],[2,7,8],[2,9,10],[3,4,9],
 [3,4,10],[3,5,7],[3,6,8],[3,7,10],[3,8,9],[4,5,7],[4,5,9],[4,6,10],
 [5,6,8],[7,8,10],[8,9,10]]

manifold_lex_d2_n10_o1_g2_#506=[[1,2,3],[1,2,4],[1,3,5],[1,4,6],[1,5,6],
 [2,3,6],[2,4,7],[2,5,8],[2,5,9],[2,6,10],[2,7,8],[2,9,10],[3,4,9],
 [3,4,10],[3,5,7],[3,6,8],[3,7,10],[3,8,9],[4,6,10],[4,7,9],[5,6,8],
 [5,7,9],[7,8,10],[8,9,10]]

manifold_lex_d2_n10_o1_g2_#507=[[1,2,3],[1,2,4],[1,3,5],[1,4,6],[1,5,6],
 [2,3,6],[2,4,7],[2,5,8],[2,5,9],[2,6,10],[2,7,8],[2,9,10],[3,5,7],
 [3,6,8],[3,7,9],[3,8,10],[3,9,10],[4,5,7],[4,5,9],[4,6,9],[5,6,8],
 [6,7,9],[6,7,10],[7,8,10]]

manifold_lex_d2_n10_o1_g2_#508=[[1,2,3],[1,2,4],[1,3,5],[1,4,6],[1,5,6],
 [2,3,6],[2,4,7],[2,5,8],[2,5,9],[2,6,10],[2,7,8],[2,9,10],[3,5,7],
 [3,6,8],[3,7,9],[3,8,10],[3,9,10],[4,5,7],[4,5,9],[4,6,10],[4,8,9],
 [4,8,10],[5,6,8],[7,8,9]]

manifold_lex_d2_n10_o1_g2_#509=[[1,2,3],[1,2,4],[1,3,5],[1,4,6],[1,5,6],
 [2,3,6],[2,4,7],[2,5,8],[2,5,9],[2,6,10],[2,7,8],[2,9,10],[3,5,7],
 [3,6,8],[3,7,10],[3,8,10],[4,5,7],[4,5,9],[4,6,10],[4,8,9],[4,8,10],
 [5,6,8],[7,8,9],[7,9,10]]

manifold_lex_d2_n10_o1_g2_#510=[[1,2,3],[1,2,4],[1,3,5],[1,4,6],[1,5,6],
 [2,3,6],[2,4,7],[2,5,8],[2,5,9],[2,6,10],[2,7,8],[2,9,10],[3,5,9],
 [3,6,7],[3,7,9],[4,5,8],[4,5,10],[4,6,10],[4,7,9],[4,8,9],[5,6,7],
 [5,7,10],[7,8,10],[8,9,10]]

manifold_lex_d2_n10_o1_g2_#511=[[1,2,3],[1,2,4],[1,3,5],[1,4,6],[1,5,6],
 [2,3,6],[2,4,7],[2,5,8],[2,5,9],[2,6,10],[2,7,8],[2,9,10],[3,5,10],
 [3,6,8],[3,8,10],[4,5,7],[4,5,9],[4,6,10],[4,8,9],[4,8,10],[5,6,8],
 [5,7,10],[7,8,9],[7,9,10]]

manifold_lex_d2_n10_o1_g2_#512=[[1,2,3],[1,2,4],[1,3,5],[1,4,6],[1,5,6],
 [2,3,6],[2,4,7],[2,6,8],[2,7,8],[3,5,9],[3,6,7],[3,7,10],[3,8,9],
 [3,8,10],[4,5,8],[4,5,9],[4,6,8],[4,7,10],[4,9,10],[5,6,10],[5,8,10],
 [6,7,9],[6,9,10],[7,8,9]]

manifold_lex_d2_n10_o1_g2_#513=[[1,2,3],[1,2,4],[1,3,5],[1,4,6],[1,5,6],
 [2,3,6],[2,4,7],[2,6,8],[2,7,8],[3,5,9],[3,6,7],[3,7,10],[3,8,9],
 [3,8,10],[4,5,8],[4,5,10],[4,6,9],[4,7,10],[4,8,9],[5,6,7],[5,7,8],
 [5,9,10],[6,8,10],[6,9,10]]

manifold_lex_d2_n10_o1_g2_#514=[[1,2,3],[1,2,4],[1,3,5],[1,4,6],[1,5,6],
 [2,3,6],[2,4,7],[2,6,8],[2,7,9],[2,8,9],[3,5,8],[3,6,9],[3,7,8],
 [3,7,9],[4,5,7],[4,5,9],[4,6,10],[4,9,10],[5,6,9],[5,7,10],[5,8,10],
 [6,7,8],[6,7,10],[8,9,10]]

manifold_lex_d2_n10_o1_g2_#515=[[1,2,3],[1,2,4],[1,3,5],[1,4,6],[1,5,6],
 [2,3,6],[2,4,7],[2,6,8],[2,7,9],[2,8,9],[3,5,9],[3,6,7],[3,7,10],
 [3,8,9],[3,8,10],[4,5,8],[4,5,9],[4,6,8],[4,7,10],[4,9,10],[5,6,10],
 [5,8,10],[6,7,9],[6,9,10]]

manifold_lex_d2_n10_o1_g2_#516=[[1,2,3],[1,2,4],[1,3,5],[1,4,6],[1,5,6],
 [2,3,6],[2,4,7],[2,6,8],[2,7,9],[2,8,9],[3,5,10],[3,6,7],[3,7,8],
 [3,8,9],[3,9,10],[4,5,7],[4,5,9],[4,6,8],[4,8,10],[4,9,10],[5,6,9],
 [5,7,10],[6,7,9],[7,8,10]]

manifold_lex_d2_n10_o1_g2_#517=[[1,2,3],[1,2,4],[1,3,5],[1,4,6],[1,5,6],
 [2,3,6],[2,4,7],[2,6,8],[2,7,9],[2,8,9],[3,5,10],[3,6,7],[3,7,8],
 [3,8,9],[3,9,10],[4,5,7],[4,5,9],[4,6,10],[4,9,10],[5,6,9],[5,7,8],
 [5,8,10],[6,7,9],[6,8,10]]

manifold_lex_d2_n10_o1_g2_#518=[[1,2,3],[1,2,4],[1,3,5],[1,4,6],[1,5,6],
 [2,3,6],[2,4,7],[2,6,8],[2,7,9],[2,8,9],[3,5,10],[3,6,7],[3,7,8],
 [3,8,9],[3,9,10],[4,5,7],[4,5,9],[4,6,10],[4,9,10],[5,6,9],[5,7,10],
 [6,7,9],[6,8,10],[7,8,10]]

manifold_lex_d2_n10_o1_g2_#519=[[1,2,3],[1,2,4],[1,3,5],[1,4,6],[1,5,6],
 [2,3,6],[2,4,7],[2,6,8],[2,7,9],[2,8,9],[3,5,10],[3,6,7],[3,7,8],
 [3,8,9],[3,9,10],[4,5,8],[4,5,9],[4,6,10],[4,7,8],[4,9,10],[5,6,7],
 [5,7,9],[5,8,10],[6,8,10]]

manifold_lex_d2_n10_o1_g2_#520=[[1,2,3],[1,2,4],[1,3,5],[1,4,6],[1,5,6],
 [2,3,6],[2,4,7],[2,6,8],[2,7,9],[2,8,9],[3,5,10],[3,6,7],[3,7,8],
 [3,8,9],[3,9,10],[4,5,8],[4,5,9],[4,6,10],[4,7,8],[4,9,10],[5,6,9],
 [5,8,10],[6,7,9],[6,8,10]]

manifold_lex_d2_n10_o1_g2_#521=[[1,2,3],[1,2,4],[1,3,5],[1,4,6],[1,5,6],
 [2,3,6],[2,4,7],[2,6,8],[2,7,9],[2,8,9],[3,5,10],[3,6,7],[3,7,8],
 [3,8,9],[3,9,10],[4,5,9],[4,5,10],[4,6,9],[4,7,8],[4,8,10],[5,6,7],
 [5,7,9],[6,8,10],[6,9,10]]

manifold_lex_d2_n10_o1_g2_#522=[[1,2,3],[1,2,4],[1,3,5],[1,4,6],[1,5,6],
 [2,3,6],[2,4,7],[2,6,8],[2,7,9],[2,8,9],[3,5,10],[3,6,7],[3,7,8],
 [3,8,9],[3,9,10],[4,5,9],[4,5,10],[4,6,9],[4,7,10],[5,6,7],[5,7,9],
 [6,8,10],[6,9,10],[7,8,10]]

manifold_lex_d2_n10_o1_g2_#523=[[1,2,3],[1,2,4],[1,3,5],[1,4,6],[1,5,6],
 [2,3,6],[2,4,7],[2,6,8],[2,7,9],[2,8,9],[3,5,10],[3,6,9],[3,7,8],
 [3,7,9],[3,8,10],[4,5,7],[4,5,8],[4,6,10],[4,8,10],[5,6,9],[5,7,10],
 [5,8,9],[6,7,8],[6,7,10]]

manifold_lex_d2_n10_o1_g2_#524=[[1,2,3],[1,2,4],[1,3,5],[1,4,6],[1,5,6],
 [2,3,6],[2,4,7],[2,6,8],[2,7,9],[2,8,9],[3,5,10],[3,6,9],[3,7,8],
 [3,7,9],[3,8,10],[4,5,7],[4,5,9],[4,6,10],[4,8,9],[4,8,10],[5,6,9],
 [5,7,10],[6,7,8],[6,7,10]]

manifold_lex_d2_n10_o1_g2_#525=[[1,2,3],[1,2,4],[1,3,5],[1,4,6],[1,5,6],
 [2,3,6],[2,4,7],[2,6,8],[2,7,9],[2,8,9],[3,5,10],[3,6,9],[3,7,8],
 [3,7,9],[3,8,10],[4,5,7],[4,5,9],[4,6,10],[4,9,10],[5,6,9],[5,7,10],
 [6,7,8],[6,7,10],[8,9,10]]

manifold_lex_d2_n10_o1_g2_#526=[[1,2,3],[1,2,4],[1,3,5],[1,4,6],[1,5,6],
 [2,3,6],[2,4,7],[2,6,8],[2,7,9],[2,8,9],[3,5,10],[3,6,9],[3,7,8],
 [3,7,9],[3,8,10],[4,5,8],[4,5,10],[4,6,8],[4,7,10],[5,6,7],[5,7,8],
 [6,7,10],[6,9,10],[8,9,10]]

manifold_lex_d2_n10_o1_g2_#527=[[1,2,3],[1,2,4],[1,3,5],[1,4,6],[1,5,6],
 [2,3,6],[2,4,7],[2,6,8],[2,7,9],[2,8,10],[2,9,10],[3,5,7],[3,6,9],
 [3,7,10],[3,8,9],[3,8,10],[4,5,7],[4,5,9],[4,6,10],[4,9,10],[5,6,9],
 [6,7,8],[6,7,10],[7,8,9]]

manifold_lex_d2_n10_o1_g2_#528=[[1,2,3],[1,2,4],[1,3,5],[1,4,6],[1,5,6],
 [2,3,6],[2,4,7],[2,6,8],[2,7,9],[2,8,10],[2,9,10],[3,5,7],[3,6,9],
 [3,7,10],[3,8,9],[3,8,10],[4,5,7],[4,5,10],[4,6,10],[5,6,9],[5,9,10],
 [6,7,8],[6,7,10],[7,8,9]]

manifold_lex_d2_n10_o1_g2_#529=[[1,2,3],[1,2,4],[1,3,5],[1,4,6],[1,5,6],
 [2,3,6],[2,4,7],[2,6,8],[2,7,9],[2,8,10],[2,9,10],[3,5,8],[3,6,7],
 [3,7,10],[3,8,9],[3,9,10],[4,5,7],[4,5,9],[4,6,8],[4,8,9],[5,6,9],
 [5,7,10],[5,8,10],[6,7,9]]

manifold_lex_d2_n10_o1_g2_#530=[[1,2,3],[1,2,4],[1,3,5],[1,4,6],[1,5,6],
 [2,3,6],[2,4,7],[2,6,8],[2,7,9],[2,8,10],[2,9,10],[3,5,8],[3,6,7],
 [3,7,10],[3,8,9],[3,9,10],[4,5,9],[4,5,10],[4,6,8],[4,7,10],[4,8,9],
 [5,6,7],[5,7,9],[5,8,10]]

manifold_lex_d2_n10_o1_g2_#531=[[1,2,3],[1,2,4],[1,3,5],[1,4,6],[1,5,6],
 [2,3,6],[2,4,7],[2,6,8],[2,7,9],[2,8,10],[2,9,10],[3,5,8],[3,6,7],
 [3,7,10],[3,8,9],[3,9,10],[4,5,9],[4,5,10],[4,6,8],[4,7,10],[4,8,9],
 [5,6,9],[5,8,10],[6,7,9]]

manifold_lex_d2_n10_o1_g2_#532=[[1,2,3],[1,2,4],[1,3,5],[1,4,6],[1,5,6],
 [2,3,7],[2,4,8],[2,5,7],[2,5,8],[3,4,7],[3,4,9],[3,5,10],[3,6,8],
 [3,6,9],[3,8,10],[4,6,10],[4,7,8],[4,9,10],[5,6,8],[5,7,10],[6,7,9],
 [6,7,10],[7,8,9],[8,9,10]]

manifold_lex_d2_n10_o1_g2_#533=[[1,2,3],[1,2,4],[1,3,5],[1,4,6],[1,5,6],
 [2,3,7],[2,4,8],[2,5,7],[2,5,8],[3,4,8],[3,4,9],[3,5,9],[3,6,7],
 [3,6,10],[3,8,10],[4,6,7],[4,7,10],[4,9,10],[5,6,8],[5,7,9],[6,8,9],
 [6,9,10],[7,8,9],[7,8,10]]

manifold_lex_d2_n10_o1_g2_#534=[[1,2,3],[1,2,4],[1,3,5],[1,4,6],[1,5,6],
 [2,3,7],[2,4,8],[2,5,7],[2,5,8],[3,4,8],[3,4,9],[3,5,10],[3,6,9],
 [3,6,10],[3,7,8],[4,5,7],[4,5,9],[4,6,7],[5,6,8],[5,9,10],[6,7,9],
 [6,8,10],[7,8,10],[7,9,10]]

manifold_lex_d2_n10_o1_g2_#535=[[1,2,3],[1,2,4],[1,3,5],[1,4,6],[1,5,6],
 [2,3,7],[2,4,8],[2,5,7],[2,5,8],[3,4,8],[3,4,9],[3,5,10],[3,6,9],
 [3,6,10],[3,7,8],[4,5,7],[4,5,10],[4,6,7],[4,9,10],[5,6,8],[6,7,9],
 [6,8,10],[7,8,9],[8,9,10]]

manifold_lex_d2_n10_o1_g2_#536=[[1,2,3],[1,2,4],[1,3,5],[1,4,6],[1,5,6],
 [2,3,7],[2,4,8],[2,5,7],[2,5,8],[3,4,8],[3,4,9],[3,5,10],[3,6,9],
 [3,6,10],[3,7,8],[4,6,7],[4,7,10],[4,9,10],[5,6,8],[5,7,10],[6,7,9],
 [6,8,10],[7,8,9],[8,9,10]]

manifold_lex_d2_n10_o1_g2_#537=[[1,2,3],[1,2,4],[1,3,5],[1,4,6],[1,5,6],
 [2,3,7],[2,4,8],[2,5,7],[2,5,8],[3,4,9],[3,4,10],[3,5,9],[3,6,7],
 [3,6,8],[3,8,10],[4,6,9],[4,7,8],[4,7,10],[5,6,8],[5,7,9],[6,7,10],
 [6,9,10],[7,8,9],[8,9,10]]

manifold_lex_d2_n10_o1_g2_#538=[[1,2,3],[1,2,4],[1,3,5],[1,4,6],[1,5,6],
 [2,3,7],[2,4,8],[2,5,7],[2,5,8],[3,5,9],[3,6,7],[3,6,8],[3,8,9],
 [4,5,7],[4,5,10],[4,6,9],[4,7,9],[4,8,10],[5,6,8],[5,9,10],[6,7,10],
 [6,9,10],[7,8,9],[7,8,10]]

manifold_lex_d2_n10_o1_g2_#539=[[1,2,3],[1,2,4],[1,3,5],[1,4,6],[1,5,6],
 [2,3,7],[2,4,8],[2,5,7],[2,5,8],[3,5,9],[3,6,7],[3,6,8],[3,8,9],
 [4,5,9],[4,5,10],[4,6,10],[4,7,8],[4,7,9],[5,6,8],[5,7,10],[6,7,9],
 [6,9,10],[7,8,10],[8,9,10]]

manifold_lex_d2_n10_o1_g2_#540=[[1,2,3],[1,2,4],[1,3,5],[1,4,6],[1,5,6],
 [2,3,7],[2,4,8],[2,5,7],[2,5,8],[3,5,9],[3,6,7],[3,6,8],[3,8,10],
 [3,9,10],[4,5,7],[4,5,9],[4,6,10],[4,7,10],[4,8,9],[5,6,8],[6,7,9],
 [6,9,10],[7,8,9],[7,8,10]]

manifold_lex_d2_n10_o1_g2_#541=[[1,2,3],[1,2,4],[1,3,5],[1,4,6],[1,5,6],
 [2,3,7],[2,4,8],[2,5,7],[2,5,8],[3,5,9],[3,6,7],[3,6,8],[3,8,10],
 [3,9,10],[4,5,9],[4,5,10],[4,6,10],[4,7,8],[4,7,9],[5,6,8],[5,7,10],
 [6,7,9],[6,9,10],[7,8,10]]

manifold_lex_d2_n10_o1_g2_#542=[[1,2,3],[1,2,4],[1,3,5],[1,4,6],[1,5,6],
 [2,3,7],[2,4,8],[2,5,7],[2,5,8],[3,5,9],[3,6,7],[3,6,8],[3,8,10],
 [3,9,10],[4,5,9],[4,5,10],[4,6,10],[4,8,9],[5,6,8],[5,7,10],[6,7,9],
 [6,9,10],[7,8,9],[7,8,10]]

manifold_lex_d2_n10_o1_g2_#543=[[1,2,3],[1,2,4],[1,3,5],[1,4,6],[1,5,6],
 [2,3,7],[2,4,8],[2,5,7],[2,5,8],[3,5,9],[3,6,8],[3,6,9],[3,7,10],
 [3,8,10],[4,5,7],[4,5,9],[4,6,7],[4,8,9],[5,6,10],[5,8,10],[6,7,8],
 [6,9,10],[7,8,9],[7,9,10]]

manifold_lex_d2_n10_o1_g2_#544=[[1,2,3],[1,2,4],[1,3,5],[1,4,6],[1,5,6],
 [2,3,7],[2,4,8],[2,5,7],[2,5,8],[3,5,9],[3,6,8],[3,6,10],[3,7,8],
 [3,9,10],[4,5,7],[4,5,9],[4,6,7],[4,8,9],[5,6,10],[5,8,10],[6,7,9],
 [6,8,9],[7,8,10],[7,9,10]]

manifold_lex_d2_n10_o1_g2_#545=[[1,2,3],[1,2,4],[1,3,5],[1,4,6],[1,5,6],
 [2,3,7],[2,4,8],[2,5,7],[2,5,8],[3,5,9],[3,6,8],[3,6,10],[3,7,10],
 [3,8,9],[4,5,7],[4,5,9],[4,6,7],[4,8,10],[4,9,10],[5,6,8],[6,7,9],
 [6,9,10],[7,8,9],[7,8,10]]

manifold_lex_d2_n10_o1_g2_#546=[[1,2,3],[1,2,4],[1,3,5],[1,4,6],[1,5,6],
 [2,3,7],[2,4,8],[2,5,7],[2,5,8],[3,5,9],[3,6,8],[3,6,10],[3,7,10],
 [3,8,9],[4,5,7],[4,5,10],[4,6,7],[4,8,10],[5,6,8],[5,9,10],[6,7,9],
 [6,9,10],[7,8,9],[7,8,10]]

manifold_lex_d2_n10_o1_g2_#547=[[1,2,3],[1,2,4],[1,3,5],[1,4,6],[1,5,6],
 [2,3,7],[2,4,8],[2,5,7],[2,5,8],[3,5,9],[3,6,8],[3,6,10],[3,7,10],
 [3,8,9],[4,5,7],[4,5,10],[4,6,9],[4,7,9],[4,8,10],[5,6,8],[5,9,10],
 [6,9,10],[7,8,9],[7,8,10]]

manifold_lex_d2_n10_o1_g2_#548=[[1,2,3],[1,2,4],[1,3,5],[1,4,6],[1,5,6],
 [2,3,7],[2,4,8],[2,5,7],[2,5,8],[3,5,9],[3,6,9],[3,6,10],[3,7,8],
 [3,8,10],[4,5,7],[4,5,9],[4,6,7],[4,8,10],[4,9,10],[5,6,8],[6,7,10],
 [6,8,9],[7,8,9],[7,9,10]]

manifold_lex_d2_n10_o1_g2_#549=[[1,2,3],[1,2,4],[1,3,5],[1,4,6],[1,5,6],
 [2,3,7],[2,4,8],[2,5,7],[2,5,8],[3,5,9],[3,6,9],[3,6,10],[3,7,8],
 [3,8,10],[4,5,7],[4,5,9],[4,6,10],[4,7,10],[4,8,9],[5,6,8],[6,7,8],
 [6,7,9],[7,9,10],[8,9,10]]

manifold_lex_d2_n10_o1_g2_#550=[[1,2,3],[1,2,4],[1,3,5],[1,4,6],[1,5,6],
 [2,3,7],[2,4,8],[2,5,7],[2,5,8],[3,5,9],[3,6,9],[3,6,10],[3,7,8],
 [3,8,10],[4,5,7],[4,5,10],[4,6,7],[4,8,10],[5,6,8],[5,9,10],[6,7,10],
 [6,8,9],[7,8,9],[7,9,10]]

manifold_lex_d2_n10_o1_g2_#551=[[1,2,3],[1,2,4],[1,3,5],[1,4,6],[1,5,6],
 [2,3,7],[2,4,8],[2,5,7],[2,5,8],[3,5,9],[3,6,9],[3,6,10],[3,7,8],
 [3,8,10],[4,5,9],[4,5,10],[4,6,10],[4,8,9],[5,6,8],[5,7,10],[6,7,8],
 [6,7,9],[7,9,10],[8,9,10]]

manifold_lex_d2_n10_o1_g2_#552=[[1,2,3],[1,2,4],[1,3,5],[1,4,6],[1,5,6],
 [2,3,7],[2,4,8],[2,5,7],[2,5,9],[2,8,9],[3,4,9],[3,4,10],[3,5,8],
 [3,6,7],[3,6,9],[3,8,10],[4,5,7],[4,5,8],[4,6,10],[4,7,9],[5,6,9],
 [6,7,10],[7,9,10],[8,9,10]]

manifold_lex_d2_n10_o1_g2_#553=[[1,2,3],[1,2,4],[1,3,5],[1,4,6],[1,5,6],
 [2,3,7],[2,4,8],[2,5,7],[2,5,9],[2,8,9],[3,4,9],[3,4,10],[3,5,8],
 [3,6,7],[3,6,9],[3,8,10],[4,6,10],[4,7,8],[4,7,9],[5,6,9],[5,7,8],
 [6,7,10],[7,9,10],[8,9,10]]

manifold_lex_d2_n10_o1_g2_#554=[[1,2,3],[1,2,4],[1,3,5],[1,4,6],[1,5,6],
 [2,3,7],[2,4,8],[2,5,7],[2,5,9],[2,8,9],[3,4,9],[3,4,10],[3,5,8],
 [3,6,7],[3,6,10],[3,8,9],[4,6,7],[4,7,9],[4,8,10],[5,6,9],[5,7,8],
 [6,9,10],[7,8,10],[7,9,10]]

manifold_lex_d2_n10_o1_g2_#555=[[1,2,3],[1,2,4],[1,3,5],[1,4,6],[1,5,6],
 [2,3,7],[2,4,8],[2,5,7],[2,5,9],[2,8,9],[3,4,9],[3,4,10],[3,5,8],
 [3,6,7],[3,6,10],[3,8,9],[4,6,7],[4,7,9],[4,8,10],[5,6,9],[5,7,10],
 [5,8,10],[6,9,10],[7,9,10]]

manifold_lex_d2_n10_o1_g2_#556=[[1,2,3],[1,2,4],[1,3,5],[1,4,6],[1,5,6],
 [2,3,7],[2,4,8],[2,5,7],[2,5,9],[2,8,9],[3,4,9],[3,4,10],[3,5,8],
 [3,6,7],[3,6,10],[3,8,9],[4,6,9],[4,7,8],[4,7,10],[5,6,10],[5,7,8],
 [5,9,10],[6,7,9],[7,9,10]]

manifold_lex_d2_n10_o1_g2_#557=[[1,2,3],[1,2,4],[1,3,5],[1,4,6],[1,5,6],
 [2,3,7],[2,4,8],[2,5,7],[2,5,9],[2,8,9],[3,4,9],[3,4,10],[3,5,8],
 [3,6,7],[3,6,10],[3,8,9],[4,6,9],[4,8,10],[5,6,10],[5,7,8],[5,9,10],
 [6,7,9],[7,8,10],[7,9,10]]

manifold_lex_d2_n10_o1_g2_#558=[[1,2,3],[1,2,4],[1,3,5],[1,4,6],[1,5,6],
 [2,3,7],[2,4,8],[2,5,7],[2,5,9],[2,8,9],[3,4,9],[3,4,10],[3,5,10],
 [3,6,7],[3,6,9],[4,6,10],[4,7,8],[4,7,9],[5,6,9],[5,7,8],[5,8,10],
 [6,7,10],[7,9,10],[8,9,10]]

manifold_lex_d2_n10_o1_g2_#559=[[1,2,3],[1,2,4],[1,3,5],[1,4,6],[1,5,6],
 [2,3,7],[2,4,8],[2,5,7],[2,5,9],[2,8,9],[3,5,8],[3,6,7],[3,6,9],
 [3,8,10],[3,9,10],[4,5,7],[4,5,8],[4,6,10],[4,7,10],[5,6,9],[6,7,8],
 [6,8,10],[7,8,9],[7,9,10]]

manifold_lex_d2_n10_o1_g2_#560=[[1,2,3],[1,2,4],[1,3,5],[1,4,6],[1,5,6],
 [2,3,7],[2,4,8],[2,5,7],[2,5,9],[2,8,9],[3,5,8],[3,6,8],[3,6,9],
 [3,7,10],[3,9,10],[4,5,7],[4,5,8],[4,6,9],[4,7,9],[5,6,10],[5,9,10],
 [6,8,10],[7,8,9],[7,8,10]]

manifold_lex_d2_n10_o1_g2_#561=[[1,2,3],[1,2,4],[1,3,5],[1,4,6],[1,5,6],
 [2,3,7],[2,4,8],[2,5,7],[2,5,9],[2,8,9],[3,5,8],[3,6,8],[3,6,10],
 [3,7,9],[3,9,10],[4,5,7],[4,5,8],[4,6,10],[4,7,10],[5,6,9],[6,7,8],
 [6,7,9],[7,8,10],[8,9,10]]

manifold_lex_d2_n10_o1_g2_#562=[[1,2,3],[1,2,4],[1,3,5],[1,4,6],[1,5,6],
 [2,3,7],[2,4,8],[2,5,7],[2,5,9],[2,8,9],[3,5,10],[3,6,7],[3,6,9],
 [3,9,10],[4,5,7],[4,5,8],[4,6,10],[4,7,9],[4,9,10],[5,6,9],[5,8,10],
 [6,7,8],[6,8,10],[7,8,9]]

manifold_lex_d2_n10_o1_g2_#563=[[1,2,3],[1,2,4],[1,3,5],[1,4,6],[1,5,6],
 [2,3,7],[2,4,8],[2,5,7],[2,5,9],[2,8,9],[3,5,10],[3,6,7],[3,6,9],
 [3,9,10],[4,5,7],[4,5,8],[4,6,10],[4,7,10],[5,6,9],[5,8,10],[6,7,8],
 [6,8,10],[7,8,9],[7,9,10]]

manifold_lex_d2_n10_o1_g2_#564=[[1,2,3],[1,2,4],[1,3,5],[1,4,6],[1,5,6],
 [2,3,7],[2,4,8],[2,5,7],[2,5,9],[2,8,9],[3,5,10],[3,6,8],[3,6,9],
 [3,7,8],[3,9,10],[4,5,7],[4,5,10],[4,6,7],[4,8,10],[5,6,9],[6,7,10],
 [6,8,10],[7,8,9],[7,9,10]]

manifold_lex_d2_n10_o1_g2_#565=[[1,2,3],[1,2,4],[1,3,5],[1,4,6],[1,5,6],
 [2,3,7],[2,4,8],[2,5,7],[2,5,9],[2,8,10],[2,9,10],[3,4,8],[3,4,10],
 [3,5,10],[3,6,7],[3,6,8],[4,6,7],[4,7,9],[4,9,10],[5,6,9],[5,7,8],
 [5,8,10],[6,8,9],[7,8,9]]

manifold_lex_d2_n10_o1_g2_#566=[[1,2,3],[1,2,4],[1,3,5],[1,4,6],[1,5,6],
 [2,3,7],[2,4,8],[2,5,7],[2,5,9],[2,8,10],[2,9,10],[3,4,8],[3,4,10],
 [3,5,10],[3,6,7],[3,6,8],[4,6,7],[4,7,9],[4,9,10],[5,6,9],[5,7,10],
 [6,8,9],[7,8,9],[7,8,10]]

manifold_lex_d2_n10_o1_g2_#567=[[1,2,3],[1,2,4],[1,3,5],[1,4,6],[1,5,6],
 [2,3,7],[2,4,8],[2,5,8],[2,5,9],[2,6,9],[2,6,10],[2,7,10],[3,4,9],
 [3,4,10],[3,5,10],[3,7,9],[4,6,7],[4,7,10],[4,8,9],[5,6,8],[5,9,10],
 [6,7,9],[6,8,10],[8,9,10]]

manifold_lex_d2_n10_o1_g2_#568=[[1,2,3],[1,2,4],[1,3,5],[1,4,6],[1,5,7],
 [1,6,7],[2,3,6],[2,4,5],[2,5,8],[2,6,8],[3,4,7],[3,4,8],[3,5,8],
 [3,6,9],[3,7,10],[3,9,10],[4,5,7],[4,6,10],[4,8,9],[4,9,10],[6,7,9],
 [6,8,10],[7,8,9],[7,8,10]]

manifold_lex_d2_n10_o1_g2_#569=[[1,2,3],[1,2,4],[1,3,5],[1,4,6],[1,5,7],
 [1,6,7],[2,3,6],[2,4,5],[2,5,8],[2,6,8],[3,4,7],[3,4,9],[3,5,8],
 [3,6,7],[3,8,10],[3,9,10],[4,5,10],[4,6,8],[4,7,10],[4,8,9],[5,7,9],
 [5,9,10],[7,8,9],[7,8,10]]

manifold_lex_d2_n10_o1_g2_#570=[[1,2,3],[1,2,4],[1,3,5],[1,4,6],[1,5,7],
 [1,6,7],[2,3,6],[2,4,5],[2,5,8],[2,6,8],[3,4,7],[3,4,9],[3,5,8],
 [3,6,7],[3,8,10],[3,9,10],[4,5,10],[4,6,9],[4,7,8],[4,8,10],[5,7,10],
 [6,8,9],[7,8,9],[7,9,10]]

manifold_lex_d2_n10_o1_g2_#571=[[1,2,3],[1,2,4],[1,3,5],[1,4,6],[1,5,7],
 [1,6,7],[2,3,6],[2,4,5],[2,5,8],[2,6,8],[3,4,7],[3,4,9],[3,5,8],
 [3,6,7],[3,8,10],[3,9,10],[4,5,10],[4,6,9],[4,7,10],[5,7,9],[5,9,10],
 [6,8,9],[7,8,9],[7,8,10]]

manifold_lex_d2_n10_o1_g2_#572=[[1,2,3],[1,2,4],[1,3,5],[1,4,6],[1,5,7],
 [1,6,7],[2,3,6],[2,4,5],[2,5,8],[2,6,8],[3,4,7],[3,4,9],[3,5,8],
 [3,6,9],[3,7,10],[3,8,10],[4,5,10],[4,6,8],[4,7,8],[4,9,10],[5,7,10],
 [6,7,9],[7,8,9],[8,9,10]]

manifold_lex_d2_n10_o1_g2_#573=[[1,2,3],[1,2,4],[1,3,5],[1,4,6],[1,5,7],
 [1,6,7],[2,3,6],[2,4,5],[2,5,8],[2,6,8],[3,4,9],[3,4,10],[3,5,8],
 [3,6,7],[3,7,9],[3,8,10],[4,5,7],[4,6,10],[4,7,8],[4,8,9],[6,8,9],
 [6,9,10],[7,8,10],[7,9,10]]

manifold_lex_d2_n10_o1_g2_#574=[[1,2,3],[1,2,4],[1,3,5],[1,4,6],[1,5,7],
 [1,6,7],[2,3,6],[2,4,5],[2,5,8],[2,6,8],[3,4,9],[3,4,10],[3,5,8],
 [3,6,9],[3,7,8],[3,7,10],[4,5,7],[4,6,10],[4,7,8],[4,8,9],[6,7,9],
 [6,8,10],[7,9,10],[8,9,10]]

manifold_lex_d2_n10_o1_g2_#575=[[1,2,3],[1,2,4],[1,3,5],[1,4,6],[1,5,7],
 [1,6,7],[2,3,6],[2,4,5],[2,5,8],[2,6,8],[3,4,9],[3,4,10],[3,5,8],
 [3,6,9],[3,7,8],[3,7,10],[4,5,9],[4,6,8],[4,8,10],[5,7,9],[6,7,10],
 [6,9,10],[7,8,9],[8,9,10]]

manifold_lex_d2_n10_o1_g2_#576=[[1,2,3],[1,2,4],[1,3,5],[1,4,6],[1,5,7],
 [1,6,7],[2,3,6],[2,4,5],[2,5,8],[2,6,9],[2,7,8],[2,7,9],[3,4,7],
 [3,4,8],[3,5,8],[3,6,10],[3,7,9],[3,9,10],[4,5,7],[4,6,9],[4,8,10],
 [4,9,10],[6,7,10],[7,8,10]]

manifold_lex_d2_n10_o1_g2_#577=[[1,2,3],[1,2,4],[1,3,5],[1,4,6],[1,5,7],
 [1,6,7],[2,3,6],[2,4,5],[2,5,8],[2,6,9],[2,7,8],[2,7,9],[3,4,7],
 [3,4,10],[3,5,10],[3,6,7],[4,5,9],[4,6,10],[4,7,8],[4,8,9],[5,7,9],
 [5,8,10],[6,9,10],[8,9,10]]

manifold_lex_d2_n10_o1_g2_#578=[[1,2,3],[1,2,4],[1,3,5],[1,4,6],[1,5,7],
 [1,6,7],[2,3,6],[2,4,5],[2,5,8],[2,6,9],[2,7,8],[2,7,9],[3,4,8],
 [3,4,9],[3,5,8],[3,6,7],[3,7,10],[3,9,10],[4,5,7],[4,6,10],[4,7,9],
 [4,8,10],[6,9,10],[7,8,10]]

manifold_lex_d2_n10_o1_g2_#579=[[1,2,3],[1,2,4],[1,3,5],[1,4,6],[1,5,7],
 [1,6,7],[2,3,6],[2,4,5],[2,5,8],[2,6,9],[2,7,8],[2,7,9],[3,4,8],
 [3,4,9],[3,5,8],[3,6,7],[3,7,10],[3,9,10],[4,5,9],[4,6,10],[4,8,10],
 [5,7,9],[6,9,10],[7,8,10]]

manifold_lex_d2_n10_o1_g2_#580=[[1,2,3],[1,2,4],[1,3,5],[1,4,6],[1,5,7],
 [1,6,7],[2,3,6],[2,4,5],[2,5,8],[2,6,9],[2,7,8],[2,7,9],[3,4,8],
 [3,4,10],[3,5,8],[3,6,7],[3,7,10],[4,5,9],[4,6,8],[4,9,10],[5,7,9],
 [6,8,10],[6,9,10],[7,8,10]]

manifold_lex_d2_n10_o1_g2_#581=[[1,2,3],[1,2,4],[1,3,5],[1,4,6],[1,5,7],
 [1,6,7],[2,3,6],[2,4,5],[2,5,8],[2,6,9],[2,7,8],[2,7,9],[3,4,8],
 [3,4,10],[3,5,8],[3,6,7],[3,7,10],[4,5,10],[4,6,8],[5,7,9],[5,9,10],
 [6,8,9],[7,8,10],[8,9,10]]

manifold_lex_d2_n10_o1_g2_#582=[[1,2,3],[1,2,4],[1,3,5],[1,4,6],[1,5,7],
 [1,6,7],[2,3,6],[2,4,5],[2,5,8],[2,6,9],[2,7,8],[2,7,9],[3,4,8],
 [3,4,10],[3,5,8],[3,6,7],[3,7,10],[4,5,10],[4,6,9],[4,8,9],[5,7,9],
 [5,9,10],[7,8,10],[8,9,10]]

manifold_lex_d2_n10_o1_g2_#583=[[1,2,3],[1,2,4],[1,3,5],[1,4,6],[1,5,7],
 [1,6,7],[2,3,6],[2,4,5],[2,5,8],[2,6,9],[2,7,8],[2,7,9],[3,4,8],
 [3,4,10],[3,5,8],[3,6,10],[4,5,7],[4,6,8],[4,7,9],[4,9,10],[6,7,10],
 [6,8,9],[7,8,10],[8,9,10]]

manifold_lex_d2_n10_o1_g2_#584=[[1,2,3],[1,2,4],[1,3,5],[1,4,6],[1,5,7],
 [1,6,7],[2,3,6],[2,4,5],[2,5,8],[2,6,9],[2,7,8],[2,7,9],[3,4,8],
 [3,4,10],[3,5,8],[3,6,10],[4,5,7],[4,6,9],[4,7,10],[4,8,9],[6,7,8],
 [6,8,10],[7,9,10],[8,9,10]]

manifold_lex_d2_n10_o1_g2_#585=[[1,2,3],[1,2,4],[1,3,5],[1,4,6],[1,5,7],
 [1,6,7],[2,3,6],[2,4,5],[2,5,8],[2,6,9],[2,7,8],[2,7,9],[3,4,8],
 [3,4,10],[3,5,8],[3,6,10],[4,5,9],[4,6,8],[4,9,10],[5,7,9],[6,7,10],
 [6,8,9],[7,8,10],[8,9,10]]

manifold_lex_d2_n10_o1_g2_#586=[[1,2,3],[1,2,4],[1,3,5],[1,4,6],[1,5,7],
 [1,6,7],[2,3,6],[2,4,5],[2,5,8],[2,6,9],[2,7,8],[2,7,9],[3,4,8],
 [3,4,10],[3,5,8],[3,6,10],[4,5,10],[4,6,8],[5,7,9],[5,9,10],[6,7,10],
 [6,8,9],[7,8,10],[8,9,10]]

manifold_lex_d2_n10_o1_g2_#587=[[1,2,3],[1,2,4],[1,3,5],[1,4,6],[1,5,7],
 [1,6,7],[2,3,6],[2,4,5],[2,5,8],[2,6,9],[2,7,8],[2,7,9],[3,4,8],
 [3,4,10],[3,5,8],[3,6,10],[4,5,10],[4,6,9],[4,8,9],[5,7,9],[5,9,10],
 [6,7,8],[6,8,10],[8,9,10]]

manifold_lex_d2_n10_o1_g2_#588=[[1,2,3],[1,2,4],[1,3,5],[1,4,6],[1,5,7],
 [1,6,7],[2,3,6],[2,4,5],[2,5,8],[2,6,9],[2,7,8],[2,7,9],[3,4,8],
 [3,4,10],[3,5,8],[3,6,10],[4,5,10],[4,6,9],[4,8,9],[5,7,9],[5,9,10],
 [6,7,10],[7,8,10],[8,9,10]]

manifold_lex_d2_n10_o1_g2_#589=[[1,2,3],[1,2,4],[1,3,5],[1,4,6],[1,5,7],
 [1,6,7],[2,3,6],[2,4,5],[2,5,8],[2,6,9],[2,7,8],[2,7,9],[3,4,8],
 [3,4,10],[3,5,8],[3,6,10],[4,5,10],[4,6,9],[4,8,9],[5,7,10],[6,7,8],
 [6,8,10],[7,9,10],[8,9,10]]

manifold_lex_d2_n10_o1_g2_#590=[[1,2,3],[1,2,4],[1,3,5],[1,4,6],[1,5,7],
 [1,6,7],[2,3,6],[2,4,5],[2,5,8],[2,6,9],[2,7,8],[2,7,9],[3,4,8],
 [3,4,10],[3,5,10],[3,6,7],[3,7,8],[4,5,7],[4,6,10],[4,7,9],[4,8,9],
 [5,8,10],[6,9,10],[8,9,10]]

manifold_lex_d2_n10_o1_g2_#591=[[1,2,3],[1,2,4],[1,3,5],[1,4,6],[1,5,7],
 [1,6,7],[2,3,6],[2,4,5],[2,5,8],[2,6,9],[2,7,8],[2,7,9],[3,4,8],
 [3,4,10],[3,5,10],[3,6,7],[3,7,8],[4,5,9],[4,6,10],[4,8,9],[5,7,9],
 [5,8,10],[6,9,10],[8,9,10]]

manifold_lex_d2_n10_o1_g2_#592=[[1,2,3],[1,2,4],[1,3,5],[1,4,6],[1,5,7],
 [1,6,7],[2,3,6],[2,4,5],[2,5,8],[2,6,9],[2,7,8],[2,7,9],[3,4,8],
 [3,4,10],[3,5,10],[3,6,8],[4,5,7],[4,6,10],[4,7,9],[4,8,9],[5,8,10],
 [6,7,8],[6,9,10],[8,9,10]]

manifold_lex_d2_n10_o1_g2_#593=[[1,2,3],[1,2,4],[1,3,5],[1,4,6],[1,5,7],
 [1,6,7],[2,3,6],[2,4,5],[2,5,8],[2,6,9],[2,7,8],[2,7,9],[3,5,8],
 [3,6,7],[3,7,10],[3,8,9],[3,9,10],[4,5,7],[4,6,10],[4,7,9],[4,8,9],
 [4,8,10],[6,9,10],[7,8,10]]

manifold_lex_d2_n10_o1_g2_#594=[[1,2,3],[1,2,4],[1,3,5],[1,4,6],[1,5,7],
 [1,6,7],[2,3,6],[2,4,5],[2,5,8],[2,6,9],[2,7,8],[2,7,9],[3,5,8],
 [3,6,7],[3,7,10],[3,8,9],[3,9,10],[4,5,9],[4,6,10],[4,8,9],[4,8,10],
 [5,7,9],[6,9,10],[7,8,10]]

manifold_lex_d2_n10_o1_g2_#595=[[1,2,3],[1,2,4],[1,3,5],[1,4,6],[1,5,7],
 [1,6,7],[2,3,6],[2,4,5],[2,5,8],[2,6,9],[2,7,8],[2,7,9],[3,5,8],
 [3,6,7],[3,7,10],[3,8,10],[4,5,9],[4,6,10],[4,7,8],[4,7,10],[4,8,9],
 [5,7,9],[6,9,10],[8,9,10]]

manifold_lex_d2_n10_o1_g2_#596=[[1,2,3],[1,2,4],[1,3,5],[1,4,6],[1,5,7],
 [1,6,7],[2,3,6],[2,4,5],[2,5,8],[2,6,9],[2,7,8],[2,7,9],[3,5,9],
 [3,6,7],[3,7,8],[3,8,9],[4,5,7],[4,6,10],[4,7,10],[5,8,10],[5,9,10],
 [6,8,9],[6,8,10],[7,9,10]]

manifold_lex_d2_n10_o1_g2_#597=[[1,2,3],[1,2,4],[1,3,5],[1,4,6],[1,5,7],
 [1,6,7],[2,3,6],[2,4,5],[2,5,8],[2,6,9],[2,7,8],[2,7,9],[3,5,9],
 [3,6,7],[3,7,10],[3,9,10],[4,5,7],[4,6,10],[4,7,9],[4,8,9],[4,8,10],
 [5,8,9],[6,9,10],[7,8,10]]

manifold_lex_d2_n10_o1_g2_#598=[[1,2,3],[1,2,4],[1,3,5],[1,4,6],[1,5,7],
 [1,6,7],[2,3,6],[2,4,5],[2,5,8],[2,6,9],[2,7,8],[2,7,9],[3,5,10],
 [3,6,7],[3,7,8],[3,8,9],[3,9,10],[4,5,7],[4,6,10],[4,7,9],[4,9,10],
 [5,8,10],[6,8,9],[6,8,10]]

manifold_lex_d2_n10_o1_g2_#599=[[1,2,3],[1,2,4],[1,3,5],[1,4,6],[1,5,7],
 [1,6,7],[2,3,6],[2,4,5],[2,5,8],[2,6,9],[2,7,8],[2,7,9],[3,5,10],
 [3,6,7],[3,7,8],[3,8,9],[3,9,10],[4,5,7],[4,6,10],[4,7,10],[5,6,8],
 [5,6,10],[6,8,9],[7,9,10]]

manifold_lex_d2_n10_o1_g2_#600=[[1,2,3],[1,2,4],[1,3,5],[1,4,6],[1,5,7],
 [1,6,7],[2,3,6],[2,4,5],[2,5,8],[2,6,9],[2,7,8],[2,7,9],[3,5,10],
 [3,6,7],[3,7,8],[3,8,9],[3,9,10],[4,5,7],[4,6,10],[4,7,10],[5,8,10],
 [6,8,9],[6,8,10],[7,9,10]]

manifold_lex_d2_n10_o1_g2_#601=[[1,2,3],[1,2,4],[1,3,5],[1,4,6],[1,5,7],
 [1,6,7],[2,3,6],[2,4,5],[2,5,8],[2,6,9],[2,7,8],[2,7,9],[3,5,10],
 [3,6,7],[3,7,8],[3,8,9],[3,9,10],[4,5,9],[4,6,10],[4,9,10],[5,7,9],
 [5,8,10],[6,8,9],[6,8,10]]

manifold_lex_d2_n10_o1_g2_#602=[[1,2,3],[1,2,4],[1,3,5],[1,4,6],[1,5,7],
 [1,6,7],[2,3,6],[2,4,5],[2,5,8],[2,6,9],[2,7,8],[2,7,9],[3,5,10],
 [3,6,7],[3,7,8],[3,8,10],[4,5,7],[4,6,10],[4,7,10],[5,6,9],[5,6,10],
 [5,8,9],[7,9,10],[8,9,10]]

manifold_lex_d2_n10_o1_g2_#603=[[1,2,3],[1,2,4],[1,3,5],[1,4,6],[1,5,7],
 [1,6,7],[2,3,6],[2,4,5],[2,5,8],[2,6,9],[2,7,8],[2,7,9],[3,5,10],
 [3,6,7],[3,7,8],[3,8,10],[4,5,9],[4,6,10],[4,9,10],[5,6,8],[5,6,10],
 [5,7,9],[6,8,9],[8,9,10]]

manifold_lex_d2_n10_o1_g2_#604=[[1,2,3],[1,2,4],[1,3,5],[1,4,6],[1,5,7],
 [1,6,7],[2,3,6],[2,4,5],[2,5,8],[2,6,9],[2,7,8],[2,7,9],[3,5,10],
 [3,6,7],[3,7,10],[4,5,9],[4,6,10],[4,7,8],[4,7,10],[4,8,9],[5,7,9],
 [5,8,10],[6,8,9],[6,8,10]]

manifold_lex_d2_n10_o1_g2_#605=[[1,2,3],[1,2,4],[1,3,5],[1,4,6],[1,5,7],
 [1,6,7],[2,3,6],[2,4,5],[2,5,8],[2,6,9],[2,7,8],[2,7,9],[3,5,10],
 [3,6,7],[3,7,10],[4,5,9],[4,6,10],[4,7,8],[4,7,10],[4,8,9],[5,7,9],
 [5,8,10],[6,9,10],[8,9,10]]

manifold_lex_d2_n10_o1_g2_#606=[[1,2,3],[1,2,4],[1,3,5],[1,4,6],[1,5,7],
 [1,6,7],[2,3,6],[2,4,5],[2,5,8],[2,6,9],[2,7,8],[2,7,9],[3,5,10],
 [3,6,7],[3,7,10],[4,5,9],[4,6,10],[4,8,9],[4,8,10],[5,6,8],[5,6,10],
 [5,7,9],[6,8,9],[7,8,10]]

manifold_lex_d2_n10_o1_g2_#607=[[1,2,3],[1,2,4],[1,3,5],[1,4,6],[1,5,7],
 [1,6,7],[2,3,6],[2,4,5],[2,5,8],[2,6,9],[2,7,8],[2,7,9],[3,5,10],
 [3,6,7],[3,7,10],[4,5,9],[4,6,10],[4,9,10],[5,6,8],[5,6,10],[5,7,9],
 [6,8,9],[7,8,10],[8,9,10]]

manifold_lex_d2_n10_o1_g2_#608=[[1,2,3],[1,2,4],[1,3,5],[1,4,6],[1,5,7],
 [1,6,7],[2,3,6],[2,4,5],[2,5,8],[2,6,9],[2,7,8],[2,7,10],[2,9,10],
 [3,4,7],[3,4,9],[3,5,8],[3,6,7],[3,8,9],[4,5,10],[4,6,9],[4,7,8],
 [4,8,10],[5,7,10],[8,9,10]]

manifold_lex_d2_n10_o1_g2_#609=[[1,2,3],[1,2,4],[1,3,5],[1,4,6],[1,5,7],
 [1,6,7],[2,3,6],[2,4,5],[2,5,8],[2,6,9],[2,7,8],[2,7,10],[2,9,10],
 [3,4,7],[3,4,9],[3,5,8],[3,6,10],[3,7,10],[3,8,9],[4,5,7],[4,6,9],
 [6,7,8],[6,8,10],[8,9,10]]

manifold_lex_d2_n10_o1_g2_#610=[[1,2,3],[1,2,4],[1,3,5],[1,4,6],[1,5,7],
 [1,6,7],[2,3,6],[2,4,5],[2,5,8],[2,6,9],[2,7,8],[2,7,10],[2,9,10],
 [3,4,7],[3,4,9],[3,5,9],[3,6,7],[4,5,10],[4,6,9],[4,7,8],[4,8,10],
 [5,7,10],[5,8,9],[8,9,10]]

manifold_lex_d2_n10_o1_g2_#611=[[1,2,3],[1,2,4],[1,3,5],[1,4,6],[1,5,7],
 [1,6,7],[2,3,6],[2,4,5],[2,5,8],[2,6,9],[2,7,8],[2,7,10],[2,9,10],
 [3,4,7],[3,4,9],[3,5,9],[3,6,10],[3,7,10],[4,5,7],[4,6,9],[5,8,9],
 [6,7,8],[6,8,10],[8,9,10]]

manifold_lex_d2_n10_o1_g2_#612=[[1,2,3],[1,2,4],[1,3,5],[1,4,6],[1,5,7],
 [1,6,7],[2,3,6],[2,4,5],[2,5,8],[2,6,9],[2,7,8],[2,7,10],[2,9,10],
 [3,4,8],[3,4,9],[3,5,9],[3,6,7],[3,7,8],[4,5,10],[4,6,9],[4,8,10],
 [5,7,10],[5,8,9],[8,9,10]]

manifold_lex_d2_n10_o1_g2_#613=[[1,2,3],[1,2,4],[1,3,5],[1,4,6],[1,5,7],
 [1,6,7],[2,3,6],[2,4,5],[2,5,8],[2,6,9],[2,7,8],[2,7,10],[2,9,10],
 [3,4,8],[3,4,9],[3,5,9],[3,6,8],[4,5,7],[4,6,9],[4,7,10],[4,8,10],
 [5,8,10],[5,9,10],[6,7,8]]

manifold_lex_d2_n10_o1_g2_#614=[[1,2,3],[1,2,4],[1,3,5],[1,4,6],[1,5,7],
 [1,6,7],[2,3,6],[2,4,5],[2,5,8],[2,6,9],[2,7,8],[2,7,10],[2,9,10],
 [3,4,8],[3,4,9],[3,5,9],[3,6,8],[4,5,10],[4,6,9],[4,8,10],[5,7,10],
 [5,8,9],[6,7,8],[8,9,10]]

manifold_lex_d2_n10_o1_g2_#615=[[1,2,3],[1,2,4],[1,3,5],[1,4,6],[1,5,7],
 [1,6,7],[2,3,6],[2,4,5],[2,5,8],[2,6,9],[2,7,8],[2,7,10],[2,9,10],
 [3,4,8],[3,4,10],[3,5,8],[3,6,7],[3,7,9],[3,9,10],[4,5,10],[4,6,8],
 [5,7,10],[6,8,9],[7,8,9]]

manifold_lex_d2_n10_o1_g2_#616=[[1,2,3],[1,2,4],[1,3,5],[1,4,6],[1,5,7],
 [1,6,7],[2,3,6],[2,4,5],[2,5,8],[2,6,9],[2,7,8],[2,7,10],[2,9,10],
 [3,4,8],[3,4,10],[3,5,8],[3,6,7],[3,7,9],[3,9,10],[4,5,10],[4,6,9],
 [4,8,9],[5,7,10],[7,8,9]]

manifold_lex_d2_n10_o1_g2_#617=[[1,2,3],[1,2,4],[1,3,5],[1,4,6],[1,5,7],
 [1,6,7],[2,3,6],[2,4,5],[2,5,8],[2,6,9],[2,7,8],[2,7,10],[2,9,10],
 [3,4,9],[3,4,10],[3,5,8],[3,6,10],[3,8,9],[4,5,7],[4,6,9],[4,7,10],
 [6,7,8],[6,8,10],[8,9,10]]

manifold_lex_d2_n10_o1_g2_#618=[[1,2,3],[1,2,4],[1,3,5],[1,4,6],[1,5,7],
 [1,6,7],[2,3,6],[2,4,5],[2,5,8],[2,6,9],[2,7,8],[2,7,10],[2,9,10],
 [3,4,9],[3,4,10],[3,5,8],[3,6,10],[3,8,9],[4,5,10],[4,6,9],[5,7,10],
 [6,7,8],[6,8,10],[8,9,10]]

manifold_lex_d2_n10_o1_g2_#619=[[1,2,3],[1,2,4],[1,3,5],[1,4,6],[1,5,7],
 [1,6,7],[2,3,6],[2,4,5],[2,5,8],[2,6,9],[2,7,8],[2,7,10],[2,9,10],
 [3,4,9],[3,4,10],[3,5,9],[3,6,7],[3,7,8],[3,8,10],[4,5,10],[4,6,9],
 [5,7,10],[5,8,9],[8,9,10]]

manifold_lex_d2_n10_o1_g2_#620=[[1,2,3],[1,2,4],[1,3,5],[1,4,6],[1,5,7],
 [1,6,7],[2,3,6],[2,4,5],[2,5,8],[2,6,9],[2,7,8],[2,7,10],[2,9,10],
 [3,4,9],[3,4,10],[3,5,9],[3,6,8],[3,8,10],[4,5,7],[4,6,9],[4,7,10],
 [5,8,9],[6,7,8],[8,9,10]]

manifold_lex_d2_n10_o1_g2_#621=[[1,2,3],[1,2,4],[1,3,5],[1,4,6],[1,5,7],
 [1,6,7],[2,3,6],[2,4,5],[2,5,8],[2,6,9],[2,7,8],[2,7,10],[2,9,10],
 [3,4,9],[3,4,10],[3,5,9],[3,6,8],[3,8,10],[4,5,7],[4,6,9],[4,7,10],
 [5,8,10],[5,9,10],[6,7,8]]

manifold_lex_d2_n10_o1_g2_#622=[[1,2,3],[1,2,4],[1,3,5],[1,4,6],[1,5,7],
 [1,6,7],[2,3,6],[2,4,5],[2,5,8],[2,6,9],[2,7,8],[2,7,10],[2,9,10],
 [3,4,9],[3,4,10],[3,5,9],[3,6,8],[3,8,10],[4,5,10],[4,6,9],[5,7,10],
 [5,8,9],[6,7,8],[8,9,10]]

manifold_lex_d2_n10_o1_g2_#623=[[1,2,3],[1,2,4],[1,3,5],[1,4,6],[1,5,7],
 [1,6,7],[2,3,6],[2,4,5],[2,5,8],[2,6,9],[2,7,8],[2,7,10],[2,9,10],
 [3,4,9],[3,4,10],[3,5,9],[3,6,10],[4,5,7],[4,6,9],[4,7,10],[5,8,9],
 [6,7,8],[6,8,10],[8,9,10]]

manifold_lex_d2_n10_o1_g2_#624=[[1,2,3],[1,2,4],[1,3,5],[1,4,6],[1,5,7],
 [1,6,7],[2,3,6],[2,4,5],[2,5,8],[2,6,9],[2,7,8],[2,7,10],[2,9,10],
 [3,4,9],[3,4,10],[3,5,9],[3,6,10],[4,5,10],[4,6,9],[5,7,10],[5,8,9],
 [6,7,8],[6,8,10],[8,9,10]]

manifold_lex_d2_n10_o1_g2_#625=[[1,2,3],[1,2,4],[1,3,5],[1,4,6],[1,5,7],
 [1,6,7],[2,3,6],[2,4,5],[2,5,8],[2,6,9],[2,7,8],[2,7,10],[2,9,10],
 [3,5,8],[3,6,7],[3,7,9],[3,8,9],[4,5,10],[4,6,9],[4,7,8],[4,7,9],
 [4,8,10],[5,7,10],[8,9,10]]

manifold_lex_d2_n10_o1_g2_#626=[[1,2,3],[1,2,4],[1,3,5],[1,4,6],[1,5,7],
 [1,6,7],[2,3,6],[2,4,5],[2,5,8],[2,6,9],[2,7,8],[2,7,10],[2,9,10],
 [3,5,8],[3,6,7],[3,7,9],[3,8,10],[3,9,10],[4,5,7],[4,6,8],[4,7,10],
 [4,8,10],[6,8,9],[7,8,9]]

manifold_lex_d2_n10_o1_g2_#627=[[1,2,3],[1,2,4],[1,3,5],[1,4,6],[1,5,7],
 [1,6,7],[2,3,6],[2,4,5],[2,5,8],[2,6,9],[2,7,8],[2,7,10],[2,9,10],
 [3,5,8],[3,6,7],[3,7,9],[3,8,10],[3,9,10],[4,5,7],[4,6,9],[4,7,10],
 [4,8,9],[4,8,10],[7,8,9]]

manifold_lex_d2_n10_o1_g2_#628=[[1,2,3],[1,2,4],[1,3,5],[1,4,6],[1,5,7],
 [1,6,7],[2,3,6],[2,4,5],[2,5,8],[2,6,9],[2,7,8],[2,7,10],[2,9,10],
 [3,5,8],[3,6,7],[3,7,9],[3,8,10],[3,9,10],[4,5,7],[4,6,10],[4,7,10],
 [6,8,9],[6,8,10],[7,8,9]]

manifold_lex_d2_n10_o1_g2_#629=[[1,2,3],[1,2,4],[1,3,5],[1,4,6],[1,5,7],
 [1,6,7],[2,3,6],[2,4,5],[2,5,8],[2,6,9],[2,7,8],[2,7,10],[2,9,10],
 [3,5,8],[3,6,7],[3,7,9],[3,8,10],[3,9,10],[4,5,10],[4,6,8],[4,8,10],
 [5,7,10],[6,8,9],[7,8,9]]

manifold_lex_d2_n10_o1_g2_#630=[[1,2,3],[1,2,4],[1,3,5],[1,4,6],[1,5,7],
 [1,6,7],[2,3,6],[2,4,5],[2,5,8],[2,6,9],[2,7,8],[2,7,10],[2,9,10],
 [3,5,8],[3,6,7],[3,7,9],[3,8,10],[3,9,10],[4,5,10],[4,6,9],[4,7,8],
 [4,7,9],[4,8,10],[5,7,10]]

manifold_lex_d2_n10_o1_g2_#631=[[1,2,3],[1,2,4],[1,3,5],[1,4,6],[1,5,7],
 [1,6,7],[2,3,6],[2,4,5],[2,5,8],[2,6,9],[2,7,8],[2,7,10],[2,9,10],
 [3,5,8],[3,6,7],[3,7,9],[3,8,10],[3,9,10],[4,5,10],[4,6,9],[4,8,9],
 [4,8,10],[5,7,10],[7,8,9]]

manifold_lex_d2_n10_o1_g2_#632=[[1,2,3],[1,2,4],[1,3,5],[1,4,6],[1,5,7],
 [1,6,7],[2,3,6],[2,4,5],[2,5,8],[2,6,9],[2,7,8],[2,7,10],[2,9,10],
 [3,5,8],[3,6,10],[3,7,9],[3,7,10],[3,8,9],[4,5,7],[4,6,9],[4,7,9],
 [6,7,8],[6,8,10],[8,9,10]]

manifold_lex_d2_n10_o1_g2_#633=[[1,2,3],[1,2,4],[1,3,5],[1,4,6],[1,5,7],
 [1,6,7],[2,3,6],[2,4,5],[2,5,8],[2,6,9],[2,7,8],[2,7,10],[2,9,10],
 [3,5,9],[3,6,7],[3,7,9],[4,5,7],[4,6,8],[4,7,10],[4,8,10],[5,8,10],
 [5,9,10],[6,8,9],[7,8,9]]

manifold_lex_d2_n10_o1_g2_#634=[[1,2,3],[1,2,4],[1,3,5],[1,4,6],[1,5,7],
 [1,6,7],[2,3,6],[2,4,5],[2,5,8],[2,6,9],[2,7,8],[2,7,10],[2,9,10],
 [3,5,9],[3,6,8],[3,8,9],[4,5,7],[4,6,9],[4,7,10],[4,8,9],[4,8,10],
 [5,8,10],[5,9,10],[6,7,8]]

manifold_lex_d2_n10_o1_g2_#635=[[1,2,3],[1,2,4],[1,3,5],[1,4,6],[1,5,7],
 [1,6,7],[2,3,6],[2,4,5],[2,5,8],[2,6,9],[2,7,8],[2,7,10],[2,9,10],
 [3,5,9],[3,6,10],[3,7,9],[3,7,10],[4,5,7],[4,6,9],[4,7,9],[5,8,9],
 [6,7,8],[6,8,10],[8,9,10]]

manifold_lex_d2_n10_o1_g2_#636=[[1,2,3],[1,2,4],[1,3,5],[1,4,6],[1,5,7],
 [1,6,7],[2,3,6],[2,4,5],[2,5,8],[2,6,9],[2,7,8],[2,7,10],[2,9,10],
 [3,5,10],[3,6,7],[3,7,9],[3,9,10],[4,5,7],[4,6,8],[4,7,10],[4,8,10],
 [5,8,10],[6,8,9],[7,8,9]]

manifold_lex_d2_n10_o1_g2_#637=[[1,2,3],[1,2,4],[1,3,5],[1,4,6],[1,5,7],
 [1,6,7],[2,3,6],[2,4,5],[2,5,8],[2,6,9],[2,7,8],[2,7,10],[2,9,10],
 [3,5,10],[3,6,8],[3,8,9],[3,9,10],[4,5,7],[4,6,10],[4,7,10],[5,6,9],
 [5,6,10],[5,8,9],[6,7,8]]

manifold_lex_d2_n10_o1_g2_#638=[[1,2,3],[1,2,4],[1,3,5],[1,4,6],[1,5,7],
 [1,6,7],[2,3,6],[2,4,5],[2,5,8],[2,6,9],[2,8,9],[3,4,7],[3,4,8],
 [3,5,8],[3,6,10],[3,7,9],[3,9,10],[4,5,7],[4,6,9],[4,8,10],[4,9,10],
 [6,7,10],[7,8,9],[7,8,10]]

manifold_lex_d2_n10_o1_g2_#639=[[1,2,3],[1,2,4],[1,3,5],[1,4,6],[1,5,7],
 [1,6,7],[2,3,6],[2,4,5],[2,5,8],[2,6,9],[2,8,9],[3,4,7],[3,4,8],
 [3,5,8],[3,6,10],[3,7,10],[4,5,7],[4,6,9],[4,8,10],[4,9,10],[6,7,8],
 [6,8,10],[7,8,9],[7,9,10]]

manifold_lex_d2_n10_o1_g2_#640=[[1,2,3],[1,2,4],[1,3,5],[1,4,6],[1,5,7],
 [1,6,7],[2,3,6],[2,4,5],[2,5,8],[2,6,9],[2,8,9],[3,4,8],[3,4,9],
 [3,5,8],[3,6,7],[3,7,10],[3,9,10],[4,5,7],[4,6,10],[4,7,9],[4,8,10],
 [6,9,10],[7,8,9],[7,8,10]]

manifold_lex_d2_n10_o1_g2_#641=[[1,2,3],[1,2,4],[1,3,5],[1,4,6],[1,5,7],
 [1,6,7],[2,3,6],[2,4,5],[2,5,8],[2,6,9],[2,8,9],[3,4,8],[3,4,9],
 [3,5,8],[3,6,7],[3,7,10],[3,9,10],[4,5,9],[4,6,10],[4,8,10],[5,7,9],
 [6,9,10],[7,8,9],[7,8,10]]

manifold_lex_d2_n10_o1_g2_#642=[[1,2,3],[1,2,4],[1,3,5],[1,4,6],[1,5,7],
 [1,6,7],[2,3,6],[2,4,5],[2,5,8],[2,6,9],[2,8,9],[3,4,8],[3,4,10],
 [3,5,8],[3,6,7],[3,7,10],[4,5,7],[4,6,8],[4,7,9],[4,9,10],[6,8,10],
 [6,9,10],[7,8,9],[7,8,10]]

manifold_lex_d2_n10_o1_g2_#643=[[1,2,3],[1,2,4],[1,3,5],[1,4,6],[1,5,7],
 [1,6,7],[2,3,6],[2,4,5],[2,5,8],[2,6,9],[2,8,9],[3,4,8],[3,4,10],
 [3,5,8],[3,6,7],[3,7,10],[4,5,9],[4,6,8],[4,9,10],[5,7,9],[6,8,10],
 [6,9,10],[7,8,9],[7,8,10]]

manifold_lex_d2_n10_o1_g2_#644=[[1,2,3],[1,2,4],[1,3,5],[1,4,6],[1,5,7],
 [1,6,7],[2,3,6],[2,4,5],[2,5,8],[2,6,9],[2,8,9],[3,4,8],[3,4,10],
 [3,5,8],[3,6,7],[3,7,10],[4,5,10],[4,6,8],[5,6,9],[5,6,10],[5,7,9],
 [6,8,10],[7,9,10],[8,9,10]]

manifold_lex_d2_n10_o1_g2_#645=[[1,2,3],[1,2,4],[1,3,5],[1,4,6],[1,5,7],
 [1,6,7],[2,3,6],[2,4,5],[2,5,8],[2,6,9],[2,8,9],[3,4,8],[3,4,10],
 [3,5,8],[3,6,7],[3,7,10],[4,5,10],[4,6,8],[5,7,9],[5,9,10],[6,8,10],
 [6,9,10],[7,8,9],[7,8,10]]

manifold_lex_d2_n10_o1_g2_#646=[[1,2,3],[1,2,4],[1,3,5],[1,4,6],[1,5,7],
 [1,6,7],[2,3,6],[2,4,5],[2,5,8],[2,6,9],[2,8,9],[3,4,8],[3,4,10],
 [3,5,10],[3,6,7],[3,7,9],[3,8,9],[4,5,7],[4,6,10],[4,7,8],[5,8,10],
 [6,9,10],[7,8,10],[7,9,10]]

manifold_lex_d2_n10_o1_g2_#647=[[1,2,3],[1,2,4],[1,3,5],[1,4,6],[1,5,7],
 [1,6,7],[2,3,6],[2,4,5],[2,5,8],[2,6,9],[2,8,10],[2,9,10],[3,4,7],
 [3,4,8],[3,5,8],[3,6,7],[4,5,10],[4,6,8],[4,7,9],[4,9,10],[5,6,9],
 [5,6,10],[5,7,9],[6,8,10]]

manifold_lex_d2_n10_o1_g2_#648=[[1,2,3],[1,2,4],[1,3,5],[1,4,6],[1,5,7],
 [1,6,7],[2,3,6],[2,4,5],[2,5,8],[2,6,9],[2,8,10],[2,9,10],[3,4,8],
 [3,4,10],[3,5,8],[3,6,7],[3,7,9],[3,9,10],[4,5,7],[4,6,8],[4,7,10],
 [6,8,9],[7,8,9],[7,8,10]]

manifold_lex_d2_n10_o1_g2_#649=[[1,2,3],[1,2,4],[1,3,5],[1,4,6],[1,5,7],
 [1,6,7],[2,3,6],[2,4,5],[2,5,8],[2,6,9],[2,8,10],[2,9,10],[3,5,10],
 [3,6,7],[3,7,10],[4,5,9],[4,6,10],[4,8,9],[4,8,10],[5,6,8],[5,6,10],
 [5,7,9],[6,8,9],[7,9,10]]

manifold_lex_d2_n10_o1_g2_#650=[[1,2,3],[1,2,4],[1,3,5],[1,4,6],[1,5,7],
 [1,6,7],[2,3,6],[2,4,7],[2,5,6],[2,5,7],[3,4,5],[3,4,7],[3,6,8],
 [3,7,8],[4,5,9],[4,6,10],[4,8,9],[4,8,10],[5,6,10],[5,9,10],[6,7,9],
 [6,8,9],[7,8,10],[7,9,10]]

manifold_lex_d2_n10_o1_g2_#651=[[1,2,3],[1,2,4],[1,3,5],[1,4,6],[1,5,7],
 [1,6,7],[2,3,6],[2,4,7],[2,5,6],[2,5,7],[3,4,5],[3,4,7],[3,6,8],
 [3,7,9],[3,8,9],[4,5,10],[4,6,9],[4,8,9],[4,8,10],[5,6,10],[6,7,8],
 [6,9,10],[7,8,10],[7,9,10]]

manifold_lex_d2_n10_o1_g2_#652=[[1,2,3],[1,2,4],[1,3,5],[1,4,6],[1,5,7],
 [1,6,7],[2,3,6],[2,4,7],[2,5,6],[2,5,7],[3,4,5],[3,4,8],[3,6,7],
 [3,7,8],[4,5,9],[4,6,9],[4,7,10],[4,8,10],[5,6,10],[5,9,10],[6,8,9],
 [6,8,10],[7,8,9],[7,9,10]]

manifold_lex_d2_n10_o1_g2_#653=[[1,2,3],[1,2,4],[1,3,5],[1,4,6],[1,5,7],
 [1,6,7],[2,3,6],[2,4,7],[2,5,6],[2,5,7],[3,4,5],[3,4,8],[3,6,7],
 [3,7,9],[3,8,9],[4,5,10],[4,6,9],[4,7,8],[4,9,10],[5,6,10],[6,8,9],
 [6,8,10],[7,8,10],[7,9,10]]

manifold_lex_d2_n10_o1_g2_#654=[[1,2,3],[1,2,4],[1,3,5],[1,4,6],[1,5,7],
 [1,6,7],[2,3,6],[2,4,7],[2,5,6],[2,5,7],[3,4,5],[3,4,8],[3,6,7],
 [3,7,9],[3,8,10],[3,9,10],[4,5,9],[4,6,10],[4,7,8],[4,9,10],[5,6,10],
 [5,8,9],[5,8,10],[7,8,9]]

manifold_lex_d2_n10_o1_g2_#655=[[1,2,3],[1,2,4],[1,3,5],[1,4,6],[1,5,7],
 [1,6,7],[2,3,6],[2,4,7],[2,5,6],[2,5,7],[3,4,5],[3,4,8],[3,6,7],
 [3,7,9],[3,8,10],[3,9,10],[4,5,10],[4,6,10],[4,7,9],[4,8,9],[5,6,8],
 [5,8,9],[5,9,10],[6,8,10]]

manifold_lex_d2_n10_o1_g2_#656=[[1,2,3],[1,2,4],[1,3,5],[1,4,6],[1,5,7],
 [1,6,7],[2,3,6],[2,4,7],[2,5,6],[2,5,7],[3,4,5],[3,4,8],[3,6,9],
 [3,7,8],[3,7,10],[3,9,10],[4,5,6],[4,7,9],[4,8,10],[4,9,10],[6,7,10],
 [6,8,9],[6,8,10],[7,8,9]]

manifold_lex_d2_n10_o1_g2_#657=[[1,2,3],[1,2,4],[1,3,5],[1,4,6],[1,5,7],
 [1,6,7],[2,3,6],[2,4,7],[2,5,6],[2,5,7],[3,4,5],[3,4,8],[3,6,9],
 [3,7,9],[3,7,10],[3,8,10],[4,5,6],[4,7,10],[4,8,9],[4,9,10],[6,7,8],
 [6,8,10],[6,9,10],[7,8,9]]

manifold_lex_d2_n10_o1_g2_#658=[[1,2,3],[1,2,4],[1,3,5],[1,4,6],[1,5,7],
 [1,6,7],[2,3,6],[2,4,7],[2,5,6],[2,5,7],[3,4,5],[3,4,8],[3,6,9],
 [3,8,10],[3,9,10],[4,5,9],[4,6,10],[4,7,8],[4,9,10],[5,6,10],[5,8,9],
 [5,8,10],[6,7,9],[7,8,9]]

manifold_lex_d2_n10_o1_g2_#659=[[1,2,3],[1,2,4],[1,3,5],[1,4,6],[1,5,7],
 [1,6,7],[2,3,6],[2,4,7],[2,5,6],[2,5,7],[3,4,5],[3,4,8],[3,6,9],
 [3,8,10],[3,9,10],[4,5,10],[4,6,10],[4,7,8],[5,6,8],[5,8,9],[5,9,10],
 [6,7,9],[6,8,10],[7,8,9]]

manifold_lex_d2_n10_o1_g2_#660=[[1,2,3],[1,2,4],[1,3,5],[1,4,6],[1,5,7],
 [1,6,7],[2,3,6],[2,4,7],[2,5,6],[2,5,7],[3,4,8],[3,4,9],[3,5,8],
 [3,6,7],[3,7,9],[4,6,8],[4,7,10],[4,9,10],[5,6,10],[5,8,10],[6,8,9],
 [6,9,10],[7,8,9],[7,8,10]]

manifold_lex_d2_n10_o1_g2_#661=[[1,2,3],[1,2,4],[1,3,5],[1,4,6],[1,5,7],
 [1,6,7],[2,3,6],[2,4,7],[2,5,6],[2,5,7],[3,4,8],[3,4,9],[3,5,8],
 [3,6,7],[3,7,10],[3,9,10],[4,5,9],[4,5,10],[4,6,8],[4,7,10],[5,6,9],
 [5,8,10],[6,8,9],[8,9,10]]

manifold_lex_d2_n10_o1_g2_#662=[[1,2,3],[1,2,4],[1,3,5],[1,4,6],[1,5,7],
 [1,6,7],[2,3,6],[2,4,7],[2,5,6],[2,5,7],[3,4,8],[3,4,9],[3,5,8],
 [3,6,7],[3,7,10],[3,9,10],[4,6,10],[4,7,9],[4,8,10],[5,6,9],[5,8,9],
 [6,9,10],[7,8,9],[7,8,10]]

manifold_lex_d2_n10_o1_g2_#663=[[1,2,3],[1,2,4],[1,3,5],[1,4,6],[1,5,7],
 [1,6,7],[2,3,6],[2,4,7],[2,5,6],[2,5,7],[3,4,8],[3,4,9],[3,5,8],
 [3,6,7],[3,7,10],[3,9,10],[4,6,10],[4,7,9],[4,8,10],[5,6,10],[5,8,9],
 [5,9,10],[7,8,9],[7,8,10]]

manifold_lex_d2_n10_o1_g2_#664=[[1,2,3],[1,2,4],[1,3,5],[1,4,6],[1,5,7],
 [1,6,7],[2,3,6],[2,4,7],[2,5,6],[2,5,7],[3,4,8],[3,4,9],[3,5,10],
 [3,6,7],[3,7,8],[3,9,10],[4,5,8],[4,5,10],[4,6,9],[4,7,10],[5,6,9],
 [5,8,9],[7,8,10],[8,9,10]]

manifold_lex_d2_n10_o1_g2_#665=[[1,2,3],[1,2,4],[1,3,5],[1,4,6],[1,5,7],
 [1,6,7],[2,3,6],[2,4,7],[2,5,6],[2,5,7],[3,4,8],[3,4,9],[3,5,10],
 [3,6,7],[3,7,8],[3,9,10],[4,6,9],[4,7,10],[4,8,10],[5,6,8],[5,8,10],
 [6,8,9],[7,8,9],[7,9,10]]

manifold_lex_d2_n10_o1_g2_#666=[[1,2,3],[1,2,4],[1,3,5],[1,4,6],[1,5,7],
 [1,6,7],[2,3,6],[2,4,7],[2,5,6],[2,5,7],[3,4,8],[3,4,9],[3,5,10],
 [3,6,7],[3,7,8],[3,9,10],[4,6,9],[4,7,10],[4,8,10],[5,6,9],[5,8,9],
 [5,8,10],[7,8,9],[7,9,10]]

manifold_lex_d2_n10_o1_g2_#667=[[1,2,3],[1,2,4],[1,3,5],[1,4,6],[1,5,7],
 [1,6,7],[2,3,6],[2,4,7],[2,5,6],[2,5,7],[3,4,8],[3,4,9],[3,5,10],
 [3,6,8],[3,7,9],[3,7,10],[4,6,9],[4,7,10],[4,8,10],[5,6,9],[5,9,10],
 [6,7,8],[7,8,9],[8,9,10]]

manifold_lex_d2_n10_o1_g2_#668=[[1,2,3],[1,2,4],[1,3,5],[1,4,6],[1,5,7],
 [1,6,7],[2,3,6],[2,4,7],[2,5,6],[2,5,7],[3,4,8],[3,4,9],[3,5,10],
 [3,6,8],[3,9,10],[4,6,9],[4,7,10],[4,8,10],[5,6,9],[5,8,9],[5,8,10],
 [6,7,8],[7,8,9],[7,9,10]]

manifold_lex_d2_n10_o1_g2_#669=[[1,2,3],[1,2,4],[1,3,5],[1,4,6],[1,5,7],
 [1,6,7],[2,3,6],[2,4,7],[2,5,6],[2,5,7],[3,5,8],[3,6,7],[3,7,9],
 [3,8,9],[4,5,8],[4,5,9],[4,6,9],[4,7,10],[4,8,10],[5,6,10],[5,9,10],
 [6,8,9],[6,8,10],[7,9,10]]

manifold_lex_d2_n10_o1_g2_#670=[[1,2,3],[1,2,4],[1,3,5],[1,4,6],[1,5,7],
 [1,6,7],[2,3,6],[2,4,7],[2,5,6],[2,5,7],[3,5,8],[3,6,7],[3,7,9],
 [3,8,9],[4,5,8],[4,5,10],[4,6,9],[4,7,8],[4,9,10],[5,6,10],[6,8,9],
 [6,8,10],[7,8,10],[7,9,10]]

manifold_lex_d2_n10_o1_g2_#671=[[1,2,3],[1,2,4],[1,3,5],[1,4,6],[1,5,7],
 [1,6,7],[2,3,6],[2,4,7],[2,5,6],[2,5,7],[3,5,8],[3,6,7],[3,7,9],
 [3,8,9],[4,5,9],[4,5,10],[4,6,8],[4,7,10],[4,8,9],[5,6,9],[5,8,10],
 [6,8,10],[6,9,10],[7,9,10]]

manifold_lex_d2_n10_o1_g2_#672=[[1,2,3],[1,2,4],[1,3,5],[1,4,6],[1,5,7],
 [1,6,7],[2,3,6],[2,4,7],[2,5,6],[2,5,7],[3,5,8],[3,6,7],[3,7,9],
 [3,8,10],[3,9,10],[4,5,8],[4,5,10],[4,6,10],[4,7,8],[5,6,9],[5,9,10],
 [6,8,9],[6,8,10],[7,8,9]]

manifold_lex_d2_n10_o1_g2_#673=[[1,2,3],[1,2,4],[1,3,5],[1,4,6],[1,5,7],
 [1,6,7],[2,3,6],[2,4,7],[2,5,6],[2,5,7],[3,5,8],[3,6,7],[3,7,9],
 [3,8,10],[3,9,10],[4,5,9],[4,5,10],[4,6,8],[4,7,9],[4,8,10],[5,6,10],
 [5,8,9],[6,8,9],[6,9,10]]

manifold_lex_d2_n10_o1_g2_#674=[[1,2,3],[1,2,4],[1,3,5],[1,4,6],[1,5,7],
 [1,6,7],[2,3,6],[2,4,7],[2,5,6],[2,5,8],[2,7,8],[3,4,5],[3,4,9],
 [3,6,8],[3,8,9],[4,5,6],[4,7,10],[4,9,10],[5,7,9],[5,8,10],[5,9,10],
 [6,7,10],[6,8,10],[7,8,9]]

manifold_lex_d2_n10_o1_g2_#675=[[1,2,3],[1,2,4],[1,3,5],[1,4,6],[1,5,7],
 [1,6,7],[2,3,6],[2,4,7],[2,5,6],[2,5,8],[2,7,8],[3,4,5],[3,4,9],
 [3,6,9],[4,5,6],[4,7,10],[4,9,10],[5,7,9],[5,8,10],[5,9,10],[6,7,10],
 [6,8,9],[6,8,10],[7,8,9]]

manifold_lex_d2_n10_o1_g2_#676=[[1,2,3],[1,2,4],[1,3,5],[1,4,6],[1,5,7],
 [1,6,7],[2,3,6],[2,4,7],[2,5,6],[2,5,8],[2,7,8],[3,4,5],[3,4,9],
 [3,6,10],[3,7,8],[3,7,9],[3,8,10],[4,5,6],[4,7,10],[4,9,10],[5,7,9],
 [5,8,9],[6,7,10],[8,9,10]]

manifold_lex_d2_n10_o1_g2_#677=[[1,2,3],[1,2,4],[1,3,5],[1,4,6],[1,5,7],
 [1,6,7],[2,3,6],[2,4,7],[2,5,6],[2,5,8],[2,7,8],[3,4,5],[3,4,9],
 [3,6,10],[3,8,9],[3,8,10],[4,5,6],[4,7,10],[4,9,10],[5,7,9],[5,8,10],
 [5,9,10],[6,7,10],[7,8,9]]

manifold_lex_d2_n10_o1_g2_#678=[[1,2,3],[1,2,4],[1,3,5],[1,4,6],[1,5,7],
 [1,6,7],[2,3,6],[2,4,7],[2,5,6],[2,5,8],[2,7,8],[3,4,5],[3,4,9],
 [3,6,10],[3,9,10],[4,5,6],[4,7,9],[5,7,10],[5,8,9],[5,9,10],[6,7,9],
 [6,8,9],[6,8,10],[7,8,10]]

manifold_lex_d2_n10_o1_g2_#679=[[1,2,3],[1,2,4],[1,3,5],[1,4,6],[1,5,7],
 [1,6,7],[2,3,6],[2,4,7],[2,5,6],[2,5,8],[2,7,8],[3,4,7],[3,4,8],
 [3,5,9],[3,6,7],[3,8,9],[4,6,10],[4,8,10],[5,6,9],[5,7,10],[5,8,10],
 [6,9,10],[7,8,9],[7,9,10]]

manifold_lex_d2_n10_o1_g2_#680=[[1,2,3],[1,2,4],[1,3,5],[1,4,6],[1,5,7],
 [1,6,7],[2,3,6],[2,4,7],[2,5,6],[2,5,8],[2,7,8],[3,4,7],[3,4,9],
 [3,5,9],[3,6,7],[4,5,8],[4,5,10],[4,6,10],[4,8,9],[5,6,9],[5,7,10],
 [6,9,10],[7,8,10],[8,9,10]]

manifold_lex_d2_n10_o1_g2_#681=[[1,2,3],[1,2,4],[1,3,5],[1,4,6],[1,5,7],
 [1,6,7],[2,3,6],[2,4,7],[2,5,6],[2,5,8],[2,7,8],[3,4,7],[3,4,9],
 [3,5,9],[3,6,7],[4,6,10],[4,8,9],[4,8,10],[5,6,9],[5,7,10],[5,8,10],
 [6,9,10],[7,8,9],[7,9,10]]

manifold_lex_d2_n10_o1_g2_#682=[[1,2,3],[1,2,4],[1,3,5],[1,4,6],[1,5,7],
 [1,6,7],[2,3,6],[2,4,7],[2,5,6],[2,5,8],[2,7,8],[3,4,7],[3,4,9],
 [3,5,10],[3,6,7],[3,8,9],[3,8,10],[4,6,9],[5,6,10],[5,7,9],[5,8,9],
 [6,9,10],[7,8,10],[7,9,10]]

manifold_lex_d2_n10_o1_g2_#683=[[1,2,3],[1,2,4],[1,3,5],[1,4,6],[1,5,7],
 [1,6,7],[2,3,6],[2,4,7],[2,5,6],[2,5,8],[2,7,8],[3,4,7],[3,4,9],
 [3,5,10],[3,6,7],[3,8,9],[3,8,10],[4,6,10],[4,9,10],[5,6,10],[5,7,9],
 [5,8,9],[7,8,10],[7,9,10]]

manifold_lex_d2_n10_o1_g2_#684=[[1,2,3],[1,2,4],[1,3,5],[1,4,6],[1,5,7],
 [1,6,7],[2,3,6],[2,4,7],[2,5,6],[2,5,8],[2,7,8],[3,5,9],[3,6,7],
 [3,7,9],[4,5,8],[4,5,10],[4,6,10],[4,7,9],[4,8,9],[5,6,9],[5,7,10],
 [6,9,10],[7,8,10],[8,9,10]]

manifold_lex_d2_n10_o1_g2_#685=[[1,2,3],[1,2,4],[1,3,5],[1,4,6],[1,5,7],
 [1,6,7],[2,3,6],[2,4,7],[2,5,6],[2,5,8],[2,7,9],[2,8,9],[3,4,5],
 [3,4,10],[3,6,8],[3,8,9],[3,9,10],[4,5,6],[4,7,10],[5,7,9],[5,8,10],
 [5,9,10],[6,7,8],[7,8,10]]

manifold_lex_d2_n10_o1_g2_#686=[[1,2,3],[1,2,4],[1,3,5],[1,4,6],[1,5,7],
 [1,6,7],[2,3,6],[2,4,7],[2,5,6],[2,5,8],[2,7,9],[2,8,9],[3,4,5],
 [3,4,10],[3,6,9],[3,7,8],[3,7,9],[3,8,10],[4,5,6],[4,7,10],[5,7,8],
 [6,7,10],[6,9,10],[8,9,10]]

manifold_lex_d2_n10_o1_g2_#687=[[1,2,3],[1,2,4],[1,3,5],[1,4,6],[1,5,7],
 [1,6,7],[2,3,6],[2,4,7],[2,5,6],[2,5,8],[2,7,9],[2,8,9],[3,4,5],
 [3,4,10],[3,6,9],[3,9,10],[4,5,6],[4,7,8],[4,8,10],[5,7,10],[5,8,10],
 [6,7,8],[6,8,9],[7,9,10]]

manifold_lex_d2_n10_o1_g2_#688=[[1,2,3],[1,2,4],[1,3,5],[1,4,6],[1,5,7],
 [1,6,7],[2,3,6],[2,4,7],[2,5,6],[2,5,8],[2,7,9],[2,8,9],[3,4,5],
 [3,4,10],[3,6,9],[3,9,10],[4,5,6],[4,7,10],[5,7,9],[5,8,10],[5,9,10],
 [6,7,8],[6,8,9],[7,8,10]]

manifold_lex_d2_n10_o1_g2_#689=[[1,2,3],[1,2,4],[1,3,5],[1,4,6],[1,5,7],
 [1,6,7],[2,3,6],[2,4,7],[2,5,6],[2,5,8],[2,7,9],[2,8,9],[3,4,5],
 [3,4,10],[3,6,10],[4,5,6],[4,7,8],[4,8,10],[5,7,9],[5,8,10],[5,9,10],
 [6,7,8],[6,8,9],[6,9,10]]

manifold_lex_d2_n10_o1_g2_#690=[[1,2,3],[1,2,4],[1,3,5],[1,4,6],[1,5,7],
 [1,6,7],[2,3,6],[2,4,7],[2,5,6],[2,5,8],[2,7,9],[2,8,9],[3,4,7],
 [3,4,8],[3,5,9],[3,6,7],[3,8,9],[4,6,10],[4,8,10],[5,6,9],[5,7,10],
 [5,8,10],[6,9,10],[7,9,10]]

manifold_lex_d2_n10_o1_g2_#691=[[1,2,3],[1,2,4],[1,3,5],[1,4,6],[1,5,7],
 [1,6,7],[2,3,6],[2,4,7],[2,5,6],[2,5,8],[2,7,9],[2,8,9],[3,4,7],
 [3,4,8],[3,5,9],[3,6,7],[3,8,9],[4,6,10],[4,8,10],[5,6,10],[5,7,8],
 [5,9,10],[7,8,10],[7,9,10]]

manifold_lex_d2_n10_o1_g2_#692=[[1,2,3],[1,2,4],[1,3,5],[1,4,6],[1,5,7],
 [1,6,7],[2,3,6],[2,4,7],[2,5,6],[2,5,8],[2,7,9],[2,8,9],[3,4,7],
 [3,4,8],[3,5,10],[3,6,7],[3,8,10],[4,5,8],[4,5,9],[4,6,10],[4,9,10],
 [5,6,10],[5,7,9],[8,9,10]]

manifold_lex_d2_n10_o1_g2_#693=[[1,2,3],[1,2,4],[1,3,5],[1,4,6],[1,5,7],
 [1,6,7],[2,3,6],[2,4,7],[2,5,6],[2,5,8],[2,7,9],[2,8,9],[3,4,7],
 [3,4,9],[3,5,9],[3,6,7],[4,6,10],[4,8,9],[4,8,10],[5,6,10],[5,7,8],
 [5,9,10],[7,8,10],[7,9,10]]

manifold_lex_d2_n10_o1_g2_#694=[[1,2,3],[1,2,4],[1,3,5],[1,4,6],[1,5,7],
 [1,6,7],[2,3,6],[2,4,7],[2,5,6],[2,5,8],[2,7,9],[2,8,9],[3,4,7],
 [3,4,9],[3,5,10],[3,6,7],[3,9,10],[4,6,8],[4,8,9],[5,6,10],[5,7,8],
 [6,8,10],[7,8,10],[7,9,10]]

manifold_lex_d2_n10_o1_g2_#695=[[1,2,3],[1,2,4],[1,3,5],[1,4,6],[1,5,7],
 [1,6,7],[2,3,6],[2,4,7],[2,5,6],[2,5,8],[2,7,9],[2,8,9],[3,4,7],
 [3,4,9],[3,5,10],[3,6,7],[3,9,10],[4,6,10],[4,8,9],[4,8,10],[5,6,10],
 [5,7,8],[7,8,10],[7,9,10]]

manifold_lex_d2_n10_o1_g2_#696=[[1,2,3],[1,2,4],[1,3,5],[1,4,6],[1,5,7],
 [1,6,7],[2,3,6],[2,4,7],[2,5,6],[2,5,8],[2,7,9],[2,8,9],[3,4,7],
 [3,4,10],[3,5,9],[3,6,7],[3,8,9],[3,8,10],[4,6,10],[5,6,9],[5,7,8],
 [6,9,10],[7,8,10],[7,9,10]]

manifold_lex_d2_n10_o1_g2_#697=[[1,2,3],[1,2,4],[1,3,5],[1,4,6],[1,5,7],
 [1,6,7],[2,3,6],[2,4,7],[2,5,6],[2,5,8],[2,7,9],[2,8,9],[3,5,9],
 [3,6,7],[3,7,8],[3,8,9],[4,6,10],[4,7,8],[4,8,10],[5,6,9],[5,7,10],
 [5,8,10],[6,9,10],[7,9,10]]

manifold_lex_d2_n10_o1_g2_#698=[[1,2,3],[1,2,4],[1,3,5],[1,4,6],[1,5,7],
 [1,6,7],[2,3,6],[2,4,7],[2,5,6],[2,5,8],[2,7,9],[2,8,9],[3,5,9],
 [3,6,8],[3,8,9],[4,6,10],[4,7,8],[4,8,10],[5,6,9],[5,7,10],[5,8,10],
 [6,7,8],[6,9,10],[7,9,10]]

manifold_lex_d2_n10_o1_g2_#699=[[1,2,3],[1,2,4],[1,3,5],[1,4,6],[1,5,7],
 [1,6,7],[2,3,6],[2,4,7],[2,5,6],[2,5,8],[2,7,9],[2,8,9],[3,5,10],
 [3,6,7],[3,7,8],[3,8,10],[4,5,8],[4,5,9],[4,6,10],[4,7,8],[4,9,10],
 [5,6,10],[5,7,9],[8,9,10]]

manifold_lex_d2_n10_o1_g2_#700=[[1,2,3],[1,2,4],[1,3,5],[1,4,6],[1,5,7],
 [1,6,7],[2,3,6],[2,4,7],[2,5,6],[2,5,8],[2,7,9],[2,8,9],[3,5,10],
 [3,6,7],[3,7,10],[4,5,8],[4,5,9],[4,6,9],[4,7,8],[5,6,10],[5,7,9],
 [6,9,10],[7,8,10],[8,9,10]]

manifold_lex_d2_n10_o1_g2_#701=[[1,2,3],[1,2,4],[1,3,5],[1,4,6],[1,5,7],
 [1,6,7],[2,3,6],[2,4,7],[2,5,6],[2,5,8],[2,7,9],[2,8,9],[3,5,10],
 [3,6,7],[3,7,10],[4,5,8],[4,5,9],[4,6,9],[4,7,10],[4,8,10],[5,6,10],
 [5,7,9],[6,8,9],[6,8,10]]

manifold_lex_d2_n10_o1_g2_#702=[[1,2,3],[1,2,4],[1,3,5],[1,4,6],[1,5,7],
 [1,6,7],[2,3,6],[2,4,7],[2,5,6],[2,5,8],[2,7,9],[2,8,9],[3,5,10],
 [3,6,8],[3,8,10],[4,5,8],[4,5,9],[4,6,10],[4,7,8],[4,9,10],[5,6,10],
 [5,7,9],[6,7,8],[8,9,10]]

manifold_lex_d2_n10_o1_g2_#703=[[1,2,3],[1,2,4],[1,3,5],[1,4,6],[1,5,7],
 [1,6,7],[2,3,6],[2,4,7],[2,5,6],[2,5,8],[2,7,9],[2,8,10],[2,9,10],
 [3,4,5],[3,4,8],[3,6,9],[3,8,9],[4,5,6],[4,7,10],[4,8,10],[5,7,8],
 [6,7,10],[6,9,10],[7,8,9]]

manifold_lex_d2_n10_o1_g2_#704=[[1,2,3],[1,2,4],[1,3,5],[1,4,6],[1,5,7],
 [1,6,7],[2,3,6],[2,4,7],[2,5,6],[2,5,8],[2,7,9],[2,8,10],[2,9,10],
 [3,4,5],[3,4,8],[3,6,9],[3,8,9],[4,5,6],[4,7,10],[4,8,10],[5,7,9],
 [5,8,9],[6,7,10],[6,9,10]]

manifold_lex_d2_n10_o1_g2_#705=[[1,2,3],[1,2,4],[1,3,5],[1,4,6],[1,5,7],
 [1,6,7],[2,3,6],[2,4,7],[2,5,6],[2,5,8],[2,7,9],[2,8,10],[2,9,10],
 [3,4,5],[3,4,8],[3,6,10],[3,8,9],[3,9,10],[4,5,6],[4,7,8],[5,7,9],
 [5,8,9],[6,7,10],[7,8,10]]

manifold_lex_d2_n10_o1_g2_#706=[[1,2,3],[1,2,4],[1,3,5],[1,4,6],[1,5,7],
 [1,6,7],[2,3,6],[2,4,7],[2,5,6],[2,5,8],[2,7,9],[2,8,10],[2,9,10],
 [3,4,5],[3,4,9],[3,6,9],[4,5,6],[4,7,10],[4,8,9],[4,8,10],[5,7,8],
 [6,7,10],[6,9,10],[7,8,9]]

manifold_lex_d2_n10_o1_g2_#707=[[1,2,3],[1,2,4],[1,3,5],[1,4,6],[1,5,7],
 [1,6,7],[2,3,6],[2,4,7],[2,5,6],[2,5,8],[2,7,9],[2,8,10],[2,9,10],
 [3,4,5],[3,4,9],[3,6,10],[3,9,10],[4,5,6],[4,7,8],[4,8,9],[5,7,9],
 [5,8,9],[6,7,10],[7,8,10]]

manifold_lex_d2_n10_o1_g2_#708=[[1,2,3],[1,2,4],[1,3,5],[1,4,6],[1,5,7],
 [1,6,7],[2,3,6],[2,4,7],[2,5,6],[2,5,8],[2,7,9],[2,8,10],[2,9,10],
 [3,4,5],[3,4,9],[3,6,10],[3,9,10],[4,5,6],[4,7,10],[4,8,9],[4,8,10],
 [5,7,8],[6,7,10],[7,8,9]]

manifold_lex_d2_n10_o1_g2_#709=[[1,2,3],[1,2,4],[1,3,5],[1,4,6],[1,5,7],
 [1,6,7],[2,3,6],[2,4,7],[2,5,6],[2,5,8],[2,7,9],[2,8,10],[2,9,10],
 [3,4,5],[3,4,10],[3,6,9],[3,8,9],[3,8,10],[4,5,6],[4,7,10],[5,7,8],
 [6,7,10],[6,9,10],[7,8,9]]

manifold_lex_d2_n10_o1_g2_#710=[[1,2,3],[1,2,4],[1,3,5],[1,4,6],[1,5,7],
 [1,6,7],[2,3,6],[2,4,7],[2,5,6],[2,5,8],[2,7,9],[2,8,10],[2,9,10],
 [3,4,5],[3,4,10],[3,6,10],[4,5,6],[4,7,8],[4,8,9],[4,9,10],[5,7,9],
 [5,8,9],[6,7,8],[6,8,10]]

manifold_lex_d2_n10_o1_g2_#711=[[1,2,3],[1,2,4],[1,3,5],[1,4,6],[1,5,7],
 [1,6,7],[2,3,6],[2,4,7],[2,5,6],[2,5,8],[2,7,9],[2,8,10],[2,9,10],
 [3,4,7],[3,4,8],[3,5,10],[3,6,7],[3,8,10],[4,6,8],[5,6,10],[5,7,9],
 [5,8,9],[6,8,9],[6,9,10]]

manifold_lex_d2_n10_o1_g2_#712=[[1,2,3],[1,2,4],[1,3,5],[1,4,6],[1,5,7],
 [1,6,7],[2,3,6],[2,4,7],[2,5,6],[2,5,8],[2,7,9],[2,8,10],[2,9,10],
 [3,4,7],[3,4,8],[3,5,10],[3,6,7],[3,8,10],[4,6,9],[4,8,9],[5,6,10],
 [5,7,8],[6,9,10],[7,8,9]]

manifold_lex_d2_n10_o1_g2_#713=[[1,2,3],[1,2,4],[1,3,5],[1,4,6],[1,5,7],
 [1,6,7],[2,3,6],[2,4,7],[2,5,6],[2,5,8],[2,7,9],[2,8,10],[2,9,10],
 [3,4,7],[3,4,8],[3,5,10],[3,6,7],[3,8,10],[4,6,9],[4,8,9],[5,6,10],
 [5,7,9],[5,8,9],[6,9,10]]

manifold_lex_d2_n10_o1_g2_#714=[[1,2,3],[1,2,4],[1,3,5],[1,4,6],[1,5,7],
 [1,6,7],[2,3,6],[2,4,7],[2,5,6],[2,5,8],[2,7,9],[2,8,10],[2,9,10],
 [3,4,7],[3,4,8],[3,5,10],[3,6,7],[3,8,10],[4,6,10],[4,8,9],[4,9,10],
 [5,6,10],[5,7,9],[5,8,9]]

manifold_lex_d2_n10_o1_g2_#715=[[1,2,3],[1,2,4],[1,3,5],[1,4,6],[1,5,7],
 [1,6,7],[2,3,6],[2,4,7],[2,5,6],[2,5,8],[2,7,9],[2,8,10],[2,9,10],
 [3,4,7],[3,4,10],[3,5,9],[3,6,7],[3,9,10],[4,6,10],[5,6,9],[5,7,8],
 [6,8,9],[6,8,10],[7,8,9]]

manifold_lex_d2_n10_o1_g2_#716=[[1,2,3],[1,2,4],[1,3,5],[1,4,6],[1,5,7],
 [1,6,7],[2,3,6],[2,4,7],[2,5,6],[2,5,8],[2,7,9],[2,8,10],[2,9,10],
 [3,4,7],[3,4,10],[3,5,10],[3,6,7],[4,6,8],[4,8,10],[5,6,9],[5,7,8],
 [5,9,10],[6,8,9],[7,8,9]]

manifold_lex_d2_n10_o1_g2_#717=[[1,2,3],[1,2,4],[1,3,5],[1,4,6],[1,5,7],
 [1,6,7],[2,3,6],[2,4,7],[2,5,6],[2,5,8],[2,7,9],[2,8,10],[2,9,10],
 [3,4,7],[3,4,10],[3,5,10],[3,6,7],[4,6,8],[4,8,10],[5,6,10],[5,7,9],
 [5,8,9],[6,8,9],[6,9,10]]

manifold_lex_d2_n10_o1_g2_#718=[[1,2,3],[1,2,4],[1,3,5],[1,4,6],[1,5,7],
 [1,6,7],[2,3,6],[2,4,7],[2,5,6],[2,5,8],[2,7,9],[2,8,10],[2,9,10],
 [3,4,7],[3,4,10],[3,5,10],[3,6,7],[4,6,9],[4,8,9],[4,8,10],[5,6,9],
 [5,7,8],[5,9,10],[7,8,9]]

manifold_lex_d2_n10_o1_g2_#719=[[1,2,3],[1,2,4],[1,3,5],[1,4,6],[1,5,7],
 [1,6,7],[2,3,6],[2,4,7],[2,5,6],[2,5,8],[2,7,9],[2,8,10],[2,9,10],
 [3,4,7],[3,4,10],[3,5,10],[3,6,7],[4,6,9],[4,8,9],[4,8,10],[5,6,10],
 [5,7,8],[6,9,10],[7,8,9]]

manifold_lex_d2_n10_o1_g2_#720=[[1,2,3],[1,2,4],[1,3,5],[1,4,6],[1,5,7],
 [1,6,7],[2,3,6],[2,4,7],[2,5,6],[2,5,8],[2,7,9],[2,8,10],[2,9,10],
 [3,5,9],[3,6,7],[3,7,10],[3,9,10],[4,6,8],[4,7,10],[4,8,10],[5,6,9],
 [5,7,8],[6,8,9],[7,8,9]]

manifold_lex_d2_n10_o1_g2_#721=[[1,2,3],[1,2,4],[1,3,5],[1,4,6],[1,5,7],
 [1,6,7],[2,3,6],[2,4,7],[2,5,6],[2,5,8],[2,7,9],[2,8,10],[2,9,10],
 [3,5,9],[3,6,7],[3,7,10],[3,9,10],[4,6,9],[4,7,10],[4,8,9],[4,8,10],
 [5,6,9],[5,7,8],[7,8,9]]

manifold_lex_d2_n10_o1_g2_#722=[[1,2,3],[1,2,4],[1,3,5],[1,4,6],[1,5,7],
 [1,6,7],[2,3,6],[2,4,7],[2,5,6],[2,5,8],[2,7,9],[2,8,10],[2,9,10],
 [3,5,9],[3,6,10],[3,9,10],[4,6,9],[4,7,10],[4,8,9],[4,8,10],[5,6,9],
 [5,7,8],[6,7,10],[7,8,9]]

manifold_lex_d2_n10_o1_g2_#723=[[1,2,3],[1,2,4],[1,3,5],[1,4,6],[1,5,7],
 [1,6,7],[2,3,6],[2,4,7],[2,5,6],[2,5,8],[2,7,9],[2,8,10],[2,9,10],
 [3,5,10],[3,6,7],[3,7,8],[3,8,10],[4,5,8],[4,5,9],[4,6,9],[4,7,8],
 [5,6,10],[5,7,9],[6,9,10]]

manifold_lex_d2_n10_o1_g2_#724=[[1,2,3],[1,2,4],[1,3,5],[1,4,6],[1,5,7],
 [1,6,7],[2,3,6],[2,4,7],[2,5,6],[2,5,8],[2,7,9],[2,8,10],[2,9,10],
 [3,5,10],[3,6,7],[3,7,8],[3,8,10],[4,6,9],[4,7,8],[4,8,9],[5,6,10],
 [5,7,9],[5,8,9],[6,9,10]]

manifold_lex_d2_n10_o1_g2_#725=[[1,2,3],[1,2,4],[1,3,5],[1,4,6],[1,5,7],
 [1,6,7],[2,3,6],[2,4,7],[2,5,6],[2,5,8],[2,7,9],[2,8,10],[2,9,10],
 [3,5,10],[3,6,7],[3,7,8],[3,8,10],[4,6,10],[4,7,8],[4,8,9],[4,9,10],
 [5,6,10],[5,7,9],[5,8,9]]

manifold_lex_d2_n10_o1_g2_#726=[[1,2,3],[1,2,4],[1,3,5],[1,4,6],[1,5,7],
 [1,6,7],[2,3,6],[2,4,7],[2,5,6],[2,5,8],[2,7,9],[2,8,10],[2,9,10],
 [3,5,10],[3,6,7],[3,7,10],[4,6,8],[4,7,10],[4,8,10],[5,6,9],[5,7,8],
 [5,9,10],[6,8,9],[7,8,9]]

manifold_lex_d2_n10_o1_g2_#727=[[1,2,3],[1,2,4],[1,3,5],[1,4,6],[1,5,7],
 [1,6,7],[2,3,6],[2,4,7],[2,5,6],[2,5,8],[2,7,9],[2,8,10],[2,9,10],
 [3,5,10],[3,6,7],[3,7,10],[4,6,8],[4,7,10],[4,8,10],[5,6,10],[5,7,9],
 [5,8,9],[6,8,9],[6,9,10]]

manifold_lex_d2_n10_o1_g2_#728=[[1,2,3],[1,2,4],[1,3,5],[1,4,6],[1,5,7],
 [1,6,7],[2,3,6],[2,4,7],[2,5,6],[2,5,8],[2,7,9],[2,8,10],[2,9,10],
 [3,5,10],[3,6,7],[3,7,10],[4,6,9],[4,7,8],[4,8,9],[5,6,10],[5,7,9],
 [5,8,9],[6,9,10],[7,8,10]]

manifold_lex_d2_n10_o1_g2_#729=[[1,2,3],[1,2,4],[1,3,5],[1,4,6],[1,5,7],
 [1,6,7],[2,3,6],[2,4,7],[2,5,6],[2,5,8],[2,7,9],[2,8,10],[2,9,10],
 [3,5,10],[3,6,7],[3,7,10],[4,6,9],[4,7,10],[4,8,9],[4,8,10],[5,6,10],
 [5,7,8],[6,9,10],[7,8,9]]

manifold_lex_d2_n10_o1_g2_#730=[[1,2,3],[1,2,4],[1,3,5],[1,4,6],[1,5,7],
 [1,6,7],[2,3,6],[2,4,7],[2,5,6],[2,5,8],[2,7,9],[2,8,10],[2,9,10],
 [3,5,10],[3,6,8],[3,8,10],[4,5,6],[4,5,10],[4,7,8],[4,8,9],[4,9,10],
 [5,7,9],[5,8,9],[6,7,8]]

manifold_lex_d2_n10_o1_g2_#731=[[1,2,3],[1,2,4],[1,3,5],[1,4,6],[1,5,7],
 [1,6,7],[2,3,6],[2,4,7],[2,5,6],[2,5,8],[2,7,9],[2,8,10],[2,9,10],
 [3,5,10],[3,6,8],[3,8,10],[4,5,8],[4,5,9],[4,6,9],[4,7,8],[5,6,10],
 [5,7,9],[6,7,8],[6,9,10]]

manifold_lex_d2_n10_o1_g2_#732=[[1,2,3],[1,2,4],[1,3,5],[1,4,6],[1,5,7],
 [1,6,7],[2,3,6],[2,4,7],[2,5,6],[2,5,8],[2,7,9],[2,8,10],[2,9,10],
 [3,5,10],[3,6,8],[3,8,10],[4,6,10],[4,7,8],[4,8,9],[4,9,10],[5,6,10],
 [5,7,9],[5,8,9],[6,7,8]]

manifold_lex_d2_n10_o1_g2_#733=[[1,2,3],[1,2,4],[1,3,5],[1,4,6],[1,5,7],
 [1,6,7],[2,3,6],[2,4,7],[2,5,7],[2,5,8],[2,6,8],[3,4,5],[3,4,8],
 [3,6,7],[3,7,9],[3,8,10],[3,9,10],[4,5,10],[4,6,10],[4,7,9],[4,8,9],
 [5,8,9],[5,9,10],[6,8,10]]

manifold_lex_d2_n10_o1_g2_#734=[[1,2,3],[1,2,4],[1,3,5],[1,4,6],[1,5,7],
 [1,6,7],[2,3,6],[2,4,7],[2,5,7],[2,5,8],[2,6,8],[3,4,5],[3,4,8],
 [3,6,9],[3,8,10],[3,9,10],[4,5,10],[4,6,10],[4,7,8],[5,8,9],[5,9,10],
 [6,7,9],[6,8,10],[7,8,9]]

manifold_lex_d2_n10_o1_g2_#735=[[1,2,3],[1,2,4],[1,3,5],[1,4,6],[1,5,7],
 [1,6,7],[2,3,6],[2,4,7],[2,5,7],[2,5,8],[2,6,8],[3,4,5],[3,4,9],
 [3,6,7],[3,7,9],[4,5,10],[4,6,10],[4,7,8],[4,8,9],[5,8,10],[6,8,9],
 [6,9,10],[7,8,10],[7,9,10]]

manifold_lex_d2_n10_o1_g2_#736=[[1,2,3],[1,2,4],[1,3,5],[1,4,6],[1,5,7],
 [1,6,7],[2,3,6],[2,4,7],[2,5,7],[2,5,8],[2,6,8],[3,4,5],[3,4,9],
 [3,6,7],[3,7,10],[3,8,9],[3,8,10],[4,5,10],[4,6,10],[4,7,9],[5,8,9],
 [5,9,10],[6,8,10],[7,9,10]]

manifold_lex_d2_n10_o1_g2_#737=[[1,2,3],[1,2,4],[1,3,5],[1,4,6],[1,5,7],
 [1,6,7],[2,3,6],[2,4,7],[2,5,7],[2,5,8],[2,6,8],[3,4,5],[3,4,9],
 [3,6,7],[3,7,10],[3,9,10],[4,5,6],[4,7,10],[4,8,9],[4,8,10],[5,6,9],
 [5,8,10],[5,9,10],[6,8,9]]

manifold_lex_d2_n10_o1_g2_#738=[[1,2,3],[1,2,4],[1,3,5],[1,4,6],[1,5,7],
 [1,6,7],[2,3,6],[2,4,7],[2,5,7],[2,5,8],[2,6,8],[3,4,5],[3,4,9],
 [3,6,7],[3,7,10],[3,9,10],[4,5,10],[4,6,10],[4,7,9],[5,8,10],[6,8,9],
 [6,9,10],[7,8,9],[7,8,10]]

manifold_lex_d2_n10_o1_g2_#739=[[1,2,3],[1,2,4],[1,3,5],[1,4,6],[1,5,7],
 [1,6,7],[2,3,6],[2,4,7],[2,5,7],[2,5,8],[2,6,8],[3,4,5],[3,4,9],
 [3,6,10],[3,8,9],[3,8,10],[4,5,10],[4,6,8],[4,7,9],[4,8,10],[5,8,9],
 [5,9,10],[6,7,10],[7,9,10]]

manifold_lex_d2_n10_o1_g2_#740=[[1,2,3],[1,2,4],[1,3,5],[1,4,6],[1,5,7],
 [1,6,7],[2,3,6],[2,4,7],[2,5,7],[2,5,8],[2,6,8],[3,4,5],[3,4,9],
 [3,6,10],[3,9,10],[4,5,6],[4,7,8],[4,8,9],[5,6,9],[5,8,10],[5,9,10],
 [6,7,10],[6,8,9],[7,8,10]]

manifold_lex_d2_n10_o1_g2_#741=[[1,2,3],[1,2,4],[1,3,5],[1,4,6],[1,5,7],
 [1,6,7],[2,3,6],[2,4,7],[2,5,7],[2,5,8],[2,6,8],[3,4,5],[3,4,9],
 [3,6,10],[3,9,10],[4,5,6],[4,7,10],[4,8,9],[4,8,10],[5,6,9],[5,8,10],
 [5,9,10],[6,7,10],[6,8,9]]

manifold_lex_d2_n10_o1_g2_#742=[[1,2,3],[1,2,4],[1,3,5],[1,4,6],[1,5,7],
 [1,6,7],[2,3,6],[2,4,7],[2,5,7],[2,5,8],[2,6,8],[3,4,8],[3,4,9],
 [3,5,9],[3,6,7],[3,7,10],[3,8,10],[4,5,8],[4,5,10],[4,6,9],[4,7,10],
 [5,9,10],[6,8,9],[8,9,10]]

manifold_lex_d2_n10_o1_g2_#743=[[1,2,3],[1,2,4],[1,3,5],[1,4,6],[1,5,7],
 [1,6,7],[2,3,6],[2,4,7],[2,5,7],[2,5,8],[2,6,8],[3,4,8],[3,4,9],
 [3,5,10],[3,6,9],[3,8,10],[4,5,9],[4,5,10],[4,6,8],[4,7,10],[5,8,9],
 [6,7,9],[7,9,10],[8,9,10]]

manifold_lex_d2_n10_o1_g2_#744=[[1,2,3],[1,2,4],[1,3,5],[1,4,6],[1,5,7],
 [1,6,7],[2,3,6],[2,4,7],[2,5,7],[2,5,8],[2,6,8],[3,4,8],[3,4,9],
 [3,5,10],[3,6,9],[3,8,10],[4,6,8],[4,7,10],[4,9,10],[5,8,9],[5,9,10],
 [6,7,9],[7,8,9],[7,8,10]]

manifold_lex_d2_n10_o1_g2_#745=[[1,2,3],[1,2,4],[1,3,5],[1,4,6],[1,5,7],
 [1,6,7],[2,3,6],[2,4,7],[2,5,7],[2,5,8],[2,6,8],[3,4,9],[3,4,10],
 [3,5,9],[3,6,7],[3,7,8],[3,8,10],[4,6,9],[4,7,10],[5,8,10],[5,9,10],
 [6,8,9],[7,8,9],[7,9,10]]

manifold_lex_d2_n10_o1_g2_#746=[[1,2,3],[1,2,4],[1,3,5],[1,4,6],[1,5,7],
 [1,6,7],[2,3,6],[2,4,7],[2,5,7],[2,5,8],[2,6,8],[3,5,9],[3,6,7],
 [3,7,8],[3,8,9],[4,5,8],[4,5,10],[4,6,9],[4,7,10],[4,8,9],[5,9,10],
 [6,8,10],[6,9,10],[7,8,10]]

manifold_lex_d2_n10_o1_g2_#747=[[1,2,3],[1,2,4],[1,3,5],[1,4,6],[1,5,7],
 [1,6,7],[2,3,6],[2,4,7],[2,5,7],[2,5,8],[2,6,8],[3,5,9],[3,6,7],
 [3,7,9],[4,5,6],[4,5,9],[4,7,10],[4,8,9],[4,8,10],[5,6,10],[5,8,10],
 [6,8,9],[6,9,10],[7,9,10]]

manifold_lex_d2_n10_o1_g2_#748=[[1,2,3],[1,2,4],[1,3,5],[1,4,6],[1,5,7],
 [1,6,7],[2,3,6],[2,4,7],[2,5,7],[2,5,8],[2,6,8],[3,5,9],[3,6,7],
 [3,7,9],[4,5,8],[4,5,10],[4,6,9],[4,7,10],[4,8,9],[5,9,10],[6,8,10],
 [6,9,10],[7,8,9],[7,8,10]]

manifold_lex_d2_n10_o1_g2_#749=[[1,2,3],[1,2,4],[1,3,5],[1,4,6],[1,5,7],
 [1,6,7],[2,3,6],[2,4,7],[2,5,7],[2,5,8],[2,6,8],[3,5,9],[3,6,7],
 [3,7,9],[4,5,9],[4,5,10],[4,6,10],[4,7,8],[4,8,9],[5,8,10],[6,8,9],
 [6,9,10],[7,8,10],[7,9,10]]

manifold_lex_d2_n10_o1_g2_#750=[[1,2,3],[1,2,4],[1,3,5],[1,4,6],[1,5,7],
 [1,6,7],[2,3,6],[2,4,7],[2,5,7],[2,5,8],[2,6,8],[3,5,9],[3,6,7],
 [3,7,10],[3,8,9],[3,8,10],[4,5,8],[4,5,10],[4,6,9],[4,7,10],[4,8,9],
 [5,9,10],[6,8,10],[6,9,10]]

manifold_lex_d2_n10_o1_g2_#751=[[1,2,3],[1,2,4],[1,3,5],[1,4,6],[1,5,7],
 [1,6,7],[2,3,6],[2,4,7],[2,5,7],[2,5,8],[2,6,8],[3,5,9],[3,6,7],
 [3,7,10],[3,9,10],[4,5,6],[4,5,9],[4,7,8],[4,8,9],[5,6,10],[5,8,10],
 [6,8,9],[6,9,10],[7,8,10]]

manifold_lex_d2_n10_o1_g2_#752=[[1,2,3],[1,2,4],[1,3,5],[1,4,6],[1,5,7],
 [1,6,7],[2,3,6],[2,4,7],[2,5,7],[2,5,8],[2,6,8],[3,5,9],[3,6,7],
 [3,7,10],[3,9,10],[4,5,9],[4,5,10],[4,6,10],[4,7,8],[4,8,9],[5,8,10],
 [6,8,9],[6,9,10],[7,8,10]]

manifold_lex_d2_n10_o1_g2_#753=[[1,2,3],[1,2,4],[1,3,5],[1,4,6],[1,5,7],
 [1,6,7],[2,3,6],[2,4,7],[2,5,7],[2,5,8],[2,6,8],[3,5,9],[3,6,7],
 [3,7,10],[3,9,10],[4,5,9],[4,5,10],[4,6,10],[4,7,9],[5,8,10],[6,8,9],
 [6,9,10],[7,8,9],[7,8,10]]

manifold_lex_d2_n10_o1_g2_#754=[[1,2,3],[1,2,4],[1,3,5],[1,4,6],[1,5,7],
 [1,6,7],[2,3,6],[2,4,7],[2,5,7],[2,5,8],[2,6,9],[2,8,9],[3,4,5],
 [3,4,8],[3,6,7],[3,7,9],[3,8,9],[4,5,6],[4,7,10],[4,8,10],[5,6,10],
 [5,8,10],[6,9,10],[7,9,10]]

manifold_lex_d2_n10_o1_g2_#755=[[1,2,3],[1,2,4],[1,3,5],[1,4,6],[1,5,7],
 [1,6,7],[2,3,6],[2,4,7],[2,5,7],[2,5,8],[2,6,9],[2,8,9],[3,4,5],
 [3,4,8],[3,6,7],[3,7,10],[3,8,9],[3,9,10],[4,5,10],[4,6,9],[4,7,8],
 [4,9,10],[5,8,10],[7,8,10]]

manifold_lex_d2_n10_o1_g2_#756=[[1,2,3],[1,2,4],[1,3,5],[1,4,6],[1,5,7],
 [1,6,7],[2,3,6],[2,4,7],[2,5,7],[2,5,8],[2,6,9],[2,8,9],[3,4,5],
 [3,4,8],[3,6,10],[3,8,9],[3,9,10],[4,5,9],[4,6,9],[4,7,8],[5,8,10],
 [5,9,10],[6,7,10],[7,8,10]]

manifold_lex_d2_n10_o1_g2_#757=[[1,2,3],[1,2,4],[1,3,5],[1,4,6],[1,5,7],
 [1,6,7],[2,3,6],[2,4,7],[2,5,7],[2,5,8],[2,6,9],[2,8,9],[3,4,5],
 [3,4,8],[3,6,10],[3,8,9],[3,9,10],[4,5,9],[4,6,9],[4,7,10],[4,8,10],
 [5,8,10],[5,9,10],[6,7,10]]

manifold_lex_d2_n10_o1_g2_#758=[[1,2,3],[1,2,4],[1,3,5],[1,4,6],[1,5,7],
 [1,6,7],[2,3,6],[2,4,7],[2,5,7],[2,5,8],[2,6,9],[2,8,9],[3,4,5],
 [3,4,8],[3,6,10],[3,8,9],[3,9,10],[4,5,10],[4,6,9],[4,7,8],[4,9,10],
 [5,8,10],[6,7,10],[7,8,10]]

manifold_lex_d2_n10_o1_g2_#759=[[1,2,3],[1,2,4],[1,3,5],[1,4,6],[1,5,7],
 [1,6,7],[2,3,6],[2,4,7],[2,5,7],[2,5,8],[2,6,9],[2,8,9],[3,4,5],
 [3,4,9],[3,6,7],[3,7,8],[3,8,10],[3,9,10],[4,5,10],[4,6,10],[4,7,9],
 [5,8,10],[6,9,10],[7,8,9]]

manifold_lex_d2_n10_o1_g2_#760=[[1,2,3],[1,2,4],[1,3,5],[1,4,6],[1,5,7],
 [1,6,7],[2,3,6],[2,4,7],[2,5,7],[2,5,8],[2,6,9],[2,8,9],[3,4,5],
 [3,4,9],[3,6,7],[3,7,10],[3,9,10],[4,5,10],[4,6,10],[4,7,8],[4,8,9],
 [5,8,10],[6,9,10],[7,8,10]]

manifold_lex_d2_n10_o1_g2_#761=[[1,2,3],[1,2,4],[1,3,5],[1,4,6],[1,5,7],
 [1,6,7],[2,3,6],[2,4,7],[2,5,7],[2,5,8],[2,6,9],[2,8,9],[3,4,5],
 [3,4,9],[3,6,8],[3,8,10],[3,9,10],[4,5,10],[4,6,10],[4,7,9],[5,8,10],
 [6,7,8],[6,9,10],[7,8,9]]

manifold_lex_d2_n10_o1_g2_#762=[[1,2,3],[1,2,4],[1,3,5],[1,4,6],[1,5,7],
 [1,6,7],[2,3,6],[2,4,7],[2,5,7],[2,5,8],[2,6,9],[2,8,9],[3,4,5],
 [3,4,10],[3,6,10],[4,5,9],[4,6,9],[4,7,10],[5,6,8],[5,6,10],[5,9,10],
 [6,7,8],[7,8,10],[8,9,10]]

manifold_lex_d2_n10_o1_g2_#763=[[1,2,3],[1,2,4],[1,3,5],[1,4,6],[1,5,7],
 [1,6,7],[2,3,6],[2,4,7],[2,5,7],[2,5,8],[2,6,9],[2,8,9],[3,4,8],
 [3,4,9],[3,5,9],[3,6,8],[4,5,8],[4,5,10],[4,6,9],[4,7,10],[5,9,10],
 [6,7,10],[6,8,10],[8,9,10]]

manifold_lex_d2_n10_o1_g2_#764=[[1,2,3],[1,2,4],[1,3,5],[1,4,6],[1,5,7],
 [1,6,7],[2,3,6],[2,4,7],[2,5,7],[2,5,8],[2,6,9],[2,8,9],[3,4,8],
 [3,4,9],[3,5,9],[3,6,10],[3,8,10],[4,5,8],[4,5,10],[4,6,9],[4,7,10],
 [5,9,10],[6,7,10],[8,9,10]]

manifold_lex_d2_n10_o1_g2_#765=[[1,2,3],[1,2,4],[1,3,5],[1,4,6],[1,5,7],
 [1,6,7],[2,3,6],[2,4,7],[2,5,7],[2,5,8],[2,6,9],[2,8,9],[3,4,8],
 [3,4,9],[3,5,10],[3,6,8],[3,9,10],[4,5,8],[4,5,10],[4,6,9],[4,7,10],
 [6,7,8],[7,8,10],[8,9,10]]

manifold_lex_d2_n10_o1_g2_#766=[[1,2,3],[1,2,4],[1,3,5],[1,4,6],[1,5,7],
 [1,6,7],[2,3,6],[2,4,7],[2,5,7],[2,5,8],[2,6,9],[2,8,9],[3,4,8],
 [3,4,9],[3,5,10],[3,6,8],[3,9,10],[4,5,8],[4,5,10],[4,6,9],[4,7,10],
 [6,7,10],[6,8,10],[8,9,10]]

manifold_lex_d2_n10_o1_g2_#767=[[1,2,3],[1,2,4],[1,3,5],[1,4,6],[1,5,7],
 [1,6,7],[2,3,6],[2,4,7],[2,5,7],[2,5,8],[2,6,9],[2,8,9],[3,4,8],
 [3,4,9],[3,5,10],[3,6,8],[3,9,10],[4,6,9],[4,7,10],[4,8,10],[5,8,10],
 [6,7,8],[7,8,9],[7,9,10]]

manifold_lex_d2_n10_o1_g2_#768=[[1,2,3],[1,2,4],[1,3,5],[1,4,6],[1,5,7],
 [1,6,7],[2,3,6],[2,4,7],[2,5,7],[2,5,8],[2,6,9],[2,8,9],[3,4,9],
 [3,4,10],[3,5,9],[3,6,8],[3,8,10],[4,6,9],[4,7,10],[5,8,10],[5,9,10],
 [6,7,8],[7,8,9],[7,9,10]]

manifold_lex_d2_n10_o1_g2_#769=[[1,2,3],[1,2,4],[1,3,5],[1,4,6],[1,5,7],
 [1,6,7],[2,3,6],[2,4,7],[2,5,7],[2,5,8],[2,6,9],[2,8,9],[3,4,9],
 [3,4,10],[3,5,10],[3,6,7],[3,7,9],[4,6,10],[4,7,8],[4,8,9],[5,8,10],
 [6,9,10],[7,8,10],[7,9,10]]

manifold_lex_d2_n10_o1_g2_#770=[[1,2,3],[1,2,4],[1,3,5],[1,4,6],[1,5,7],
 [1,6,7],[2,3,6],[2,4,7],[2,5,7],[2,5,8],[2,6,9],[2,8,9],[3,5,9],
 [3,6,7],[3,7,8],[3,8,10],[3,9,10],[4,5,9],[4,5,10],[4,6,10],[4,7,9],
 [5,8,10],[6,9,10],[7,8,9]]

manifold_lex_d2_n10_o1_g2_#771=[[1,2,3],[1,2,4],[1,3,5],[1,4,6],[1,5,7],
 [1,6,7],[2,3,6],[2,4,7],[2,5,7],[2,5,8],[2,6,9],[2,8,9],[3,5,9],
 [3,6,7],[3,7,10],[3,9,10],[4,5,9],[4,5,10],[4,6,10],[4,7,8],[4,8,9],
 [5,8,10],[6,9,10],[7,8,10]]

manifold_lex_d2_n10_o1_g2_#772=[[1,2,3],[1,2,4],[1,3,5],[1,4,6],[1,5,7],
 [1,6,7],[2,3,6],[2,4,7],[2,5,7],[2,5,8],[2,6,9],[2,8,9],[3,5,10],
 [3,6,7],[3,7,8],[3,8,10],[4,5,8],[4,5,9],[4,6,10],[4,7,9],[4,8,10],
 [5,9,10],[6,9,10],[7,8,9]]

manifold_lex_d2_n10_o1_g2_#773=[[1,2,3],[1,2,4],[1,3,5],[1,4,6],[1,5,7],
 [1,6,7],[2,3,6],[2,4,7],[2,5,7],[2,5,8],[2,6,9],[2,8,9],[3,5,10],
 [3,6,7],[3,7,10],[4,5,8],[4,5,9],[4,6,8],[4,7,9],[5,9,10],[6,8,10],
 [6,9,10],[7,8,9],[7,8,10]]

manifold_lex_d2_n10_o1_g2_#774=[[1,2,3],[1,2,4],[1,3,5],[1,4,6],[1,5,7],
 [1,6,7],[2,3,6],[2,4,7],[2,5,7],[2,5,8],[2,6,9],[2,8,10],[2,9,10],
 [3,4,5],[3,4,9],[3,6,10],[3,8,9],[3,8,10],[4,5,8],[4,6,8],[4,7,9],
 [6,7,10],[6,8,9],[7,9,10]]

manifold_lex_d2_n10_o1_g2_#775=[[1,2,3],[1,2,4],[1,3,5],[1,4,6],[1,5,7],
 [1,6,7],[2,3,6],[2,4,7],[2,5,7],[2,5,8],[2,6,9],[2,8,10],[2,9,10],
 [3,4,5],[3,4,10],[3,6,8],[3,8,9],[3,9,10],[4,5,9],[4,6,9],[4,7,10],
 [5,8,9],[6,7,8],[7,8,10]]

manifold_lex_d2_n10_o1_g2_#776=[[1,2,3],[1,2,4],[1,3,5],[1,4,6],[1,5,7],
 [1,6,7],[2,3,6],[2,4,7],[2,5,7],[2,5,8],[2,6,9],[2,8,10],[2,9,10],
 [3,4,5],[3,4,10],[3,6,8],[3,8,9],[3,9,10],[4,5,9],[4,6,9],[4,7,10],
 [5,8,9],[6,7,10],[6,8,10]]

manifold_lex_d2_n10_o1_g2_#777=[[1,2,3],[1,2,4],[1,3,5],[1,4,6],[1,5,7],
 [1,6,7],[2,3,6],[2,4,7],[2,5,7],[2,5,8],[2,6,9],[2,8,10],[2,9,10],
 [3,4,8],[3,4,9],[3,5,9],[3,6,8],[4,5,8],[4,5,10],[4,6,9],[4,7,10],
 [5,9,10],[6,7,8],[7,8,10]]

manifold_lex_d2_n10_o1_g2_#778=[[1,2,3],[1,2,4],[1,3,5],[1,4,6],[1,5,7],
 [1,6,7],[2,3,6],[2,4,7],[2,5,7],[2,5,8],[2,6,9],[2,8,10],[2,9,10],
 [3,4,8],[3,4,9],[3,5,9],[3,6,8],[4,5,8],[4,5,10],[4,6,9],[4,7,10],
 [5,9,10],[6,7,10],[6,8,10]]

manifold_lex_d2_n10_o1_g2_#779=[[1,2,3],[1,2,4],[1,3,5],[1,4,6],[1,5,7],
 [1,6,7],[2,3,6],[2,4,7],[2,5,7],[2,5,8],[2,6,9],[2,8,10],[2,9,10],
 [3,5,9],[3,6,10],[3,8,9],[3,8,10],[4,5,8],[4,5,9],[4,6,8],[4,7,9],
 [6,7,10],[6,8,9],[7,9,10]]

manifold_lex_d2_n10_o1_g2_#780=[[1,2,3],[1,2,4],[1,3,5],[1,4,6],[1,5,7],
 [1,6,7],[2,3,6],[2,4,7],[2,5,7],[2,5,8],[2,6,9],[2,8,10],[2,9,10],
 [3,5,9],[3,6,10],[3,8,9],[3,8,10],[4,5,8],[4,5,9],[4,6,8],[4,7,10],
 [4,9,10],[6,7,10],[6,8,9]]

manifold_lex_d2_n10_o1_g2_#781=[[1,2,3],[1,2,4],[1,3,5],[1,4,6],[1,5,7],
 [1,6,7],[2,3,6],[2,4,7],[2,5,7],[2,5,8],[2,6,9],[2,8,10],[2,9,10],
 [3,5,10],[3,6,8],[3,8,9],[3,9,10],[4,5,8],[4,5,10],[4,6,9],[4,7,10],
 [4,8,9],[6,7,8],[7,8,10]]

manifold_lex_d2_n10_o1_g2_#782=[[1,2,3],[1,2,4],[1,3,5],[1,4,6],[1,5,7],
 [1,6,7],[2,3,6],[2,4,7],[2,5,7],[2,5,8],[2,6,9],[2,8,10],[2,9,10],
 [3,5,10],[3,6,8],[3,8,9],[3,9,10],[4,5,9],[4,5,10],[4,6,9],[4,7,10],
 [5,8,9],[6,7,8],[7,8,10]]

manifold_lex_d2_n10_o1_g2_#783=[[1,2,3],[1,2,4],[1,3,5],[1,4,6],[1,5,7],
 [1,6,7],[2,3,6],[2,4,7],[2,5,8],[2,5,9],[2,6,8],[2,7,9],[3,4,7],
 [3,4,9],[3,5,8],[3,6,7],[3,8,9],[4,5,9],[4,5,10],[4,6,10],[5,7,10],
 [6,8,10],[7,9,10],[8,9,10]]

manifold_lex_d2_n10_o1_g2_#784=[[1,2,3],[1,2,4],[1,3,5],[1,4,6],[1,5,7],
 [1,6,7],[2,3,6],[2,4,7],[2,5,8],[2,5,9],[2,6,8],[2,7,9],[3,4,7],
 [3,4,9],[3,5,8],[3,6,7],[3,8,9],[4,6,10],[4,9,10],[5,7,10],[5,9,10],
 [6,8,10],[7,8,9],[7,8,10]]

manifold_lex_d2_n10_o1_g2_#785=[[1,2,3],[1,2,4],[1,3,5],[1,4,6],[1,5,7],
 [1,6,7],[2,3,6],[2,4,7],[2,5,8],[2,5,9],[2,6,8],[2,7,10],[2,9,10],
 [3,4,7],[3,4,8],[3,5,8],[3,6,7],[4,6,9],[4,8,9],[5,6,9],[5,6,10],
 [5,7,10],[6,8,10],[8,9,10]]

manifold_lex_d2_n10_o1_g2_#786=[[1,2,3],[1,2,4],[1,3,5],[1,4,6],[1,5,7],
 [1,6,7],[2,3,6],[2,4,7],[2,5,8],[2,5,9],[2,6,8],[2,7,10],[2,9,10],
 [3,4,7],[3,4,9],[3,5,10],[3,6,7],[3,9,10],[4,6,8],[4,8,9],[5,7,9],
 [5,8,10],[7,8,9],[7,8,10]]

manifold_lex_d2_n10_o1_g2_#787=[[1,2,3],[1,2,4],[1,3,5],[1,4,6],[1,5,7],
 [1,6,7],[2,3,6],[2,4,7],[2,5,8],[2,5,9],[2,6,8],[2,7,10],[2,9,10],
 [3,4,7],[3,4,9],[3,5,10],[3,6,7],[3,9,10],[4,6,9],[5,7,9],[5,8,10],
 [6,8,9],[7,8,9],[7,8,10]]

manifold_lex_d2_n10_o1_g2_#788=[[1,2,3],[1,2,4],[1,3,5],[1,4,6],[1,5,7],
 [1,6,7],[2,3,6],[2,4,7],[2,5,8],[2,5,9],[2,6,8],[2,7,10],[2,9,10],
 [3,4,7],[3,4,10],[3,5,10],[3,6,7],[4,6,9],[4,9,10],[5,7,9],[5,8,10],
 [6,8,9],[7,8,9],[7,8,10]]

manifold_lex_d2_n10_o1_g2_#789=[[1,2,3],[1,2,4],[1,3,5],[1,4,6],[1,5,7],
 [1,6,7],[2,3,6],[2,4,7],[2,5,8],[2,5,9],[2,6,8],[2,7,10],[2,9,10],
 [3,5,8],[3,6,7],[3,7,9],[3,8,10],[3,9,10],[4,5,9],[4,5,10],[4,6,8],
 [4,7,9],[4,8,10],[5,7,10]]

manifold_lex_d2_n10_o1_g2_#790=[[1,2,3],[1,2,4],[1,3,5],[1,4,6],[1,5,7],
 [1,6,7],[2,3,6],[2,4,7],[2,5,8],[2,5,9],[2,6,8],[2,7,10],[2,9,10],
 [3,5,8],[3,6,9],[3,8,10],[3,9,10],[4,5,9],[4,5,10],[4,6,8],[4,7,9],
 [4,8,10],[5,7,10],[6,7,9]]

manifold_lex_d2_n10_o1_g2_#791=[[1,2,3],[1,2,4],[1,3,5],[1,4,6],[1,5,7],
 [1,6,7],[2,3,6],[2,4,7],[2,5,8],[2,5,9],[2,6,10],[2,7,8],[2,9,10],
 [3,4,7],[3,4,9],[3,5,9],[3,6,7],[4,6,8],[4,8,9],[5,6,8],[5,6,10],
 [5,7,10],[7,8,10],[8,9,10]]

manifold_lex_d2_n10_o1_g2_#792=[[1,2,3],[1,2,4],[1,3,5],[1,4,6],[1,5,7],
 [1,6,7],[2,3,6],[2,4,7],[2,5,8],[2,5,9],[2,6,10],[2,7,8],[2,9,10],
 [3,4,7],[3,4,9],[3,5,9],[3,6,7],[4,6,8],[4,8,9],[5,7,10],[5,8,10],
 [6,8,10],[7,8,9],[7,9,10]]

manifold_lex_d2_n10_o1_g2_#793=[[1,2,3],[1,2,4],[1,3,5],[1,4,6],[1,5,7],
 [1,6,7],[2,3,6],[2,4,7],[2,6,8],[2,7,8],[3,4,7],[3,4,9],[3,5,8],
 [3,6,7],[3,8,9],[4,6,10],[4,9,10],[5,6,9],[5,6,10],[5,7,9],[5,8,10],
 [6,8,9],[7,8,10],[7,9,10]]

manifold_lex_d2_n10_o1_g2_#794=[[1,2,3],[1,2,4],[1,3,5],[1,4,6],[1,5,7],
 [1,6,7],[2,3,6],[2,4,7],[2,6,8],[2,7,8],[3,4,7],[3,4,9],[3,5,8],
 [3,6,7],[3,8,10],[3,9,10],[4,6,9],[5,6,9],[5,6,10],[5,7,10],[5,8,9],
 [6,8,10],[7,8,9],[7,9,10]]

manifold_lex_d2_n10_o1_g2_#795=[[1,2,3],[1,2,4],[1,3,5],[1,4,6],[1,5,7],
 [1,6,7],[2,3,6],[2,4,7],[2,6,8],[2,7,8],[3,4,7],[3,4,9],[3,5,10],
 [3,6,7],[3,8,9],[3,8,10],[4,6,9],[5,6,8],[5,6,10],[5,7,9],[5,8,9],
 [6,9,10],[7,8,10],[7,9,10]]

manifold_lex_d2_n10_o1_g2_#796=[[1,2,3],[1,2,4],[1,3,5],[1,4,6],[1,5,7],
 [1,6,7],[2,3,6],[2,4,7],[2,6,8],[2,7,8],[3,4,8],[3,4,9],[3,5,8],
 [3,6,9],[4,5,9],[4,5,10],[4,6,8],[4,7,10],[5,7,9],[5,8,10],[6,7,10],
 [6,9,10],[7,8,9],[8,9,10]]

manifold_lex_d2_n10_o1_g2_#797=[[1,2,3],[1,2,4],[1,3,5],[1,4,6],[1,5,7],
 [1,6,7],[2,3,6],[2,4,7],[2,6,8],[2,7,8],[3,5,9],[3,6,7],[3,7,10],
 [3,9,10],[4,5,8],[4,5,10],[4,6,9],[4,7,10],[4,8,9],[5,6,9],[5,6,10],
 [5,7,8],[6,8,10],[8,9,10]]

manifold_lex_d2_n10_o1_g2_#798=[[1,2,3],[1,2,4],[1,3,5],[1,4,6],[1,5,7],
 [1,6,7],[2,3,6],[2,4,7],[2,6,8],[2,7,9],[2,8,9],[3,4,5],[3,4,9],
 [3,6,10],[3,8,9],[3,8,10],[4,5,8],[4,6,8],[4,7,10],[4,9,10],[5,7,9],
 [5,8,10],[5,9,10],[6,7,10]]

manifold_lex_d2_n10_o1_g2_#799=[[1,2,3],[1,2,4],[1,3,5],[1,4,6],[1,5,7],
 [1,6,7],[2,3,6],[2,4,7],[2,6,8],[2,7,9],[2,8,9],[3,4,7],[3,4,8],
 [3,5,8],[3,6,7],[4,6,9],[4,8,10],[4,9,10],[5,6,9],[5,6,10],[5,7,10],
 [5,8,9],[6,8,10],[7,9,10]]

manifold_lex_d2_n10_o1_g2_#800=[[1,2,3],[1,2,4],[1,3,5],[1,4,6],[1,5,7],
 [1,6,7],[2,3,6],[2,4,7],[2,6,8],[2,7,9],[2,8,9],[3,4,7],[3,4,8],
 [3,5,9],[3,6,7],[3,8,9],[4,6,10],[4,8,10],[5,6,8],[5,6,9],[5,7,10],
 [5,8,10],[6,9,10],[7,9,10]]

manifold_lex_d2_n10_o1_g2_#801=[[1,2,3],[1,2,4],[1,3,5],[1,4,6],[1,5,7],
 [1,6,7],[2,3,6],[2,4,7],[2,6,8],[2,7,9],[2,8,9],[3,4,7],[3,4,8],
 [3,5,9],[3,6,7],[3,8,9],[4,6,10],[4,8,10],[5,6,8],[5,6,10],[5,7,8],
 [5,9,10],[7,8,10],[7,9,10]]

manifold_lex_d2_n10_o1_g2_#802=[[1,2,3],[1,2,4],[1,3,5],[1,4,6],[1,5,7],
 [1,6,7],[2,3,6],[2,4,7],[2,6,8],[2,7,9],[2,8,9],[3,4,7],[3,4,8],
 [3,5,10],[3,6,7],[3,8,9],[3,9,10],[4,5,8],[4,5,9],[4,6,10],[4,9,10],
 [5,7,9],[5,8,10],[6,8,10]]

manifold_lex_d2_n10_o1_g2_#803=[[1,2,3],[1,2,4],[1,3,5],[1,4,6],[1,5,7],
 [1,6,7],[2,3,6],[2,4,7],[2,6,8],[2,7,9],[2,8,9],[3,4,7],[3,4,8],
 [3,5,10],[3,6,7],[3,8,10],[4,5,8],[4,5,9],[4,6,10],[4,9,10],[5,6,8],
 [5,6,10],[5,7,9],[8,9,10]]

manifold_lex_d2_n10_o1_g2_#804=[[1,2,3],[1,2,4],[1,3,5],[1,4,6],[1,5,7],
 [1,6,7],[2,3,6],[2,4,7],[2,6,8],[2,7,9],[2,8,9],[3,4,7],[3,4,9],
 [3,5,8],[3,6,7],[3,8,10],[3,9,10],[4,5,9],[4,5,10],[4,6,10],[5,7,10],
 [5,8,9],[6,8,10],[7,9,10]]

manifold_lex_d2_n10_o1_g2_#805=[[1,2,3],[1,2,4],[1,3,5],[1,4,6],[1,5,7],
 [1,6,7],[2,3,6],[2,4,7],[2,6,8],[2,7,9],[2,8,9],[3,4,8],[3,4,9],
 [3,5,8],[3,6,9],[4,5,9],[4,5,10],[4,6,8],[4,7,10],[5,7,9],[5,8,10],
 [6,7,10],[6,9,10],[8,9,10]]

manifold_lex_d2_n10_o1_g2_#806=[[1,2,3],[1,2,4],[1,3,5],[1,4,6],[1,5,7],
 [1,6,7],[2,3,6],[2,4,7],[2,6,8],[2,7,9],[2,8,9],[3,4,8],[3,4,9],
 [3,5,8],[3,6,10],[3,9,10],[4,5,9],[4,5,10],[4,6,8],[4,7,10],[5,7,9],
 [5,8,10],[6,7,10],[8,9,10]]

manifold_lex_d2_n10_o1_g2_#807=[[1,2,3],[1,2,4],[1,3,5],[1,4,6],[1,5,7],
 [1,6,7],[2,3,6],[2,4,7],[2,6,8],[2,7,9],[2,8,9],[3,5,10],[3,6,7],
 [3,7,8],[3,8,9],[3,9,10],[4,5,8],[4,5,9],[4,6,10],[4,7,8],[4,9,10],
 [5,7,9],[5,8,10],[6,8,10]]

manifold_lex_d2_n10_o1_g2_#808=[[1,2,3],[1,2,4],[1,3,5],[1,4,6],[1,5,7],
 [1,6,7],[2,3,6],[2,4,7],[2,6,8],[2,7,9],[2,8,9],[3,5,10],[3,6,7],
 [3,7,8],[3,8,10],[4,5,8],[4,5,9],[4,6,10],[4,7,8],[4,9,10],[5,6,8],
 [5,6,10],[5,7,9],[8,9,10]]

manifold_lex_d2_n10_o1_g2_#809=[[1,2,3],[1,2,4],[1,3,5],[1,4,6],[1,5,7],
 [1,6,7],[2,3,6],[2,4,7],[2,6,8],[2,7,9],[2,8,9],[3,5,10],[3,6,7],
 [3,7,10],[4,5,8],[4,5,9],[4,6,9],[4,7,8],[5,6,8],[5,6,10],[5,7,9],
 [6,9,10],[7,8,10],[8,9,10]]

manifold_lex_d2_n10_o1_g2_#810=[[1,2,3],[1,2,4],[1,3,5],[1,4,6],[1,5,7],
 [1,6,7],[2,3,6],[2,4,7],[2,6,8],[2,7,9],[2,8,9],[3,5,10],[3,6,7],
 [3,7,10],[4,5,8],[4,5,9],[4,6,9],[4,7,10],[4,8,10],[5,6,8],[5,6,10],
 [5,7,9],[6,9,10],[8,9,10]]

manifold_lex_d2_n10_o1_g2_#811=[[1,2,3],[1,2,4],[1,3,5],[1,4,6],[1,5,7],
 [1,6,7],[2,3,6],[2,4,7],[2,6,8],[2,7,9],[2,8,9],[3,5,10],[3,6,7],
 [3,7,10],[4,5,8],[4,5,9],[4,6,10],[4,7,8],[4,9,10],[5,6,8],[5,6,10],
 [5,7,9],[7,8,10],[8,9,10]]

manifold_lex_d2_n10_o1_g2_#812=[[1,2,3],[1,2,4],[1,3,5],[1,4,6],[1,5,7],
 [1,6,7],[2,3,6],[2,4,7],[2,6,8],[2,7,9],[2,8,10],[2,9,10],[3,4,5],
 [3,4,10],[3,6,9],[3,8,9],[3,8,10],[4,5,8],[4,6,8],[4,7,10],[5,7,9],
 [5,8,9],[6,7,10],[6,9,10]]

manifold_lex_d2_n10_o1_g2_#813=[[1,2,3],[1,2,4],[1,3,5],[1,4,6],[1,5,7],
 [1,6,7],[2,3,6],[2,4,7],[2,6,8],[2,7,9],[2,8,10],[2,9,10],[3,4,7],
 [3,4,8],[3,5,8],[3,6,7],[4,6,10],[4,8,9],[4,9,10],[5,6,9],[5,6,10],
 [5,7,9],[5,8,10],[6,8,9]]

manifold_lex_d2_n10_o1_g2_#814=[[1,2,3],[1,2,4],[1,3,5],[1,4,6],[1,5,7],
 [1,6,7],[2,3,6],[2,4,7],[2,6,8],[2,7,9],[2,8,10],[2,9,10],[3,4,7],
 [3,4,8],[3,5,10],[3,6,7],[3,8,10],[4,6,9],[4,8,9],[5,6,8],[5,6,10],
 [5,7,9],[5,8,9],[6,9,10]]

manifold_lex_d2_n10_o1_g2_#815=[[1,2,3],[1,2,4],[1,3,5],[1,4,6],[1,5,7],
 [1,6,7],[2,3,6],[2,4,7],[2,6,8],[2,7,9],[2,8,10],[2,9,10],[3,4,7],
 [3,4,8],[3,5,10],[3,6,7],[3,8,10],[4,6,10],[4,8,9],[4,9,10],[5,6,8],
 [5,6,10],[5,7,9],[5,8,9]]

manifold_lex_d2_n10_o1_g2_#816=[[1,2,3],[1,2,4],[1,3,5],[1,4,6],[1,5,7],
 [1,6,7],[2,3,6],[2,4,7],[2,6,8],[2,7,9],[2,8,10],[2,9,10],[3,4,7],
 [3,4,10],[3,5,10],[3,6,7],[4,6,9],[4,8,9],[4,8,10],[5,6,8],[5,6,9],
 [5,7,8],[5,9,10],[7,8,9]]

manifold_lex_d2_n10_o1_g2_#817=[[1,2,3],[1,2,4],[1,3,5],[1,4,6],[1,5,7],
 [1,6,7],[2,3,6],[2,4,7],[2,6,8],[2,7,9],[2,8,10],[2,9,10],[3,4,7],
 [3,4,10],[3,5,10],[3,6,7],[4,6,9],[4,8,9],[4,8,10],[5,6,8],[5,6,10],
 [5,7,9],[5,8,9],[6,9,10]]

manifold_lex_d2_n10_o1_g2_#818=[[1,2,3],[1,2,4],[1,3,5],[1,4,6],[1,5,7],
 [1,6,7],[2,3,6],[2,4,7],[2,6,8],[2,7,9],[2,8,10],[2,9,10],[3,4,8],
 [3,4,9],[3,5,8],[3,6,9],[4,5,9],[4,5,10],[4,6,8],[4,7,10],[5,7,9],
 [5,8,10],[6,7,10],[6,9,10]]

manifold_lex_d2_n10_o1_g2_#819=[[1,2,3],[1,2,4],[1,3,5],[1,4,6],[1,5,7],
 [1,6,7],[2,3,6],[2,4,7],[2,6,8],[2,7,9],[2,8,10],[2,9,10],[3,4,8],
 [3,4,9],[3,5,8],[3,6,10],[3,9,10],[4,5,9],[4,5,10],[4,6,8],[4,7,10],
 [5,7,9],[5,8,10],[6,7,10]]

manifold_lex_d2_n10_o1_g2_#820=[[1,2,3],[1,2,4],[1,3,5],[1,4,6],[1,5,7],
 [1,6,7],[2,3,6],[2,4,7],[2,6,8],[2,7,9],[2,8,10],[2,9,10],[3,5,8],
 [3,6,7],[3,7,10],[3,8,9],[3,9,10],[4,5,9],[4,5,10],[4,6,8],[4,7,10],
 [4,8,9],[5,7,9],[5,8,10]]

manifold_lex_d2_n10_o1_g2_#821=[[1,2,3],[1,2,4],[1,3,5],[1,4,6],[1,5,7],
 [1,6,7],[2,3,6],[2,4,7],[2,6,8],[2,7,9],[2,8,10],[2,9,10],[3,5,8],
 [3,6,7],[3,7,10],[3,8,9],[3,9,10],[4,5,9],[4,5,10],[4,6,9],[4,7,10],
 [5,7,9],[5,8,10],[6,8,9]]

manifold_lex_d2_n10_o1_g2_#822=[[1,2,3],[1,2,4],[1,3,5],[1,4,6],[1,5,7],
 [1,6,7],[2,3,6],[2,4,7],[2,6,8],[2,7,9],[2,8,10],[2,9,10],[3,5,8],
 [3,6,9],[3,8,9],[4,5,9],[4,5,10],[4,6,8],[4,7,10],[4,8,9],[5,7,9],
 [5,8,10],[6,7,10],[6,9,10]]

manifold_lex_d2_n10_o1_g2_#823=[[1,2,3],[1,2,4],[1,3,5],[1,4,6],[1,5,7],
 [1,6,7],[2,3,6],[2,4,7],[2,6,8],[2,7,9],[2,8,10],[2,9,10],[3,5,8],
 [3,6,10],[3,8,9],[3,9,10],[4,5,8],[4,5,9],[4,6,9],[4,7,10],[4,8,10],
 [5,7,9],[6,7,10],[6,8,9]]

manifold_lex_d2_n10_o1_g2_#824=[[1,2,3],[1,2,4],[1,3,5],[1,4,6],[1,5,7],
 [1,6,7],[2,3,6],[2,4,7],[2,6,8],[2,7,9],[2,8,10],[2,9,10],[3,5,8],
 [3,6,10],[3,8,9],[3,9,10],[4,5,9],[4,5,10],[4,6,8],[4,7,10],[4,8,9],
 [5,7,9],[5,8,10],[6,7,10]]

manifold_lex_d2_n10_o1_g2_#825=[[1,2,3],[1,2,4],[1,3,5],[1,4,6],[1,5,7],
 [1,6,7],[2,3,6],[2,4,7],[2,6,8],[2,7,9],[2,8,10],[2,9,10],[3,5,9],
 [3,6,10],[3,9,10],[4,6,9],[4,7,10],[4,8,9],[4,8,10],[5,6,8],[5,6,9],
 [5,7,8],[6,7,10],[7,8,9]]

manifold_lex_d2_n10_o1_g2_#826=[[1,2,3],[1,2,4],[1,3,5],[1,4,6],[1,5,7],
 [1,6,7],[2,3,6],[2,4,7],[2,6,8],[2,7,9],[2,8,10],[2,9,10],[3,5,10],
 [3,6,7],[3,7,8],[3,8,10],[4,5,8],[4,5,9],[4,6,9],[4,7,8],[5,6,8],
 [5,6,10],[5,7,9],[6,9,10]]

manifold_lex_d2_n10_o1_g2_#827=[[1,2,3],[1,2,4],[1,3,5],[1,4,6],[1,5,7],
 [1,6,7],[2,3,6],[2,4,7],[2,6,8],[2,7,9],[2,8,10],[2,9,10],[3,5,10],
 [3,6,7],[3,7,8],[3,8,10],[4,6,9],[4,7,8],[4,8,9],[5,6,8],[5,6,10],
 [5,7,9],[5,8,9],[6,9,10]]

manifold_lex_d2_n10_o1_g2_#828=[[1,2,3],[1,2,4],[1,3,5],[1,4,6],[1,5,7],
 [1,6,7],[2,3,6],[2,4,7],[2,6,8],[2,7,9],[2,8,10],[2,9,10],[3,5,10],
 [3,6,7],[3,7,8],[3,8,10],[4,6,10],[4,7,8],[4,8,9],[4,9,10],[5,6,9],
 [5,6,10],[5,7,9],[6,8,9]]

manifold_lex_d2_n10_o1_g2_#829=[[1,2,3],[1,2,4],[1,3,5],[1,4,6],[1,5,7],
 [1,6,7],[2,3,6],[2,4,7],[2,6,8],[2,7,9],[2,8,10],[2,9,10],[3,5,10],
 [3,6,7],[3,7,10],[4,5,8],[4,5,9],[4,6,9],[4,7,8],[5,6,8],[5,6,10],
 [5,7,9],[6,9,10],[7,8,10]]

manifold_lex_d2_n10_o1_g2_#830=[[1,2,3],[1,2,4],[1,3,5],[1,4,6],[1,5,7],
 [1,6,7],[2,3,6],[2,4,7],[2,6,8],[2,7,9],[2,8,10],[2,9,10],[3,5,10],
 [3,6,7],[3,7,10],[4,6,9],[4,7,10],[4,8,9],[4,8,10],[5,6,8],[5,6,9],
 [5,7,8],[5,9,10],[7,8,9]]

manifold_lex_d2_n10_o1_g2_#831=[[1,2,3],[1,2,4],[1,3,5],[1,4,6],[1,5,7],
 [1,6,7],[2,3,6],[2,4,7],[2,6,8],[2,7,9],[2,8,10],[2,9,10],[3,5,10],
 [3,6,9],[3,8,9],[3,8,10],[4,5,8],[4,5,10],[4,6,8],[4,7,10],[5,7,9],
 [5,8,9],[6,7,10],[6,9,10]]

manifold_lex_d2_n10_o1_g2_#832=[[1,2,3],[1,2,4],[1,3,5],[1,4,6],[1,5,7],
 [1,6,7],[2,3,6],[2,4,8],[2,5,6],[2,5,7],[2,7,8],[3,4,9],[3,4,10],
 [3,5,8],[3,6,9],[3,7,8],[3,7,10],[4,6,10],[4,8,9],[5,6,10],[5,8,9],
 [5,9,10],[6,7,9],[7,9,10]]

manifold_lex_d2_n10_o1_g2_#833=[[1,2,3],[1,2,4],[1,3,5],[1,4,6],[1,5,7],
 [1,6,7],[2,3,6],[2,4,8],[2,5,6],[2,5,7],[2,7,8],[3,4,9],[3,4,10],
 [3,5,8],[3,6,9],[3,7,8],[3,7,10],[4,6,10],[4,8,9],[5,6,10],[5,8,10],
 [6,7,9],[7,9,10],[8,9,10]]

manifold_lex_d2_n10_o1_g2_#834=[[1,2,3],[1,2,4],[1,3,5],[1,4,6],[1,5,7],
 [1,6,7],[2,3,6],[2,4,8],[2,5,6],[2,5,7],[2,7,8],[3,4,9],[3,4,10],
 [3,5,8],[3,6,9],[3,8,10],[4,6,10],[4,8,9],[5,6,10],[5,8,9],[5,9,10],
 [6,7,9],[7,8,10],[7,9,10]]

manifold_lex_d2_n10_o1_g2_#835=[[1,2,3],[1,2,4],[1,3,5],[1,4,6],[1,5,7],
 [1,6,7],[2,3,6],[2,4,8],[2,5,6],[2,5,7],[2,7,9],[2,8,9],[3,4,7],
 [3,4,8],[3,5,9],[3,6,8],[3,7,9],[4,5,6],[4,5,10],[4,7,10],[5,9,10],
 [6,7,10],[6,8,10],[8,9,10]]

manifold_lex_d2_n10_o1_g2_#836=[[1,2,3],[1,2,4],[1,3,5],[1,4,6],[1,5,7],
 [1,6,7],[2,3,6],[2,4,8],[2,5,6],[2,5,7],[2,7,9],[2,8,9],[3,4,7],
 [3,4,8],[3,5,9],[3,6,8],[3,7,9],[4,6,10],[4,7,10],[5,6,10],[5,9,10],
 [6,7,8],[7,8,10],[8,9,10]]

manifold_lex_d2_n10_o1_g2_#837=[[1,2,3],[1,2,4],[1,3,5],[1,4,6],[1,5,7],
 [1,6,7],[2,3,6],[2,4,8],[2,5,6],[2,5,7],[2,7,9],[2,8,9],[3,4,8],
 [3,4,10],[3,5,9],[3,6,8],[3,9,10],[4,5,6],[4,5,10],[5,8,9],[5,8,10],
 [6,7,10],[6,8,10],[7,9,10]]

manifold_lex_d2_n10_o1_g2_#838=[[1,2,3],[1,2,4],[1,3,5],[1,4,6],[1,5,7],
 [1,6,7],[2,3,6],[2,4,8],[2,5,6],[2,5,7],[2,7,9],[2,8,10],[2,9,10],
 [3,5,8],[3,6,10],[3,8,10],[4,6,9],[4,7,8],[4,7,10],[4,9,10],[5,6,9],
 [5,8,9],[6,7,10],[7,8,9]]

manifold_lex_d2_n10_o1_g2_#839=[[1,2,3],[1,2,4],[1,3,5],[1,4,6],[1,5,7],
 [1,6,7],[2,3,6],[2,4,8],[2,5,6],[2,5,7],[2,7,9],[2,8,10],[2,9,10],
 [3,5,9],[3,6,8],[3,8,9],[4,6,10],[4,7,9],[4,7,10],[4,8,9],[5,6,10],
 [5,9,10],[6,7,8],[7,8,10]]

manifold_lex_d2_n10_o1_g2_#840=[[1,2,3],[1,2,4],[1,3,5],[1,4,6],[1,5,7],
 [1,6,7],[2,3,6],[2,4,8],[2,5,6],[2,5,9],[2,7,8],[2,7,9],[3,5,10],
 [3,6,8],[3,8,9],[3,9,10],[4,5,7],[4,5,8],[4,6,10],[4,7,10],[5,6,10],
 [5,8,9],[6,7,8],[7,9,10]]

manifold_lex_d2_n10_o1_g2_#841=[[1,2,3],[1,2,4],[1,3,5],[1,4,6],[1,5,7],
 [1,6,7],[2,3,6],[2,4,8],[2,5,6],[2,5,9],[2,7,8],[2,7,9],[3,5,10],
 [3,6,8],[3,8,9],[3,9,10],[4,5,7],[4,5,9],[4,6,10],[4,7,10],[4,8,9],
 [5,6,10],[6,7,8],[7,9,10]]

manifold_lex_d2_n10_o1_g2_#842=[[1,2,3],[1,2,4],[1,3,5],[1,4,6],[1,5,7],
 [1,6,7],[2,3,6],[2,4,8],[2,5,6],[2,5,9],[2,7,8],[2,7,10],[2,9,10],
 [3,5,10],[3,6,8],[3,8,9],[3,9,10],[4,5,7],[4,5,9],[4,6,10],[4,7,10],
 [4,8,9],[5,6,10],[6,7,8]]

manifold_lex_d2_n10_o1_g2_#843=[[1,2,3],[1,2,4],[1,3,5],[1,4,6],[1,5,7],
 [1,6,7],[2,3,6],[2,4,8],[2,5,6],[2,5,9],[2,7,8],[2,7,10],[2,9,10],
 [3,5,10],[3,6,8],[3,8,9],[3,9,10],[4,6,10],[4,7,9],[4,7,10],[4,8,9],
 [5,6,10],[5,7,9],[6,7,8]]

manifold_lex_d2_n10_o1_g2_#844=[[1,2,3],[1,2,4],[1,3,5],[1,4,6],[1,5,7],
 [1,6,7],[2,3,6],[2,4,8],[2,5,6],[2,5,9],[2,8,9],[3,4,8],[3,4,9],
 [3,5,10],[3,6,8],[3,9,10],[4,6,10],[4,7,9],[4,7,10],[5,6,10],[5,7,9],
 [6,7,8],[7,8,10],[8,9,10]]

manifold_lex_d2_n10_o1_g2_#845=[[1,2,3],[1,2,4],[1,3,5],[1,4,6],[1,5,7],
 [1,6,7],[2,3,6],[2,4,8],[2,5,6],[2,5,9],[2,8,10],[2,9,10],[3,4,8],
 [3,4,10],[3,5,10],[3,6,7],[3,7,8],[4,6,9],[4,9,10],[5,6,10],[5,7,9],
 [6,8,9],[6,8,10],[7,8,9]]

manifold_lex_d2_n10_o1_g2_#846=[[1,2,3],[1,2,4],[1,3,5],[1,4,6],[1,5,7],
 [1,6,7],[2,3,6],[2,4,8],[2,5,6],[2,5,9],[2,8,10],[2,9,10],[3,5,8],
 [3,6,7],[3,7,10],[3,8,10],[4,6,9],[4,7,8],[4,7,10],[4,9,10],[5,6,8],
 [5,7,9],[6,8,9],[7,8,9]]

manifold_lex_d2_n10_o1_g2_#847=[[1,2,3],[1,2,4],[1,3,5],[1,4,6],[1,5,7],
 [1,6,7],[2,3,6],[2,4,8],[2,5,6],[2,5,9],[2,8,10],[2,9,10],[3,5,8],
 [3,6,7],[3,7,10],[3,8,10],[4,6,10],[4,7,9],[4,7,10],[4,8,9],[5,6,8],
 [5,7,9],[6,8,9],[6,9,10]]

manifold_lex_d2_n10_o1_g2_#848=[[1,2,3],[1,2,4],[1,3,5],[1,4,6],[1,5,7],
 [1,6,7],[2,3,6],[2,4,8],[2,5,6],[2,5,9],[2,8,10],[2,9,10],[3,5,10],
 [3,6,8],[3,8,9],[3,9,10],[4,6,10],[4,7,9],[4,7,10],[4,8,9],[5,6,10],
 [5,7,9],[6,7,8],[7,8,10]]

manifold_lex_d2_n10_o1_g2_#849=[[1,2,3],[1,2,4],[1,3,5],[1,4,6],[1,5,7],
 [1,6,7],[2,3,6],[2,4,8],[2,5,7],[2,5,9],[2,6,9],[2,7,8],[3,4,9],
 [3,4,10],[3,5,8],[3,6,10],[3,7,8],[3,7,9],[4,6,9],[4,8,10],[5,8,10],
 [5,9,10],[6,7,10],[7,9,10]]

manifold_lex_d2_n10_o1_g2_#850=[[1,2,3],[1,2,4],[1,3,5],[1,4,6],[1,5,7],
 [1,6,7],[2,3,6],[2,4,8],[2,5,7],[2,5,9],[2,6,9],[2,7,8],[3,4,9],
 [3,4,10],[3,5,8],[3,6,10],[3,8,9],[4,5,8],[4,5,10],[4,6,9],[5,9,10],
 [6,7,10],[7,8,10],[8,9,10]]

manifold_lex_d2_n10_o1_g2_#851=[[1,2,3],[1,2,4],[1,3,5],[1,4,6],[1,5,7],
 [1,6,7],[2,3,6],[2,4,8],[2,5,7],[2,5,9],[2,6,9],[2,7,8],[3,4,9],
 [3,4,10],[3,5,8],[3,6,10],[3,8,9],[4,6,9],[4,8,10],[5,8,10],[5,9,10],
 [6,7,10],[7,8,9],[7,9,10]]

manifold_lex_d2_n10_o1_g2_#852=[[1,2,3],[1,2,4],[1,3,5],[1,4,6],[1,5,7],
 [1,6,7],[2,3,6],[2,4,8],[2,5,7],[2,5,9],[2,6,9],[2,7,10],[2,8,10],
 [3,4,8],[3,4,10],[3,5,10],[3,6,8],[4,6,9],[4,7,9],[4,7,10],[5,9,10],
 [6,7,8],[7,8,9],[8,9,10]]

manifold_lex_d2_n10_o1_g2_#853=[[1,2,3],[1,2,4],[1,3,5],[1,4,6],[1,5,7],
 [1,6,7],[2,3,6],[2,4,8],[2,5,7],[2,5,9],[2,6,9],[2,7,10],[2,8,10],
 [3,4,8],[3,4,10],[3,5,10],[3,6,8],[4,6,9],[4,9,10],[5,8,9],[5,8,10],
 [6,7,8],[7,8,9],[7,9,10]]

manifold_lex_d2_n10_o1_g2_#854=[[1,2,3],[1,2,4],[1,3,5],[1,4,6],[1,5,7],
 [1,6,7],[2,3,6],[2,4,8],[2,5,7],[2,5,9],[2,6,10],[2,7,8],[2,9,10],
 [3,4,9],[3,4,10],[3,5,8],[3,6,9],[3,8,10],[4,5,8],[4,5,9],[4,6,10],
 [6,7,9],[7,8,10],[7,9,10]]

manifold_lex_d2_n10_o1_g2_#855=[[1,2,3],[1,2,4],[1,3,5],[1,4,6],[1,5,7],
 [1,6,7],[2,3,6],[2,4,8],[2,5,8],[2,5,9],[2,6,10],[2,7,9],[2,7,10],
 [3,4,8],[3,4,9],[3,5,9],[3,6,8],[4,6,10],[4,9,10],[5,7,10],[5,8,10],
 [6,7,8],[7,8,9],[8,9,10]]

manifold_lex_d2_n10_o1_g2_#856=[[1,2,3],[1,2,4],[1,3,5],[1,4,6],[1,5,7],
 [1,6,7],[2,3,6],[2,4,8],[2,6,9],[2,7,8],[2,7,9],[3,4,9],[3,4,10],
 [3,5,8],[3,6,10],[3,8,9],[4,5,8],[4,5,10],[4,6,9],[5,7,9],[5,9,10],
 [6,7,10],[7,8,10],[8,9,10]]

manifold_lex_d2_n10_o1_g2_#857=[[1,2,3],[1,2,4],[1,3,5],[1,4,6],[1,5,7],
 [1,6,7],[2,3,6],[2,4,8],[2,6,9],[2,7,8],[2,7,9],[3,4,9],[3,4,10],
 [3,5,8],[3,6,10],[3,8,9],[4,5,8],[4,5,10],[4,6,9],[5,7,10],[6,7,8],
 [6,8,10],[7,9,10],[8,9,10]]

manifold_lex_d2_n10_o1_g2_#858=[[1,2,3],[1,2,4],[1,3,5],[1,4,6],[1,5,7],
 [1,6,7],[2,3,6],[2,4,8],[2,6,9],[2,7,8],[2,7,9],[3,4,9],[3,4,10],
 [3,5,9],[3,6,10],[4,5,8],[4,5,10],[4,6,9],[5,7,10],[5,8,9],[6,7,8],
 [6,8,10],[7,9,10],[8,9,10]]

manifold_lex_d2_n10_o1_g2_#859=[[1,2,3],[1,2,4],[1,3,5],[1,4,6],[1,5,7],
 [1,6,7],[2,3,6],[2,4,8],[2,6,9],[2,7,8],[2,7,9],[3,5,10],[3,6,8],
 [3,8,10],[4,5,7],[4,5,9],[4,6,10],[4,7,10],[4,8,9],[5,6,9],[5,6,10],
 [6,7,8],[7,9,10],[8,9,10]]

manifold_lex_d2_n10_o1_g2_#860=[[1,2,3],[1,2,4],[1,3,5],[1,4,6],[1,5,7],
 [1,6,7],[2,3,6],[2,4,8],[2,6,9],[2,7,8],[2,7,10],[2,9,10],[3,4,9],
 [3,4,10],[3,5,9],[3,6,8],[3,8,10],[4,5,8],[4,5,10],[4,6,9],[5,7,10],
 [5,8,9],[6,7,8],[8,9,10]]

manifold_lex_d2_n10_o1_g2_#861=[[1,2,3],[1,2,4],[1,3,5],[1,4,6],[1,5,7],
 [1,6,7],[2,3,6],[2,4,8],[2,6,9],[2,7,8],[2,7,10],[2,9,10],[3,5,10],
 [3,6,8],[3,8,10],[4,6,10],[4,7,9],[4,7,10],[4,8,9],[5,6,9],[5,6,10],
 [5,7,9],[6,7,8],[8,9,10]]

manifold_lex_d2_n10_o1_g2_#862=[[1,2,3],[1,2,4],[1,3,5],[1,4,6],[1,5,7],
 [1,6,7],[2,3,8],[2,4,9],[2,5,6],[2,5,8],[2,6,10],[2,9,10],[3,4,7],
 [3,4,10],[3,5,10],[3,7,8],[4,6,10],[4,7,9],[5,6,9],[5,7,9],[5,8,10],
 [6,7,8],[6,8,9],[8,9,10]]

manifold_lex_d2_n10_o1_g2_#863=[[1,2,3],[1,2,4],[1,3,5],[1,4,6],[1,5,7],
 [1,6,8],[1,7,8],[2,3,6],[2,4,5],[2,5,8],[2,6,7],[2,7,8],[3,4,9],
 [3,4,10],[3,5,9],[3,6,10],[4,5,10],[4,6,9],[5,7,10],[5,8,9],[6,7,9],
 [6,8,10],[7,9,10],[8,9,10]]

manifold_lex_d2_n10_o1_g2_#864=[[1,2,3],[1,2,4],[1,3,5],[1,4,6],[1,5,7],
 [1,6,8],[1,7,8],[2,3,6],[2,4,7],[2,5,7],[2,5,8],[2,6,9],[2,8,9],
 [3,4,9],[3,4,10],[3,5,9],[3,6,10],[4,6,9],[4,7,10],[5,8,10],[5,9,10],
 [6,8,10],[7,8,9],[7,9,10]]

manifold_lex_d2_n10_o1_g2_#865=[[1,2,3],[1,2,4],[1,3,5],[1,4,6],[1,5,7],
 [1,6,8],[1,7,8],[2,3,6],[2,4,8],[2,5,6],[2,5,9],[2,7,8],[2,7,10],
 [2,9,10],[3,5,10],[3,6,8],[3,8,9],[3,9,10],[4,6,10],[4,7,9],[4,7,10],
 [4,8,9],[5,6,10],[5,7,9]]
